# Loss-of-exclusivity dates outside the US, as each filer states them in its own FY2025
# annual report (10-K or 20-F), one row per product per market.
#
# The US date comes from the Orange and Purple Books and the filer's US table
# (disclosed_loe.csv). Outside the US there is no book, and the filer's patent table is
# the only free statement of when a market opens: Merck prints Keytruda's EU, Japan and
# China dates beside the US one, BMS its estimated minimum market exclusivity by
# region. regional_loe.py applies each date to the share of the product's sales the
# filer reports in that region.
#
# Read off the filing, never estimated. Every row carries the accession and a verbatim
# quote (table cells joined by " | ", separate passages by " ... "), checked word for
# word against the filed document. region is EU (Europe, major European markets), JP,
# CN, CA, BR, IN, or ROW where the filer names a group. loe is as precise as the filing:
# a year, a month, or a day; "expired" where it says exclusivity has gone without a
# year. The date is when the filer says exclusivity ends: its estimated minimum market
# exclusivity where it gives one, otherwise the later of the compound patent with any
# granted SPC and regulatory data protection. Pending extensions are in the note and
# not taken, except where the filer's own dates include them and it does not say which
# (Lilly, Incyte), which the note records.
ticker,brand,region,loe,basis,accession,quote,note
AMGN,Prolia,EU,expired,RANKL antibody patents expired (select countries),0000318154-26-000010,"Our patents for RANKL antibodies, including sequences, for Prolia expired in February 2025 in the United States and in November 2025 in select countries in Europe.",Expired November 2025 in select countries in Europe. Filing states multiple biosimilars have launched in the United States and ROW.
AMGN,Xgeva,EU,expired,RANKL antibody patents expired (select countries),0000318154-26-000010,"Our patents for RANKL antibodies, including sequences, for XGEVA expired in February 2025 in the United States and in November 2025 in select countries in Europe.",Expired November 2025 in select countries in Europe. Filing states multiple biosimilars have launched in the United States and ROW.
AMGN,Repatha,EU,2031,compound patent with SPC,0000318154-26-000010,"Repatha® (evolocumab) U.S. Antibodies 8/27/2029 U.S. Methods of treatment 5/10/2032 Europe Compositions(1) 8/22/2028 ... evolocumab — France, Italy, Spain and the United Kingdom, expiring in 2031","Europe compositions patent 2028-08-22; SPCs issued in at least France, Italy, Spain and the UK expire 2031. Later Europe patents: methods of treatment 2032-05-10, formulation 2033-05-03. Sanofi and Regeneron infringement actions against Repatha pending in Germany and at the UPC."
AMGN,Evenity,EU,2031,compound patent with SPC,0000318154-26-000010,"EVENITY® (romosozumab-aqqg) ... Europe Antibodies(1) 4/28/2026 Europe Formulation and methods of using formulation 5/11/2031 Europe Methods of treatment 4/18/2032 ... romosozumab — France, Germany, Italy, Spain and the United Kingdom, expiring in 2031","Europe antibodies patent 2026-04-28; SPCs issued in at least France, Germany, Italy, Spain and the UK expire 2031. Later Europe patents: formulation 2031-05-11, methods of treatment 2032-04-18. UCB leads commercialization in most European countries."
AMGN,Tepezza,EU,2035,regulatory exclusivity,0000318154-26-000010,"TEPEZZA® (teprotumumab-trbw)(3) ... (3)We have biologic exclusivity in the United States and regulatory exclusivity in Europe covering teprotumumab-trbw that will expire in 2032 and 2035, respectively.",No European patent listed. EC marketing authorization granted June 2025.
AMGN,Blincyto,EU,2029,compound patent with SPC,0000318154-26-000010,"BLINCYTO® (blinatumomab) ... Europe Bifunctional polypeptides(1) 11/26/2024 Europe Method of treatment 11/6/2029 ... blinatumomab — France, Germany, Italy, Spain and the United Kingdom, expiring in 2029","Europe bifunctional polypeptides patent expired 2024-11-26; SPCs issued in at least France, Germany, Italy, Spain and the UK expire 2029. Method-of-treatment patent 2029-11-06."
AMGN,Nplate,EU,2027-04-20,formulation patent,0000318154-26-000010,Nplate® (romiplostim) U.S. Formulation 2/12/2028 Europe Formulation 4/20/2027,Only Europe patent the filing lists for Nplate is a formulation patent; no compound patent or data protection date stated.
AMGN,Tezspire,EU,2033,compound patent with SPC,0000318154-26-000010,"TEZSPIRE® (tezepelumab-ekko) ... Europe Polypeptides(1) 9/9/2028 ... tezepelumab — France, Italy and Spain, expiring in 2033","Europe polypeptides patent 2028-09-09; SPCs issued in at least France, Italy and Spain expire 2033. AstraZeneca leads commercialization outside North America."
AMGN,Kyprolis,EU,2030,compound patent with SPC,0000318154-26-000010,"KYPROLIS® (carfilzomib) ... Europe Compositions, compounds and methods of treatment(1) 12/7/2025 Europe Pharmaceutical compositions and methods of making 5/8/2033 ... carfilzomib — France, Germany, Italy, Spain and the United Kingdom, expiring in 2030","Europe compositions, compounds and methods of treatment patent 2025-12-07; SPCs issued in at least France, Germany, Italy, Spain and the UK expire 2030. Later Europe pharmaceutical compositions and methods of making patent 2033-05-08."
AMGN,Enbrel,CA,expired,biosimilars launched,0000318154-26-000010,"Companies have launched versions of EPOGEN, NEUPOGEN, Neulasta and ENBREL (Canada only) with U.S. ENBREL biosimilars approved but not launched.",Filing states etanercept biosimilars have launched in Canada; no expiry year stated.
AZN,Calquence,CN,2032,new molecular entity patent (incl. granted PTE),0001104659-26-019130,"Key marketed products | Description | US | China | EU1 | Japan ... Calquence (acalabrutinib) | ... 2026-2032, 2032-2036 | 2032, 2036 | 2032-2035, 20352-2036 | 2037, 2036","Other patents: 2036. Table cell: ""2032, 2036""."
AZN,Calquence,EU,2035,new molecular entity patent (incl. granted SPC/PTE),0001104659-26-019130,"Key marketed products | Description | US | China | EU1 | Japan ... Calquence (acalabrutinib) | ... 2026-2032, 2032-2036 | 2032, 2036 | 2032-2035, 20352-2036 | 2037, 2036","NME patent dates 2032-2035; latest taken. Other patents: 2035-2036. Table cell: ""2032-2035, 20352-2036"". Footnote 2 marks a date in this cell: the patent is the subject of a pending opposition proceeding at the EPO. EU means expiry in major EU markets including the UK (footnote 1); the SPC situation may vary by country."
AZN,Calquence,JP,2037,new molecular entity patent (incl. granted PTE),0001104659-26-019130,"Key marketed products | Description | US | China | EU1 | Japan ... Calquence (acalabrutinib) | ... 2026-2032, 2032-2036 | 2032, 2036 | 2032-2035, 20352-2036 | 2037, 2036","Other patents: 2036. Table cell: ""2037, 2036""."
AZN,Enhertu,CN,2035,new molecular entity patent (incl. granted PTE),0001104659-26-019130,"Key marketed products | Description | US | China | EU1 | Japan ... Enhertu 5 (trastuzumab deruxtecan) | ... 2033, 2035 | 2033-2035 | 2033-2035 |  | 4","NME patent dates 2033-2035; latest taken. Table cell: ""2033-2035""."
AZN,Enhertu,EU,2035,new molecular entity patent (incl. granted SPC/PTE),0001104659-26-019130,"Key marketed products | Description | US | China | EU1 | Japan ... Enhertu 5 (trastuzumab deruxtecan) | ... 2033, 2035 | 2033-2035 | 2033-2035 |  | 4","NME patent dates 2033-2035; latest taken. Table cell: ""2033-2035"". EU means expiry in major EU markets including the UK (footnote 1); the SPC situation may vary by country."
AZN,Imfinzi,CN,2030,new molecular entity patent (incl. granted PTE),0001104659-26-019130,Key marketed products | Description | US | China | EU1 | Japan ... Imfinzi (durvalumab) | ... 2031 | 2030 | 2030 | 2033,"Table cell: ""2030""."
AZN,Imfinzi,EU,2030,new molecular entity patent (incl. granted SPC/PTE),0001104659-26-019130,Key marketed products | Description | US | China | EU1 | Japan ... Imfinzi (durvalumab) | ... 2031 | 2030 | 2030 | 2033,"Table cell: ""2030"". EU means expiry in major EU markets including the UK (footnote 1); the SPC situation may vary by country."
AZN,Imfinzi,JP,2033,new molecular entity patent (incl. granted PTE),0001104659-26-019130,Key marketed products | Description | US | China | EU1 | Japan ... Imfinzi (durvalumab) | ... 2031 | 2030 | 2030 | 2033,"Table cell: ""2033""."
AZN,Lynparza,EU,2029,new molecular entity patent (incl. granted SPC/PTE),0001104659-26-019130,"Key marketed products | Description | US | China | EU1 | Japan ... Lynparza 7 (olaparib) | ... 2027, 2027-2041 | 2027-2029 | 2029, 2027-2029 | 2029, 2027-2034","Other patents: 2027-2029. Table cell: ""2029, 2027-2029"". EU means expiry in major EU markets including the UK (footnote 1); the SPC situation may vary by country."
AZN,Lynparza,JP,2029,new molecular entity patent (incl. granted PTE),0001104659-26-019130,"Key marketed products | Description | US | China | EU1 | Japan ... Lynparza 7 (olaparib) | ... 2027, 2027-2041 | 2027-2029 | 2029, 2027-2029 | 2029, 2027-2034","Other patents: 2027-2034. Table cell: ""2029, 2027-2034""."
AZN,Tagrisso,CN,2032,new molecular entity patent (incl. granted PTE),0001104659-26-019130,"Key marketed products | Description | US | China | EU1 | Japan ... Tagrisso (osimertinib) | ... 2032, 2035 | 20328, 2035 | 8 | 2032, 2035 | 2034, 2035","Other patents: 2035. Table cell: ""20328, 2035"" (plus marker 8). Footnote 8 marks a date in this cell: the patent is the subject of one or more proceedings on its validity. Note 30: in November 2025 the Chinese Patent Office issued decisions maintaining the compound patents; in January 2026 it dismissed the invalidity case against the formulation patent."
AZN,Tagrisso,EU,2032,new molecular entity patent (incl. granted SPC/PTE),0001104659-26-019130,"Key marketed products | Description | US | China | EU1 | Japan ... Tagrisso (osimertinib) | ... 2032, 2035 | 20328, 2035 | 8 | 2032, 2035 | 2034, 2035","Other patents: 2035. Table cell: ""2032, 2035"". EU means expiry in major EU markets including the UK (footnote 1); the SPC situation may vary by country."
AZN,Tagrisso,JP,2034,new molecular entity patent (incl. granted PTE),0001104659-26-019130,"Key marketed products | Description | US | China | EU1 | Japan ... Tagrisso (osimertinib) | ... 2032, 2035 | 20328, 2035 | 8 | 2032, 2035 | 2034, 2035","Other patents: 2035. Table cell: ""2034, 2035""."
AZN,Truqap,CN,2028,new molecular entity patent (incl. granted PTE),0001104659-26-019130,"Key marketed products | Description | US | China | EU1 | Japan ... Truqap (capivasertib) | ... 2028-2030, 2025-2033 | 2028, 2033 | 2028, 2025-2033 | 2033","Other patents: 2033. Table cell: ""2028, 2033""."
AZN,Truqap,EU,2028,new molecular entity patent (incl. granted SPC/PTE),0001104659-26-019130,"Key marketed products | Description | US | China | EU1 | Japan ... Truqap (capivasertib) | ... 2028-2030, 2025-2033 | 2028, 2033 | 2028, 2025-2033 | 2033","Other patents: 2025-2033. Table cell: ""2028, 2025-2033"". EU means expiry in major EU markets including the UK (footnote 1); the SPC situation may vary by country."
AZN,Truqap,JP,2033,new molecular entity patent (incl. granted PTE),0001104659-26-019130,"Key marketed products | Description | US | China | EU1 | Japan ... Truqap (capivasertib) | ... 2028-2030, 2025-2033 | 2028, 2033 | 2028, 2025-2033 | 2033","Table cell: ""2033""."
AZN,Brilinta,EU,2025,new molecular entity patent (incl. granted SPC/PTE),0001104659-26-019130,"Key marketed products | Description | US | China | EU1 | Japan ... Brilinta/Brilique (ticagrelor) | ... 2025, 2030-2036 | 2037 | 2025, 2037 | 2025-2030","Other patents: 2037. NME date 2025 precedes the table date (as at 10 February 2026). Table cell: ""2025, 2037"". EU means expiry in major EU markets including the UK (footnote 1); the SPC situation may vary by country. MD&A: Brilique sales in Europe decreased 45% ""due to generic entry in the second quarter"" of 2025."
AZN,Farxiga,EU,2028,new molecular entity patent (incl. granted SPC/PTE),0001104659-26-019130,"Key marketed products | Description | US | China | EU1 | Japan ... Farxiga/Forxiga9 (dapagliflozin) | ... 2026, 2025-2041 | 20278, 20288, 20408, 2041 | 2028, 2027, 20282, 2041 | 2025, 2028-2040","Other patents: 2027, 2028, 2041. Table cell: ""2028, 2027, 20282, 2041"". Footnote 2 marks a date in this cell: the patent is the subject of a pending opposition proceeding at the EPO. EU means expiry in major EU markets including the UK (footnote 1); the SPC situation may vary by country. MD&A: Forxiga sales in Europe grew ""offset by generic entry in the UK in the third quarter""; Note 30: UK patent held invalid (Court of Appeal July 2025, permission to appeal to the Supreme Court denied); challenges pending in France, Poland and Portugal, with interim injunctions in Poland in January 2026."
AZN,Farxiga,JP,2025,new molecular entity patent (incl. granted PTE),0001104659-26-019130,"Key marketed products | Description | US | China | EU1 | Japan ... Farxiga/Forxiga9 (dapagliflozin) | ... 2026, 2025-2041 | 20278, 20288, 20408, 2041 | 2028, 2027, 20282, 2041 | 2025, 2028-2040","Other patents: 2028-2040. NME date 2025 precedes the table date (as at 10 February 2026). Table cell: ""2025, 2028-2040"". MD&A: Japan Forxiga sales decreased ""as a result of generic T2D entry in the fourth quarter"" of 2025."
AZN,Fasenra,EU,2025,new molecular entity patent (incl. granted SPC/PTE),0001104659-26-019130,"Key marketed products | Description | US | China | EU1 | Japan ... Fasenra (benralizumab) | ... 2028-2034 | 2028 | 2025, 2028-2034 | 2025, 2034","Other patents: 2028-2034. NME date 2025 precedes the table date (as at 10 February 2026). Table cell: ""2025, 2028-2034"". EU means expiry in major EU markets including the UK (footnote 1); the SPC situation may vary by country."
AZN,Fasenra,JP,2025,new molecular entity patent (incl. granted PTE),0001104659-26-019130,"Key marketed products | Description | US | China | EU1 | Japan ... Fasenra (benralizumab) | ... 2028-2034 | 2028 | 2025, 2028-2034 | 2025, 2034","Other patents: 2034. NME date 2025 precedes the table date (as at 10 February 2026). Table cell: ""2025, 2034""."
AZN,Saphnelo,CN,2029,new molecular entity patent (incl. granted PTE),0001104659-26-019130,"Key marketed products | Description | US | China | EU1 | Japan ... Saphnelo (anifrolumab) | ... 2025-2029, 2033-2036 | 2025-2029 | 2025-2029 2036-2042 | 2 | 2030-2034, 2033-2036","NME patent dates 2025-2029; latest taken. Table cell: ""2025-2029""."
AZN,Saphnelo,EU,2029,new molecular entity patent (incl. granted SPC/PTE),0001104659-26-019130,"Key marketed products | Description | US | China | EU1 | Japan ... Saphnelo (anifrolumab) | ... 2025-2029, 2033-2036 | 2025-2029 | 2025-2029 2036-2042 | 2 | 2030-2034, 2033-2036","NME patent dates 2025-2029; latest taken. Other patents: 2036-2042. Table cell: ""2025-2029 2036-2042"" (plus marker 2). Footnote 2 marks a date in this cell: the patent is the subject of a pending opposition proceeding at the EPO. EU means expiry in major EU markets including the UK (footnote 1); the SPC situation may vary by country."
AZN,Saphnelo,JP,2034,new molecular entity patent (incl. granted PTE),0001104659-26-019130,"Key marketed products | Description | US | China | EU1 | Japan ... Saphnelo (anifrolumab) | ... 2025-2029, 2033-2036 | 2025-2029 | 2025-2029 2036-2042 | 2 | 2030-2034, 2033-2036","NME patent dates 2030-2034; latest taken. Other patents: 2033-2036. Table cell: ""2030-2034, 2033-2036""."
AZN,Symbicort,CN,expired,patent expired,0001104659-26-019130,Key marketed products | Description | US | China | EU1 | Japan ... Symbicort (budesonide/ formoterol) | ... 2025-2029 | 12 | expired | expired | expired,"Table cell: ""expired""."
AZN,Symbicort,EU,expired,patent expired,0001104659-26-019130,Key marketed products | Description | US | China | EU1 | Japan ... Symbicort (budesonide/ formoterol) | ... 2025-2029 | 12 | expired | expired | expired,"Table cell: ""expired"". EU means expiry in major EU markets including the UK (footnote 1); the SPC situation may vary by country. MD&A: Symbicort sales in Europe ""impacted by continued generic erosion""."
AZN,Symbicort,JP,expired,patent expired,0001104659-26-019130,Key marketed products | Description | US | China | EU1 | Japan ... Symbicort (budesonide/ formoterol) | ... 2025-2029 | 12 | expired | expired | expired,"Table cell: ""expired""."
AZN,Tezspire,CN,2028,new molecular entity patent (incl. granted PTE),0001104659-26-019130,"Key marketed products | Description | US | China | EU1 | Japan ... Tezspire 13 (tezepelumab) | ... 203314, 2038 | 2028 | 2028 | 2028, 2038","Table cell: ""2028""."
AZN,Tezspire,EU,2028,new molecular entity patent (incl. granted SPC/PTE),0001104659-26-019130,"Key marketed products | Description | US | China | EU1 | Japan ... Tezspire 13 (tezepelumab) | ... 203314, 2038 | 2028 | 2028 | 2028, 2038","Table cell: ""2028"". EU means expiry in major EU markets including the UK (footnote 1); the SPC situation may vary by country."
AZN,Beyfortus,EU,2035,new molecular entity patent (incl. granted SPC/PTE),0001104659-26-019130,"Key marketed products | Description | US | China | EU1 | Japan ... Beyfortus 15 (nirsevimab) | ... 2028-2035, 2038-2040 | 2038 | 2035 | 2035, 2038","Table cell: ""2035"". EU means expiry in major EU markets including the UK (footnote 1); the SPC situation may vary by country."
AZN,Beyfortus,JP,2035,new molecular entity patent (incl. granted PTE),0001104659-26-019130,"Key marketed products | Description | US | China | EU1 | Japan ... Beyfortus 15 (nirsevimab) | ... 2028-2035, 2038-2040 | 2038 | 2035 | 2035, 2038","Other patents: 2038. Table cell: ""2035, 2038""."
AZN,Soliris,EU,2027,new molecular entity patent (incl. granted SPC/PTE),0001104659-26-019130,"Key marketed products | Description | US | China | EU1 | Japan ... Soliris (eculizumab) | ... 202718, 2025-2032 | 2029 | 202719, 2029 | 2032, 2029","Other patents: 2029. Table cell: ""202719, 2029"". Footnote 19 marks a date in this cell: settled with Amgen for licensed biosimilar entry date of November 2025. EU means expiry in major EU markets including the UK (footnote 1); the SPC situation may vary by country. MD&A: Soliris sales in Europe fell 52%, including ""biosimilar pressure in PNH and aHUS""; Note 30: global settlements with Amgen (November 2025) and Samsung Bioepis (January 2026)."
AZN,Soliris,JP,2032,new molecular entity patent (incl. granted PTE),0001104659-26-019130,"Key marketed products | Description | US | China | EU1 | Japan ... Soliris (eculizumab) | ... 202718, 2025-2032 | 2029 | 202719, 2029 | 2032, 2029","Other patents: 2029. Table cell: ""2032, 2029""."
AZN,Strensiq,EU,2031,new molecular entity patent (incl. granted SPC/PTE),0001104659-26-019130,"Key marketed products | Description | US | China | EU1 | Japan ... Strensiq (asfotase alfa) | ... 2025-2029, 2035-2038 |  | 2025-2031, 2036 | 2028, 2035-2036","NME patent dates 2025-2031; latest taken. Other patents: 2036. Table cell: ""2025-2031, 2036"". EU means expiry in major EU markets including the UK (footnote 1); the SPC situation may vary by country. The China cell is blank in the HTML table grid, so this cell is read as EU."
AZN,Strensiq,JP,2028,new molecular entity patent (incl. granted PTE),0001104659-26-019130,"Key marketed products | Description | US | China | EU1 | Japan ... Strensiq (asfotase alfa) | ... 2025-2029, 2035-2038 |  | 2025-2031, 2036 | 2028, 2035-2036","Other patents: 2035-2036. Table cell: ""2028, 2035-2036""."
AZN,Ultomiris,CN,2035,new molecular entity patent (incl. granted PTE),0001104659-26-019130,"Key marketed products | Description | US | China | EU1 | Japan ... Ultomiris (ravulizumab) | ... 2035, 2038-2041 | 2035, 2038 | 2035, 2038-2040 | 2038, 2038-2039","Other patents: 2038. Table cell: ""2035, 2038""."
AZN,Ultomiris,EU,2035,new molecular entity patent (incl. granted SPC/PTE),0001104659-26-019130,"Key marketed products | Description | US | China | EU1 | Japan ... Ultomiris (ravulizumab) | ... 2035, 2038-2041 | 2035, 2038 | 2035, 2038-2040 | 2038, 2038-2039","Other patents: 2038-2040. Table cell: ""2035, 2038-2040"". EU means expiry in major EU markets including the UK (footnote 1); the SPC situation may vary by country."
AZN,Ultomiris,JP,2038,new molecular entity patent (incl. granted PTE),0001104659-26-019130,"Key marketed products | Description | US | China | EU1 | Japan ... Ultomiris (ravulizumab) | ... 2035, 2038-2041 | 2035, 2038 | 2035, 2038-2040 | 2038, 2038-2039","Other patents: 2038-2039. Table cell: ""2038, 2038-2039""."
AZN,Crestor,CN,expired,patent protection lost in all major markets,0001104659-26-019130,"Crestor, Nexium, Pulmicort, Seloken, Synagis and Zoladex are key marketed products which have lost patent protection in all major markets.","Note to the patent expiry table, whose markets are the US, China, EU and Japan; no year given."
AZN,Crestor,EU,expired,patent protection lost in all major markets,0001104659-26-019130,"Crestor, Nexium, Pulmicort, Seloken, Synagis and Zoladex are key marketed products which have lost patent protection in all major markets.","Note to the patent expiry table, whose markets are the US, China, EU and Japan; no year given."
AZN,Crestor,JP,expired,patent protection lost in all major markets,0001104659-26-019130,"Crestor, Nexium, Pulmicort, Seloken, Synagis and Zoladex are key marketed products which have lost patent protection in all major markets.","Note to the patent expiry table, whose markets are the US, China, EU and Japan; no year given."
AZN,Nexium,CN,expired,patent protection lost in all major markets,0001104659-26-019130,"Crestor, Nexium, Pulmicort, Seloken, Synagis and Zoladex are key marketed products which have lost patent protection in all major markets.","Note to the patent expiry table, whose markets are the US, China, EU and Japan; no year given."
AZN,Nexium,EU,expired,patent protection lost in all major markets,0001104659-26-019130,"Crestor, Nexium, Pulmicort, Seloken, Synagis and Zoladex are key marketed products which have lost patent protection in all major markets.","Note to the patent expiry table, whose markets are the US, China, EU and Japan; no year given."
AZN,Nexium,JP,expired,patent protection lost in all major markets,0001104659-26-019130,"Crestor, Nexium, Pulmicort, Seloken, Synagis and Zoladex are key marketed products which have lost patent protection in all major markets.","Note to the patent expiry table, whose markets are the US, China, EU and Japan; no year given."
AZN,Pulmicort,CN,expired,patent protection lost in all major markets,0001104659-26-019130,"Crestor, Nexium, Pulmicort, Seloken, Synagis and Zoladex are key marketed products which have lost patent protection in all major markets.","Note to the patent expiry table, whose markets are the US, China, EU and Japan; no year given."
AZN,Pulmicort,EU,expired,patent protection lost in all major markets,0001104659-26-019130,"Crestor, Nexium, Pulmicort, Seloken, Synagis and Zoladex are key marketed products which have lost patent protection in all major markets.","Note to the patent expiry table, whose markets are the US, China, EU and Japan; no year given."
AZN,Pulmicort,JP,expired,patent protection lost in all major markets,0001104659-26-019130,"Crestor, Nexium, Pulmicort, Seloken, Synagis and Zoladex are key marketed products which have lost patent protection in all major markets.","Note to the patent expiry table, whose markets are the US, China, EU and Japan; no year given."
AZN,Seloken,CN,expired,patent protection lost in all major markets,0001104659-26-019130,"Crestor, Nexium, Pulmicort, Seloken, Synagis and Zoladex are key marketed products which have lost patent protection in all major markets.","Note to the patent expiry table, whose markets are the US, China, EU and Japan; no year given."
AZN,Seloken,EU,expired,patent protection lost in all major markets,0001104659-26-019130,"Crestor, Nexium, Pulmicort, Seloken, Synagis and Zoladex are key marketed products which have lost patent protection in all major markets.","Note to the patent expiry table, whose markets are the US, China, EU and Japan; no year given."
AZN,Seloken,JP,expired,patent protection lost in all major markets,0001104659-26-019130,"Crestor, Nexium, Pulmicort, Seloken, Synagis and Zoladex are key marketed products which have lost patent protection in all major markets.","Note to the patent expiry table, whose markets are the US, China, EU and Japan; no year given."
AZN,Synagis,CN,expired,patent protection lost in all major markets,0001104659-26-019130,"Crestor, Nexium, Pulmicort, Seloken, Synagis and Zoladex are key marketed products which have lost patent protection in all major markets.","Note to the patent expiry table, whose markets are the US, China, EU and Japan; no year given."
AZN,Synagis,EU,expired,patent protection lost in all major markets,0001104659-26-019130,"Crestor, Nexium, Pulmicort, Seloken, Synagis and Zoladex are key marketed products which have lost patent protection in all major markets.","Note to the patent expiry table, whose markets are the US, China, EU and Japan; no year given."
AZN,Synagis,JP,expired,patent protection lost in all major markets,0001104659-26-019130,"Crestor, Nexium, Pulmicort, Seloken, Synagis and Zoladex are key marketed products which have lost patent protection in all major markets.","Note to the patent expiry table, whose markets are the US, China, EU and Japan; no year given."
AZN,Zoladex,CN,expired,patent protection lost in all major markets,0001104659-26-019130,"Crestor, Nexium, Pulmicort, Seloken, Synagis and Zoladex are key marketed products which have lost patent protection in all major markets.","Note to the patent expiry table, whose markets are the US, China, EU and Japan; no year given."
AZN,Zoladex,EU,expired,patent protection lost in all major markets,0001104659-26-019130,"Crestor, Nexium, Pulmicort, Seloken, Synagis and Zoladex are key marketed products which have lost patent protection in all major markets.","Note to the patent expiry table, whose markets are the US, China, EU and Japan; no year given."
AZN,Zoladex,JP,expired,patent protection lost in all major markets,0001104659-26-019130,"Crestor, Nexium, Pulmicort, Seloken, Synagis and Zoladex are key marketed products which have lost patent protection in all major markets.","Note to the patent expiry table, whose markets are the US, China, EU and Japan; no year given."
BIIB,Tysabri,EU,expired,biosimilar entrant in Europe,0000875045-26-000013,"Global TYSABRI revenue decreased $49.6 million, from $1,715.0 million in 2024 to $1,665.4 million in 2025, or 2.9%, primarily due to increased competition in rest of world, including the impacts from a biosimilar entrant of TYSABRI in Europe.","No expiry year stated. Filing says a TYSABRI biosimilar was approved in the E.U. in 2023. Patent table still lists Europe patents: methods of treatment to 2026, formulation EP 2,170,390 to 2028, safety-related assays to 2031 and 2032; no SPC or E.U. regulatory exclusivity listed."
BIIB,Tecfidera,EU,expired,regulatory marketing protection ended; generic entrants,0000875045-26-000013,"Multiple TECFIDERA generic entrants are now in North America, Brazil and certain European countries ... In September 2025 the European General Court annulled the May 2023 European Commission decision granting TECFIDERA an additional year of regulatory marketing protection extending until February 2025.",Regulatory marketing protection was extended until February 2025 by a May 2023 EC decision; the European General Court annulled that decision in September 2025; Biogen and the EC appealed and the appeal is pending. EPO Technical Boards of Appeal revoked EP 2 653 873 in November 2025 and Biogen stopped enforcing it and its national counterparts. Biogen seeks damages from generic sellers in the Netherlands and Denmark.
BIIB,Tecfidera,BR,expired,generic entrants,0000875045-26-000013,"Multiple TECFIDERA generic entrants are now in North America, Brazil and certain European countries and have deeply discounted prices compared to TECFIDERA.",No expiry year stated. The filing also names North America; Canada is not named separately.
BIIB,Plegridy,EU,2028,polymer conjugate patent with SPC,0000875045-26-000013,"PLEGRIDY | U.S. | 8,017,733 | Polymer conjugates of interferon beta-1a | 2027 | Europe | 1,476,181 | Polymer conjugates of interferon-beta-1a and uses thereof | 2023(2) ... (2)This patent is subject to granted SPCs in certain European countries, which extended the patent term in those countries to 2028.","EP 1,476,181 base term 2023; granted SPCs extend it to 2028 in certain European countries only. No E.U. regulatory exclusivity listed."
BIIB,Vumerity,EU,2034,prodrug compound patent,0000875045-26-000013,"VUMERITY | U.S. | 8,669,281 | Compounds and pharmaceutical compositions | 2033 ... Europe | 2,970,101 | Crystalline forms, pharmaceutical compositions and methods of treatment Prodrugs of fumarates and their use in treating various diseases | 2034 | Europe | 3,253,377 | Formulation | 2035","EP 2,970,101 subject-matter cell prints two titles (crystalline forms; prodrugs of fumarates). Formulation patent EP 3,253,377 runs to 2035. No SPC and no E.U. regulatory exclusivity listed."
BIIB,Spinraza,EU,2032,composition patent with SPC,0000875045-26-000013,"SPINRAZA | U.S. | 7,838,657 ... Europe | 3,449,926 | Compositions and methods for modulation of SMN2 splicing | 2030(6) ... (6)This patent is subject to granted SPCs in certain European countries, which extended the patent term in those countries to 2032.","SPCs granted in certain European countries only. E.U. regulatory exclusivity to 2029. EP 1,910,395 and EP 2,548,560 (base 2026) carry granted SPCs to 2031. Method-of-treatment patent EP 3,999,643 runs to 2040."
BIIB,Skyclarys,EU,2038,composition patent with SPC,0000875045-26-000013,"SKYCLARYS | U.S. | 8,124,799 ... Europe | 2,841,445 | 2,2-Difluoropropionamide Derivatives of Bardoxolone Methyl, Polymorphic Forms and Methods of Use Thereof (Composition) | 2033(7) ... (7)This patent is subject to granted SPCs in certain European countries, which extended the patent term in those countries to 2038.","EP 2,841,445 base term 2033; SPCs granted in certain European countries only. E.U. regulatory exclusivity to 2034. Composition patent EP 2,276,493 to 2029; method-of-use EP 3,444,261 to 2033."
BIIB,Zurzuvae,EU,2035,regulatory exclusivity,0000875045-26-000013,"(1)In addition to patent protection, certain of our products are entitled to regulatory exclusivity in the U.S. and the E.U. expected until the dates set forth below: ... ZURZUVAE | U.S. | 2028 | ZURZUVAE | E.U. | 2035","Europe compound patents EP 2,986,623, EP 3,498,725 and EP 3,909,966 to 2034 and EP 2,766,380 to 2032; no SPC listed."
BIIB,Qalsody,EU,2039,composition patent with SPC,0000875045-26-000013,"QALSODY | U.S. | 10,385,341 | Compositions for modulating SOD-1 expression | 2035(1)(5) ... Europe | 3,126,499 | Compositions for modulating SOD-1 expression | 2035(1)(8) ... (8)This patent is subject to granted SPCs in certain European countries, which extended the patent term in those countries to 2039.","EP 3,126,499 base term 2035; SPCs granted in certain European countries only. E.U. regulatory exclusivity to 2034. EP 3,757,214 to 2035."
BMY,Abecma,EU,2035,estimated minimum market exclusivity,0000014272-26-000004,Abecma (idecabtagene vicleucel) | 2036 | 2035 | 2037,"Footnote (q): EU dates are based on the UK, France, Germany, Italy, and Spain."
BMY,Abecma,JP,2037,estimated minimum market exclusivity,0000014272-26-000004,Abecma (idecabtagene vicleucel) | 2036 | 2035 | 2037,
BMY,Abraxane,EU,expired,generics entered,0000014272-26-000004,"For Abraxane in the U.S., EU, and Japan, generics have entered the market.",Table shows ^^ (see footnote a). No year stated.
BMY,Abraxane,JP,expired,generics entered,0000014272-26-000004,"For Abraxane in the U.S., EU, and Japan, generics have entered the market.",Table shows ^^ (see footnote a). No year stated.
BMY,Breyanzi,EU,2033,estimated minimum market exclusivity,0000014272-26-000004,Breyanzi (lisocabtagene maraleucel)(b) | 2033 | 2033 | 2033,"Footnote (q): EU dates are based on the UK, France, Germany, Italy, and Spain."
BMY,Breyanzi,JP,2033,estimated minimum market exclusivity,0000014272-26-000004,Breyanzi (lisocabtagene maraleucel)(b) | 2033 | 2033 | 2033,
BMY,Camzyos,EU,2034,estimated minimum market exclusivity,0000014272-26-000004,Camzyos (mavacamten)(c) | 2036 | 2034 | 2034,"Footnote (q): EU dates are based on the UK, France, Germany, Italy, and Spain. Footnote (c): in France, Germany, Italy, and Spain SPC has been granted and the estimated patent expiry is 2038; in the UK SPC applications are pending (2038 if granted)."
BMY,Camzyos,JP,2034,estimated minimum market exclusivity,0000014272-26-000004,Camzyos (mavacamten)(c) | 2036 | 2034 | 2034,"Footnote (c): in Japan a PTE application is pending and, if granted, the estimated patent expiry will be 2039 (not taken)."
BMY,Eliquis,EU,2026-11,composition of matter patent with SPC,0000014272-26-000004,"In the EU, the apixaban composition of matter patents and related SPCs expire in November 2026.","Table shows ^^ for EU (footnote e). MD&A: regulatory exclusivity in Europe expired May 2021. Generics are marketing in certain EU countries before patent/SPC expiry: final negative decision in the UK with generics on the market; generics also entered Finland, Poland and Portugal while proceedings are pending (Note 20)."
BMY,Eliquis,JP,2026,estimated minimum market exclusivity,0000014272-26-000004,Eliquis (apixaban)(e) | 2028 | ^^ | 2026,
BMY,Krazati,EU,2038,estimated minimum market exclusivity,0000014272-26-000004,Krazati (adagrasib)(f) | 2037 | 2038 | ++,"Footnote (q): EU dates are based on the UK, France, Germany, Italy, and Spain. Footnote (f): EU SPC applications are pending and, if granted, the estimated patent expiry will be 2039 (not taken). Japan shows ++ (not marketed)."
BMY,Opdivo,EU,2030,estimated minimum market exclusivity,0000014272-26-000004,Opdivo (nivolumab) | 2028 | 2030 | 2031,"Footnote (q): EU dates are based on the UK, France, Germany, Italy, and Spain."
BMY,Opdivo,JP,2031,estimated minimum market exclusivity,0000014272-26-000004,Opdivo (nivolumab) | 2028 | 2030 | 2031,
BMY,Opdualag,EU,2033,estimated minimum market exclusivity,0000014272-26-000004,Opdualag (nivolumab and relatlimab-rmbw)(h) | 2034 | 2033 | ++,"Footnote (q): EU dates are based on the UK, France, Germany, Italy, and Spain. Footnote (h): in France, Italy and Spain SPC and PED are granted and the estimated patent expiry is 2038; in the UK and Germany SPC and PED applications are pending (2038 if both granted). Japan shows ++ (not marketed)."
BMY,Pomalyst,EU,expired,generics entered,0000014272-26-000004,"For Pomalyst in the U.S., generic entry is expected in the first quarter of 2026. In Europe, generics have entered the market. In Japan, the estimated minimum market exclusivity date is 2026 based on a method of use patent.",Table shows ^^ (footnote j). MD&A: generic pomalidomide products entered the EU market in August 2024.
BMY,Pomalyst,JP,2026,estimated minimum market exclusivity (method of use patent),0000014272-26-000004,"For Pomalyst in the U.S., generic entry is expected in the first quarter of 2026. In Europe, generics have entered the market. In Japan, the estimated minimum market exclusivity date is 2026 based on a method of use patent.",Table shows ^^ (footnote j).
BMY,Reblozyl,EU,2030,estimated minimum market exclusivity (regulatory exclusivity),0000014272-26-000004,Reblozyl (luspatercept-aamt)(k) | 2031 | 2030 | 2034,"Footnote (q): EU dates are based on the UK, France, Germany, Italy, and Spain. Footnote (k): EU date is based on regulatory exclusivity; separately, in the EU an SPC on a method of treatment patent was granted, with estimated patent expiry 2034."
BMY,Reblozyl,JP,2034,estimated minimum market exclusivity,0000014272-26-000004,Reblozyl (luspatercept-aamt)(k) | 2031 | 2030 | 2034,"Footnote (k): in Japan a PTE was granted, providing a patent expiry of 2034."
BMY,Revlimid,EU,expired,generics entered,0000014272-26-000004,"In the EU and Japan, generic lenalidomide products have entered the market.",Table shows ^^ (footnote l). No year stated.
BMY,Revlimid,JP,expired,generics entered,0000014272-26-000004,"In the EU and Japan, generic lenalidomide products have entered the market.",Table shows ^^ (footnote l). No year stated.
BMY,Sotyktu,EU,2033,estimated minimum market exclusivity,0000014272-26-000004,Sotyktu (deucravacitinib)(m) | 2033 | 2033 | 2037,"Footnote (q): EU dates are based on the UK, France, Germany, Italy, and Spain. Footnote (m): in France, Germany, Italy, and Spain SPC has been granted and the estimated patent expiry is 2038; in the UK SPC applications are pending (2038 if granted)."
BMY,Sotyktu,JP,2037,estimated minimum market exclusivity,0000014272-26-000004,Sotyktu (deucravacitinib)(m) | 2033 | 2033 | 2037,
BMY,Sprycel,EU,expired,generics entered,0000014272-26-000004,"For Sprycel, in the U.S., EU and Japan, generics have entered the market.",Table shows ^^ (footnote n). No year stated for EU.
BMY,Sprycel,JP,expired,generics entered,0000014272-26-000004,"For Sprycel, in the U.S., EU and Japan, generics have entered the market.",Table shows ^^ (footnote n). No year stated for Japan.
BMY,Yervoy,EU,2026,estimated minimum market exclusivity,0000014272-26-000004,Yervoy (ipilimumab)(o) | ^^ | 2026 | ^^,"Footnote (q): EU dates are based on the UK, France, Germany, Italy, and Spain. Footnote (o): BMS is not aware of a Yervoy biosimilar on the market in the U.S., EU, or Japan. Japan shows ^^ with no date."
BMY,Zeposia,EU,2034,estimated minimum market exclusivity,0000014272-26-000004,Zeposia (ozanimod)(p) | 2033 | 2034 | 2034,"Footnote (q): EU dates are based on the UK, France, Germany, Italy, and Spain."
BMY,Zeposia,JP,2034,estimated minimum market exclusivity,0000014272-26-000004,Zeposia (ozanimod)(p) | 2033 | 2034 | 2034,"Footnote (p): in Japan a PTE was granted, providing a patent expiry of 2034."
GILD,Biktarvy,EU,2033,primary (compound) patent incl. granted SPC/paediatric exclusivity,0000882095-26-000006,Biktarvy | 2036 | (6) | 2033,"Table columns: Patent Expiration U.S. | EU. Fixed-dose/single-tablet regimen: date is the latest-expiring compound patent among its active ingredients. Footnote (6) (settlements, no generic entry before April 1, 2036) concerns the U.S. only."
GILD,Descovy,EU,2027,primary (compound) patent incl. granted SPC/paediatric exclusivity,0000882095-26-000006,Descovy | 2031 | (2) | 2027,Table columns: Patent Expiration U.S. | EU. Fixed-dose/single-tablet regimen: date is the latest-expiring compound patent among its active ingredients. Footnote (2) (TAF settlements with five generic manufacturers) concerns U.S. patent litigation only.
GILD,Genvoya,EU,2028,primary (compound) patent incl. granted SPC/paediatric exclusivity,0000882095-26-000006,"Genvoya | 2029 | (4), (5) | 2028",Table columns: Patent Expiration U.S. | EU. Fixed-dose/single-tablet regimen: date is the latest-expiring compound patent among its active ingredients. Footnotes (4) and (5) (cobicistat/TAF settlements) are attached to the U.S. date.
GILD,Trodelvy,EU,2029,primary (compound) patent incl. granted SPC/paediatric exclusivity,0000882095-26-000006,Trodelvy | 2028 | (8) | 2029,Table columns: Patent Expiration U.S. | EU. Footnote (8): regulatory exclusivity in the U.S. expires in 2032 (U.S. only; no EU regulatory exclusivity stated).
GILD,Sofosbuvir Velpatasvir,EU,2032,primary (compound) patent incl. granted SPC/paediatric exclusivity,0000882095-26-000006,Epclusa | 2033 | 2032,"Table columns: Patent Expiration U.S. | EU. Fixed-dose/single-tablet regimen: date is the latest-expiring compound patent among its active ingredients. Table row is Epclusa (sofosbuvir/velpatasvir); the modelled line also includes the authorized generic, which Gilead sells in the U.S. through Asegua."
GILD,Odefsey,EU,2027,primary (compound) patent incl. granted SPC/paediatric exclusivity,0000882095-26-000006,Odefsey | 2032 | (2) | 2027,Table columns: Patent Expiration U.S. | EU. Fixed-dose/single-tablet regimen: date is the latest-expiring compound patent among its active ingredients. Footnote (2) (TAF settlements) concerns U.S. patent litigation only.
GILD,Vemlidy,EU,2027,primary (compound) patent incl. granted SPC/paediatric exclusivity,0000882095-26-000006,Vemlidy | 2031 | (2) | 2027,Table columns: Patent Expiration U.S. | EU. Footnote (2) (TAF settlements) concerns U.S. patent litigation only.
GILD,Veklury,EU,2035,primary (compound) patent incl. granted SPC/paediatric exclusivity,0000882095-26-000006,Veklury | 2036 | (7) | 2035,Table columns: Patent Expiration U.S. | EU. Footnote (7) (FDA pediatric exclusivity) concerns the U.S. date only.
GILD,Tecartus,EU,expired,composition of matter patent expired,0000882095-26-000006,Tecartus | 2027 | — | (3),"Table columns: Patent Expiration U.S. | EU. Footnote (3): ""The composition of matter patent has expired in the EU. In the EU and the U.S., patent applications are pending relating to our proprietary manufacturing processes."" Year not stated."
GSK,Apretude,EU,2031,new molecular entity patent (incl. granted SPC),0001131399-26-000004,Patent expiry dates1 | Products | Compounds | Indication(s) | US | EU ... Apretude | ... | 2031 2026-2031 | 2031 2031,Other patents (italic): 2031. Footnote 1: dates in normal text are the latest expiring new molecular entity patents (including applications with a notice of allowance); italics are other patents; dates include granted SPCs in the EU; regulatory data protection is not listed.
GSK,Cabenuva Kit,EU,2031,new molecular entity patent (incl. granted SPC),0001131399-26-000004,Patent expiry dates1 | Products | Compounds | Indication(s) | US | EU ... Cabenuva/Vocabria + Rekambys | ... | 2031 2026-2038 | 2031 2031,Other patents (italic): 2031. Footnote 1: dates in normal text are the latest expiring new molecular entity patents (including applications with a notice of allowance); italics are other patents; dates include granted SPCs in the EU; regulatory data protection is not listed.
GSK,Rukobia,EU,expired,new molecular entity patent expired,0001131399-26-000004,Patent expiry dates1 | Products | Compounds | Indication(s) | US | EU ... Rukobia | ... | 2029 2027 | expired 2034,Other patents (italic): 2034. Footnote 1: dates in normal text are the latest expiring new molecular entity patents (including applications with a notice of allowance); italics are other patents; dates include granted SPCs in the EU; regulatory data protection is not listed.
GSK,Dovato,EU,2029,new molecular entity patent (incl. granted SPC),0001131399-26-000004,Patent expiry dates1 | Products | Compounds | Indication(s) | US | EU ... Dovato | ... | 2028 2030-2031 | 2029 2029-2034*,Other patents (italic): 2029-2034*. The * on the other-patent date means it includes a pending SPC; not taken. Footnote 1: dates in normal text are the latest expiring new molecular entity patents (including applications with a notice of allowance); italics are other patents; dates include granted SPCs in the EU; regulatory data protection is not listed.
GSK,Juluca,EU,2029,new molecular entity patent (incl. granted SPC),0001131399-26-000004,Patent expiry dates1 | Products | Compounds | Indication(s) | US | EU ... Juluca | ... | 2028 2030-2038 | 2029 2026-2030,Other patents (italic): 2026-2030. Footnote 1: dates in normal text are the latest expiring new molecular entity patents (including applications with a notice of allowance); italics are other patents; dates include granted SPCs in the EU; regulatory data protection is not listed.
GSK,Triumeq,EU,2029,new molecular entity patent (incl. granted SPC),0001131399-26-000004,Patent expiry dates1 | Products | Compounds | Indication(s) | US | EU ... Triumeq | ... | 2028 2030 | 2029 2029,Other patents (italic): 2029. Footnote 1: dates in normal text are the latest expiring new molecular entity patents (including applications with a notice of allowance); italics are other patents; dates include granted SPCs in the EU; regulatory data protection is not listed.
GSK,Tivicay,EU,2029,new molecular entity patent (incl. granted SPC),0001131399-26-000004,Patent expiry dates1 | Products | Compounds | Indication(s) | US | EU ... Tivicay | ... | 2028 2030 | 2029 2029,Other patents (italic): 2029. Footnote 1: dates in normal text are the latest expiring new molecular entity patents (including applications with a notice of allowance); italics are other patents; dates include granted SPCs in the EU; regulatory data protection is not listed.
GSK,Benlysta,EU,2026,new molecular entity patent (incl. granted SPC),0001131399-26-000004,"Patent expiry dates1 | Products | Compounds | Indication(s) | US | EU ... Benlysta, Benlysta (SC and IV) | ... | expired 2029- 2035 | 2026 2035",Other patents (italic): 2035. Footnote 1: dates in normal text are the latest expiring new molecular entity patents (including applications with a notice of allowance); italics are other patents; dates include granted SPCs in the EU; regulatory data protection is not listed.
GSK,Jemperli,EU,2036,new molecular entity patent (incl. granted SPC),0001131399-26-000004,Patent expiry dates1 | Products | Compounds | Indication(s) | US | EU ... Jemperli | ... | 2035* 2034-2038 | 2036 2038,Other patents (italic): 2038. Footnote 1: dates in normal text are the latest expiring new molecular entity patents (including applications with a notice of allowance); italics are other patents; dates include granted SPCs in the EU; regulatory data protection is not listed.
GSK,Ojjaara,EU,2028,new molecular entity patent (incl. granted SPC),0001131399-26-000004,Patent expiry dates1 | Products | Compounds | Indication(s) | US | EU ... Ojjaara/Omjjara | ... | 2035* 2035-2040 | 2028 2039,Other patents (italic): 2039. Footnote 1: dates in normal text are the latest expiring new molecular entity patents (including applications with a notice of allowance); italics are other patents; dates include granted SPCs in the EU; regulatory data protection is not listed.
GSK,Zejula,EU,2032,new molecular entity patent (incl. granted SPC),0001131399-26-000004,Patent expiry dates1 | Products | Compounds | Indication(s) | US | EU ... Zejula | ... | 2031 2027-2039 | 2032 2029-2037,Other patents (italic): 2029-2037. Footnote 1: dates in normal text are the latest expiring new molecular entity patents (including applications with a notice of allowance); italics are other patents; dates include granted SPCs in the EU; regulatory data protection is not listed.
GSK,Anoro Ellipta,EU,2029,new molecular entity patent (incl. granted SPC),0001131399-26-000004,Patent expiry dates1 | Products | Compounds | Indication(s) | US | EU ... Anoro Ellipta | ... | 2027 2027-2031 | 2029 2026-2030,Other patents (italic): 2026-2030. Footnote 1: dates in normal text are the latest expiring new molecular entity patents (including applications with a notice of allowance); italics are other patents; dates include granted SPCs in the EU; regulatory data protection is not listed.
GSK,Flovent,EU,expired,other patents expired (no NME date listed),0001131399-26-000004,Patent expiry dates1 | Products | Compounds | Indication(s) | US | EU ... Flixotide/Flovent | ... | 2026 | expired,"EU cell is ""expired"" in italics (other patents). Footnote 1: dates in normal text are the latest expiring new molecular entity patents (including applications with a notice of allowance); italics are other patents; dates include granted SPCs in the EU; regulatory data protection is not listed."
GSK,Breo Ellipta,EU,2028,new molecular entity patent (incl. granted SPC),0001131399-26-000004,Patent expiry dates1 | Products | Compounds | Indication(s) | US | EU ... Relvar/Breo Ellipta | ... | expired 2027-2031 | 2028 2026-2029,Other patents (italic): 2026-2029. Footnote 1: dates in normal text are the latest expiring new molecular entity patents (including applications with a notice of allowance); italics are other patents; dates include granted SPCs in the EU; regulatory data protection is not listed.
GSK,Trelegy Ellipta,EU,2029,new molecular entity patent (incl. granted SPC),0001131399-26-000004,Patent expiry dates1 | Products | Compounds | Indication(s) | US | EU ... Trelegy Ellipta | ... | 2027 2027-2031 | 2029 2026-2032,Other patents (italic): 2026-2032. Footnote 1: dates in normal text are the latest expiring new molecular entity patents (including applications with a notice of allowance); italics are other patents; dates include granted SPCs in the EU; regulatory data protection is not listed.
GSK,Ventolin,EU,expired,other patents expired (no NME date listed),0001131399-26-000004,Patent expiry dates1 | Products | Compounds | Indication(s) | US | EU ... Ventolin | ... | 2026 | expired,"EU cell is ""expired"" in italics (other patents). Footnote 1: dates in normal text are the latest expiring new molecular entity patents (including applications with a notice of allowance); italics are other patents; dates include granted SPCs in the EU; regulatory data protection is not listed."
GSK,Arexvy,EU,2032,new molecular entity patent (incl. granted SPC),0001131399-26-000004,Vaccines and Intellectual Property | Patent expiry dates1 | Products | Compounds | Indication(s) | US | EU ... Arexvy | ... | 2030 | 2032,Footnote 1: dates in normal text are the latest expiring new molecular entity patents; dates include granted SPCs in the EU; regulatory data protection is not listed.
GSK,Bexsero,EU,2028,new molecular entity patent (incl. granted SPC),0001131399-26-000004,Vaccines and Intellectual Property | Patent expiry dates1 | Products | Compounds | Indication(s) | US | EU ... Bexsero | ... | 2027 | 2028,Footnote 1: dates in normal text are the latest expiring new molecular entity patents; dates include granted SPCs in the EU; regulatory data protection is not listed.
GSK,Boostrix,EU,expired,patent expired,0001131399-26-000004,Vaccines and Intellectual Property | Patent expiry dates1 | Products | Compounds | Indication(s) | US | EU ... Boostrix | ... | expired | expired,Footnote 1: dates in normal text are the latest expiring new molecular entity patents; dates include granted SPCs in the EU; regulatory data protection is not listed.
GSK,Cervarix,EU,expired,patent expired,0001131399-26-000004,Vaccines and Intellectual Property | Patent expiry dates1 | Products | Compounds | Indication(s) | US | EU ... Cervarix | ... | Not marketed in US | expired,Footnote 1: dates in normal text are the latest expiring new molecular entity patents; dates include granted SPCs in the EU; regulatory data protection is not listed.
GSK,Menveo,EU,expired,patent expired,0001131399-26-000004,Vaccines and Intellectual Property | Patent expiry dates1 | Products | Compounds | Indication(s) | US | EU ... Menveo | ... | expired | expired,Footnote 1: dates in normal text are the latest expiring new molecular entity patents; dates include granted SPCs in the EU; regulatory data protection is not listed.
GSK,Rotarix,EU,expired,patent expired,0001131399-26-000004,Vaccines and Intellectual Property | Patent expiry dates1 | Products | Compounds | Indication(s) | US | EU ... Rotarix | ... | expired | expired,Footnote 1: dates in normal text are the latest expiring new molecular entity patents; dates include granted SPCs in the EU; regulatory data protection is not listed.
GSK,Shingrix,EU,2031,new molecular entity patent (incl. granted SPC),0001131399-26-000004,Vaccines and Intellectual Property | Patent expiry dates1 | Products | Compounds | Indication(s) | US | EU ... Shingrix | ... | 2029 | 2031,Footnote 1: dates in normal text are the latest expiring new molecular entity patents; dates include granted SPCs in the EU; regulatory data protection is not listed.
INCY,JAKAVI,EU,2028,estimated minimum market exclusivity,0000879169-26-000010,"Product/Drug Candidate1,2 | US | EU | Japan | JAKAFI/JAKAVI (ruxolitinib) | Estimated Minimum Market Exclusivity Dates | 2028 | 2028 | 2028","Table row is JAKAFI/JAKAVI; JAKAVI is Novartis's ex-US brand and Incyte books royalties. Additional patents EU 2028; ruxolitinib phosphate salt patents expire mid-2028 in the EU (footnote 3). Table footnote 1: dates include anticipated EU SPC terms even where SPCs remain pending in some countries, and may include granted or anticipated paediatric extensions. Footnote 2: a brand name in the table does not mean approval outside the US."
INCY,JAKAVI,JP,2028,estimated minimum market exclusivity,0000879169-26-000010,"Product/Drug Candidate1,2 | US | EU | Japan | JAKAFI/JAKAVI (ruxolitinib) | Estimated Minimum Market Exclusivity Dates | 2028 | 2028 | 2028","Table row is JAKAFI/JAKAVI; JAKAVI is Novartis's ex-US brand and Incyte books royalties. Additional patents Japan 2028; ruxolitinib phosphate salt patents expire mid-2028 in Japan (footnote 3). Table footnote 1: dates include anticipated EU SPC terms even where SPCs remain pending in some countries, and may include granted or anticipated paediatric extensions. Footnote 2: a brand name in the table does not mean approval outside the US."
INCY,Opzelura,EU,2028,estimated minimum market exclusivity,0000879169-26-000010,"Product/Drug Candidate1,2 | US | EU | Japan | ... OPZELURA (ruxolitinib) cream | Estimated Minimum Market Exclusivity Dates | 2028 | 2028 | 2028 | Additional Patents Expiry Dates3,4 | 2028, 2031 & 2040 | 2028 & 2031 | 2028 & 2031","Additional patents EU 2028 & 2031: phosphate salt mid-2028 (footnote 3) and cream formulation 2031 (footnote 4). Table footnote 1: dates include anticipated EU SPC terms even where SPCs remain pending in some countries, and may include granted or anticipated paediatric extensions. Footnote 2: a brand name in the table does not mean approval outside the US."
INCY,Opzelura,JP,2028,estimated minimum market exclusivity,0000879169-26-000010,"Product/Drug Candidate1,2 | US | EU | Japan | ... OPZELURA (ruxolitinib) cream | Estimated Minimum Market Exclusivity Dates | 2028 | 2028 | 2028 | Additional Patents Expiry Dates3,4 | 2028, 2031 & 2040 | 2028 & 2031 | 2028 & 2031","Additional patents Japan 2028 & 2031: phosphate salt mid-2028 (footnote 3) and cream formulation 2031 (footnote 4). Table footnote 1: dates include anticipated EU SPC terms even where SPCs remain pending in some countries, and may include granted or anticipated paediatric extensions. Footnote 2: a brand name in the table does not mean approval outside the US."
INCY,OLUMIANT,EU,2032,estimated minimum market exclusivity,0000879169-26-000010,"Product/Drug Candidate1,2 | US | EU | Japan | ... OLUMIANT (baricitinib) | Estimated Minimum Market Exclusivity Dates | 20325 | 2032 | 2034","Lilly product; Incyte books royalties. No additional patents listed. US cell 20325 is 2032 with footnote 5. Table footnote 1: dates include anticipated EU SPC terms even where SPCs remain pending in some countries, and may include granted or anticipated paediatric extensions. Footnote 2: a brand name in the table does not mean approval outside the US."
INCY,OLUMIANT,JP,2034,estimated minimum market exclusivity,0000879169-26-000010,"Product/Drug Candidate1,2 | US | EU | Japan | ... OLUMIANT (baricitinib) | Estimated Minimum Market Exclusivity Dates | 20325 | 2032 | 2034","Lilly product; Incyte books royalties. No additional patents listed. Table footnote 1: dates include anticipated EU SPC terms even where SPCs remain pending in some countries, and may include granted or anticipated paediatric extensions. Footnote 2: a brand name in the table does not mean approval outside the US."
INCY,TABRECTA,EU,2032,estimated minimum market exclusivity with granted SPC,0000879169-26-000010,"Product/Drug Candidate1,2 | US | EU | Japan | ... TABRECTA (capmatinib) | Estimated Minimum Market Exclusivity Dates | 20325 | 20326 | 2032 | Additional Patents Expiry Dates | 2035 | 2037 | 2035","EU cell 20326 is 2032 with footnote 6: date reflects the grant of SPC in the EU, although SPCs may remain pending in some countries. Additional patents EU 2037. Novartis product; Incyte books royalties. Table footnote 1: dates include anticipated EU SPC terms even where SPCs remain pending in some countries, and may include granted or anticipated paediatric extensions. Footnote 2: a brand name in the table does not mean approval outside the US."
INCY,TABRECTA,JP,2032,estimated minimum market exclusivity,0000879169-26-000010,"Product/Drug Candidate1,2 | US | EU | Japan | ... TABRECTA (capmatinib) | Estimated Minimum Market Exclusivity Dates | 20325 | 20326 | 2032 | Additional Patents Expiry Dates | 2035 | 2037 | 2035","Additional patents Japan 2035. Novartis product; Incyte books royalties. Table footnote 1: dates include anticipated EU SPC terms even where SPCs remain pending in some countries, and may include granted or anticipated paediatric extensions. Footnote 2: a brand name in the table does not mean approval outside the US."
INCY,Pemazyre,EU,2036,estimated minimum market exclusivity with granted SPC,0000879169-26-000010,"Product/Drug Candidate1,2 | US | EU | Japan | ... PEMAZYRE (pemigatinib) | Estimated Minimum Market Exclusivity Dates | 2035 | 20366 | 2036","EU cell 20366 is 2036 with footnote 6: date reflects the grant of SPC in the EU, although SPCs may remain pending in some countries. No additional EU patents listed. Table footnote 1: dates include anticipated EU SPC terms even where SPCs remain pending in some countries, and may include granted or anticipated paediatric extensions. Footnote 2: a brand name in the table does not mean approval outside the US."
INCY,Pemazyre,JP,2036,estimated minimum market exclusivity,0000879169-26-000010,"Product/Drug Candidate1,2 | US | EU | Japan | ... PEMAZYRE (pemigatinib) | Estimated Minimum Market Exclusivity Dates | 2035 | 20366 | 2036","No additional Japan patents listed. Table footnote 1: dates include anticipated EU SPC terms even where SPCs remain pending in some countries, and may include granted or anticipated paediatric extensions. Footnote 2: a brand name in the table does not mean approval outside the US."
INCY,ICLUSIG,EU,2028,estimated minimum market exclusivity,0000879169-26-000010,"Product/Drug Candidate1,2 | US | EU | Japan | ... ICLUSIG (ponatinib) | Estimated Minimum Market Exclusivity Dates | - | 2028 | -","Incyte holds ICLUSIG rights in Europe and other select countries; US and Japan cells are blank (-). Table footnote 1: dates include anticipated EU SPC terms even where SPCs remain pending in some countries, and may include granted or anticipated paediatric extensions. Footnote 2: a brand name in the table does not mean approval outside the US."
INCY,Zynyz,EU,2036,estimated minimum market exclusivity,0000879169-26-000010,"Product/Drug Candidate1,2 | US | EU | Japan | ... ZYNYZ (retifanlimab)8 | Estimated Minimum Market Exclusivity Dates | 2036 | 2036 | 2036","Retifanlimab licensed from MacroGenics (footnote 8). Table footnote 1: dates include anticipated EU SPC terms even where SPCs remain pending in some countries, and may include granted or anticipated paediatric extensions. Footnote 2: a brand name in the table does not mean approval outside the US."
INCY,Zynyz,JP,2036,estimated minimum market exclusivity,0000879169-26-000010,"Product/Drug Candidate1,2 | US | EU | Japan | ... ZYNYZ (retifanlimab)8 | Estimated Minimum Market Exclusivity Dates | 2036 | 2036 | 2036","Retifanlimab licensed from MacroGenics (footnote 8). Table footnote 1: dates include anticipated EU SPC terms even where SPCs remain pending in some countries, and may include granted or anticipated paediatric extensions. Footnote 2: a brand name in the table does not mean approval outside the US."
INCY,Minjuvi / Monjuvi,EU,2032,estimated minimum market exclusivity with granted SPC,0000879169-26-000010,"Product/Drug Candidate1,2 | US | EU | Japan | ... MONJUVI (tafasitamab)9 | Estimated Minimum Market Exclusivity Dates | 20335 | 20326 | 2027","Table row is MONJUVI (tafasitamab), sold outside the US as MINJUVI. EU cell 20326 is 2032 with footnote 6: date reflects the grant of SPC in the EU, although SPCs may remain pending in some countries. Tafasitamab licensed from Xencor (footnote 9). Table footnote 1: dates include anticipated EU SPC terms even where SPCs remain pending in some countries, and may include granted or anticipated paediatric extensions. Footnote 2: a brand name in the table does not mean approval outside the US."
INCY,Minjuvi / Monjuvi,JP,2027,estimated minimum market exclusivity,0000879169-26-000010,"Product/Drug Candidate1,2 | US | EU | Japan | ... MONJUVI (tafasitamab)9 | Estimated Minimum Market Exclusivity Dates | 20335 | 20326 | 2027","Table row is MONJUVI (tafasitamab). Tafasitamab licensed from Xencor (footnote 9). Table footnote 1: dates include anticipated EU SPC terms even where SPCs remain pending in some countries, and may include granted or anticipated paediatric extensions. Footnote 2: a brand name in the table does not mean approval outside the US."
JNJ,Darzalex,EU,2031,compound patent (select countries),0000200406-26-000016,"Genmab A/S owns two patent families related to DARZALEX, ... The two patent families both expire in the United States in 2029, and in Europe, compound/use patent protection in select countries extends to 2031/2032.","Printed as compound/use protection extending to 2031/2032; read pairwise, compound to 2031 and use to 2032. Covers the Genmab daratumumab families only; Janssen's separate DARZALEX FASPRO and DARZALEX IV portfolios carry no stated date."
LLY,Jardiance,EU,2029,compound patent (estimated expiry),0000059478-26-000013,Jardiance* compound patent | U.S. 2029 major European countries | 2029 Japan | 2030,"Territory: major European countries. No data protection row given. Jardiance is part of the Boehringer Ingelheim collaboration. Filing: estimated dates include, where applicable, pending or granted patent term extensions, so a pending extension may be included."
LLY,Jardiance,JP,2030,compound patent (estimated expiry),0000059478-26-000013,Jardiance* compound patent | U.S. 2029 major European countries | 2029 Japan | 2030,"No data protection row given. Jardiance is part of the Boehringer Ingelheim collaboration. Filing: estimated dates include, where applicable, pending or granted patent term extensions, so a pending extension may be included."
LLY,Mounjaro,EU,2037,compound patent (estimated expiry),0000059478-26-000013,Mounjaro/Zepbound compound patent | U.S. | 2036 major European countries | 2037 Japan | 2040 data protection | U.S. | 2027 major European countries | 2033 Japan | 2030,"Table row is Mounjaro/Zepbound. Territory: major European countries. Data protection 2033 (earlier). Filing: estimated dates include, where applicable, pending or granted patent term extensions, so a pending extension may be included."
LLY,Mounjaro,JP,2040,compound patent (estimated expiry),0000059478-26-000013,Mounjaro/Zepbound compound patent | U.S. | 2036 major European countries | 2037 Japan | 2040 data protection | U.S. | 2027 major European countries | 2033 Japan | 2030,"Table row is Mounjaro/Zepbound. Data protection Japan 2030 (earlier). Filing: estimated dates include, where applicable, pending or granted patent term extensions, so a pending extension may be included."
LLY,Zepbound,EU,2037,compound patent (estimated expiry),0000059478-26-000013,Mounjaro/Zepbound compound patent | U.S. | 2036 major European countries | 2037 Japan | 2040 data protection | U.S. | 2027 major European countries | 2033 Japan | 2030,"Table row is Mounjaro/Zepbound. Territory: major European countries. Data protection 2033 (earlier). Filing: estimated dates include, where applicable, pending or granted patent term extensions, so a pending extension may be included."
LLY,Zepbound,JP,2040,compound patent (estimated expiry),0000059478-26-000013,Mounjaro/Zepbound compound patent | U.S. | 2036 major European countries | 2037 Japan | 2040 data protection | U.S. | 2027 major European countries | 2033 Japan | 2030,"Table row is Mounjaro/Zepbound. Data protection Japan 2030 (earlier). Filing: estimated dates include, where applicable, pending or granted patent term extensions, so a pending extension may be included."
LLY,Trulicity,EU,2029,compound patent (estimated expiry),0000059478-26-000013,Trulicity | compound patent | U.S. | 2027 major European countries | 2029 Japan | 2029 biologics data protection | U.S. | 2027 ... Trulicity will lose significant patent and remaining data protections in the next few years,"Territory: major European countries. No European data protection row (biologics data protection shown for U.S. only, 2027). Risk factors say Trulicity will lose significant patent and remaining data protections in the next few years. Filing: estimated dates include, where applicable, pending or granted patent term extensions, so a pending extension may be included."
LLY,Trulicity,JP,2029,compound patent (estimated expiry),0000059478-26-000013,Trulicity | compound patent | U.S. | 2027 major European countries | 2029 Japan | 2029 biologics data protection | U.S. | 2027 ... Trulicity will lose significant patent and remaining data protections in the next few years,"No Japan data protection row. Risk factors say Trulicity will lose significant patent and remaining data protections in the next few years. Filing: estimated dates include, where applicable, pending or granted patent term extensions, so a pending extension may be included."
LLY,Verzenio,EU,2033,compound patent (estimated expiry),0000059478-26-000013,Verzenio | compound patent | U.S. | 2031 major European countries | 2033 Japan | 2034 data protection | major European countries | 2028 Japan | 2026,"Territory: major European countries. Data protection 2028 (earlier). Filing: estimated dates include, where applicable, pending or granted patent term extensions, so a pending extension may be included."
LLY,Verzenio,JP,2034,compound patent (estimated expiry),0000059478-26-000013,Verzenio | compound patent | U.S. | 2031 major European countries | 2033 Japan | 2034 data protection | major European countries | 2028 Japan | 2026,"Data protection Japan 2026 (earlier). Filing: estimated dates include, where applicable, pending or granted patent term extensions, so a pending extension may be included."
LLY,Taltz,EU,2031,compound patent (estimated expiry),0000059478-26-000013,Taltz compound patent U.S. 2030 major European countries 2031 Japan 2030 biologics data protection U.S. 2028 data protection major European countries 2027,"Territory: major European countries. Data protection 2027 (earlier). Filing: estimated dates include, where applicable, pending or granted patent term extensions, so a pending extension may be included."
LLY,Taltz,JP,2030,compound patent (estimated expiry),0000059478-26-000013,Taltz compound patent U.S. 2030 major European countries 2031 Japan 2030 biologics data protection U.S. 2028 data protection major European countries 2027,"No Japan data protection row given. Filing: estimated dates include, where applicable, pending or granted patent term extensions, so a pending extension may be included."
LLY,Ebglyss,EU,2033,data protection (estimated expiry),0000059478-26-000013,Ebglyss compound patent U.S. 2026 Japan 2029 biologics data protection | U.S. 2036 data protection major European countries 2033 Japan 2034,"Territory: major European countries. Table gives no European compound patent (compound patent listed for U.S. 2026 and Japan 2029 only). Almirall holds rights to Ebglyss for dermatology indications in Europe; Lilly receives royalties. Filing: estimated dates include, where applicable, pending or granted patent term extensions, so a pending extension may be included."
LLY,Ebglyss,JP,2034,data protection (estimated expiry),0000059478-26-000013,Ebglyss compound patent U.S. 2026 Japan 2029 biologics data protection | U.S. 2036 data protection major European countries 2033 Japan 2034,"Compound patent Japan 2029 (earlier). Filing: estimated dates include, where applicable, pending or granted patent term extensions, so a pending extension may be included."
LLY,Jaypirca,EU,2038,compound patent (estimated expiry),0000059478-26-000013,Jaypirca | compound patent | U.S. | 2037 major European countries | 2038 Japan | 2040 data protection | U.S. | 2028 major European countries | 2033 Japan | 2032,"Territory: major European countries. Data protection 2033 (earlier). Filing: estimated dates include, where applicable, pending or granted patent term extensions, so a pending extension may be included."
LLY,Jaypirca,JP,2040,compound patent (estimated expiry),0000059478-26-000013,Jaypirca | compound patent | U.S. | 2037 major European countries | 2038 Japan | 2040 data protection | U.S. | 2028 major European countries | 2033 Japan | 2032,"Data protection Japan 2032 (earlier). Filing: estimated dates include, where applicable, pending or granted patent term extensions, so a pending extension may be included."
LLY,Kisunla,EU,2036,compound patent (estimated expiry),0000059478-26-000013,Kisunla | compound patent U.S. 2036 major European countries 2036 Japan 2036 biologics data protection U.S. 2036 data protection | major European countries 2035 Japan 2032,"Territory: major European countries. Data protection 2035 (earlier). Filing: estimated dates include, where applicable, pending or granted patent term extensions, so a pending extension may be included."
LLY,Kisunla,JP,2036,compound patent (estimated expiry),0000059478-26-000013,Kisunla | compound patent U.S. 2036 major European countries 2036 Japan 2036 biologics data protection U.S. 2036 data protection | major European countries 2035 Japan 2032,"Data protection Japan 2032 (earlier). Filing: estimated dates include, where applicable, pending or granted patent term extensions, so a pending extension may be included."
LLY,Omvoh,EU,2038,compound patent (estimated expiry),0000059478-26-000013,Omvoh compound patent U.S. 2037 major European countries 2038 Japan 2039 biologics data protection U.S. 2035 data protection major European countries 2033 Japan 2033,"Territory: major European countries. Data protection 2033 (earlier). Filing: estimated dates include, where applicable, pending or granted patent term extensions, so a pending extension may be included."
LLY,Omvoh,JP,2039,compound patent (estimated expiry),0000059478-26-000013,Omvoh compound patent U.S. 2037 major European countries 2038 Japan 2039 biologics data protection U.S. 2035 data protection major European countries 2033 Japan 2033,"Data protection Japan 2033 (earlier). Filing: estimated dates include, where applicable, pending or granted patent term extensions, so a pending extension may be included."
LLY,Inluriyo,EU,2039,compound patent (estimated expiry),0000059478-26-000013,Inluriyo | compound patent | U.S. | 2039 major European countries | 2039 Japan | 2039 data protection | U.S. | 2030 major European countries | 2036 Japan | 2033,"Territory: major European countries. Data protection 2036 (earlier). Filing: estimated dates include, where applicable, pending or granted patent term extensions, so a pending extension may be included."
LLY,Inluriyo,JP,2039,compound patent (estimated expiry),0000059478-26-000013,Inluriyo | compound patent | U.S. | 2039 major European countries | 2039 Japan | 2039 data protection | U.S. | 2030 major European countries | 2036 Japan | 2033,"Data protection Japan 2033 (earlier). Filing: estimated dates include, where applicable, pending or granted patent term extensions, so a pending extension may be included."
MRK,Keytruda,EU,2031,compound patent (Major EU Markets),0000310158-26-000063,The Company also expects to lose market exclusivity in Europe for Keytruda in 2031 following compound patent expiration.,"Patent table prints 2031 for the EU (France, Germany, Italy, Spain). Filing warns of possible patent challenges or biosimilar launches in some European jurisdictions after EU data exclusivity expires in July 2026. Keytruda Qlex EU key patent 2031; an application pending that would expire 2040 if granted."
MRK,Keytruda,JP,2033,compound patent,0000310158-26-000063,Product Year of Expiration (U.S.) Year of Expiration (EU)(1) Year of Expiration (Japan)(2) Year of Expiration (China) ... Keytruda 2028(10) 2031 2032-2033 2028,"Printed as 2032-2033. Japan PTEs are granted per indication, each with its own expiry (footnote 2), so the earliest expiry is 2032; later year taken."
MRK,Keytruda,CN,2028,compound patent,0000310158-26-000063,Product Year of Expiration (U.S.) Year of Expiration (EU)(1) Year of Expiration (Japan)(2) Year of Expiration (China) ... Keytruda 2028(10) 2031 2032-2033 2028,
MRK,Gardasil / Gardasil 9,EU,2030,composition patent (Gardasil 9),0000310158-26-000063,Product Year of Expiration (U.S.) Year of Expiration (EU)(1) Year of Expiration (Japan)(2) Year of Expiration (China) ... Gardasil 2028 Expired Expired Expired Gardasil 9 2028 2030(9) 2030(9) Expired,Date is for Gardasil 9. Gardasil (quadrivalent) printed Expired in the EU.
MRK,Gardasil / Gardasil 9,JP,2030,composition patent (Gardasil 9),0000310158-26-000063,Product Year of Expiration (U.S.) Year of Expiration (EU)(1) Year of Expiration (Japan)(2) Year of Expiration (China) ... Gardasil 2028 Expired Expired Expired Gardasil 9 2028 2030(9) 2030(9) Expired,Date is for Gardasil 9. Gardasil (quadrivalent) printed Expired in Japan.
MRK,Gardasil / Gardasil 9,CN,expired,patent expired,0000310158-26-000063,Product Year of Expiration (U.S.) Year of Expiration (EU)(1) Year of Expiration (Japan)(2) Year of Expiration (China) ... Gardasil 2028 Expired Expired Expired Gardasil 9 2028 2030(9) 2030(9) Expired,Both Gardasil and Gardasil 9 printed Expired in China. No year stated.
MRK,Bridion,EU,expired,compound patent expired,0000310158-26-000063,Product Year of Expiration (U.S.) Year of Expiration (EU)(1) Year of Expiration (Japan)(2) Year of Expiration (China) ... Bridion 2026 Expired Expired Expired,No year stated. Filing cites lower demand in most international markets due to generic competition.
MRK,Bridion,JP,expired,compound patent expired,0000310158-26-000063,Product Year of Expiration (U.S.) Year of Expiration (EU)(1) Year of Expiration (Japan)(2) Year of Expiration (China) ... Bridion 2026 Expired Expired Expired,No year stated.
MRK,Bridion,CN,expired,compound patent expired,0000310158-26-000063,Product Year of Expiration (U.S.) Year of Expiration (EU)(1) Year of Expiration (Japan)(2) Year of Expiration (China) ... Bridion 2026 Expired Expired Expired,No year stated.
MRK,Januvia,EU,expired,compound patent expired,0000310158-26-000063,Product Year of Expiration (U.S.) Year of Expiration (EU)(1) Year of Expiration (Japan)(2) Year of Expiration (China) ... Januvia 2026(3) Expired 2026 Expired,No year stated.
MRK,Januvia,JP,2026-03-30,compound patent with PTE,0000310158-26-000063,"Merck asserts that the Defendants’ activity infringes a patent term extension associated with Merck’s patent directed to the sitagliptin compound patent. ... The relevant PTE for Januvia in Japan remains in effect until it expires on March 30, 2026.",Patent table prints 2026 for Japan. Sawai conceded Merck's claims in the Tokyo District Court case in January 2026.
MRK,Januvia,CN,expired,compound patent expired,0000310158-26-000063,Product Year of Expiration (U.S.) Year of Expiration (EU)(1) Year of Expiration (Japan)(2) Year of Expiration (China) ... Januvia 2026(3) Expired 2026 Expired,No year stated.
MRK,Janumet,EU,expired,SPC expired,0000310158-26-000063,Supplementary Protection Certificates (SPCs) for Janumet expired in April 2023 for the majority of European countries.,Expired April 2023 (majority of European countries). Patent table prints Expired for the EU. Proceedings on SPC validity and damages may follow in countries where generics were kept off the market during the SPC period.
MRK,Janumet,CN,expired,compound patent expired,0000310158-26-000063,Product Year of Expiration (U.S.) Year of Expiration (EU)(1) Year of Expiration (Japan)(2) Year of Expiration (China) ... Janumet 2026(3) Expired N/A Expired,No year stated. Japan printed N/A (no marketing approval).
MRK,Lynparza,EU,2029,compound patent (Major EU Markets),0000310158-26-000063,Product Year of Expiration (U.S.) Year of Expiration (EU)(1) Year of Expiration (Japan)(2) Year of Expiration (China) ... Lynparza(6) 2027(7) 2029(7) 2028-2029 Expired,"Footnote 7: eligible for six months pediatric market exclusivity; not granted, not included. AstraZeneca collaboration."
MRK,Lynparza,JP,2029,compound patent,0000310158-26-000063,Product Year of Expiration (U.S.) Year of Expiration (EU)(1) Year of Expiration (Japan)(2) Year of Expiration (China) ... Lynparza(6) 2027(7) 2029(7) 2028-2029 Expired,"Printed as 2028-2029. Japan PTEs are granted per indication, each with its own expiry (footnote 2), so the earliest expiry is 2028; later year taken."
MRK,Lynparza,CN,expired,compound patent expired,0000310158-26-000063,Product Year of Expiration (U.S.) Year of Expiration (EU)(1) Year of Expiration (Japan)(2) Year of Expiration (China) ... Lynparza(6) 2027(7) 2029(7) 2028-2029 Expired,No year stated.
MRK,Winrevair,EU,2035,regulatory data exclusivity,0000310158-26-000063,"Winrevair 2027(8) 2026(8) 2031 (with pending PTE)(8) 2026 ... (8)Eligible for 12 years of data exclusivity in the U.S. (expires in 2036), 11 years in the EU (expires in 2035), and 10 years in Japan (expires in 2035).",Compound patent expires 2026 in the EU; 11 years of EU data exclusivity (filing says eligible for) expires 2035 and is later. Granted patents on methods of treating PAH expire 2037 absent PTE or SPC and may add exclusivity.
MRK,Winrevair,JP,2035,regulatory data exclusivity,0000310158-26-000063,"Winrevair 2027(8) 2026(8) 2031 (with pending PTE)(8) 2026 ... (8)Eligible for 12 years of data exclusivity in the U.S. (expires in 2036), 11 years in the EU (expires in 2035), and 10 years in Japan (expires in 2035).",Compound patent printed as 2031 with a pending PTE (not taken). 10 years of Japan data exclusivity (filing says eligible for) expires 2035. Method-of-treatment patents expire 2037 absent PTE or SPC.
MRK,Winrevair,CN,2026,compound patent,0000310158-26-000063,Product Year of Expiration (U.S.) Year of Expiration (EU)(1) Year of Expiration (Japan)(2) Year of Expiration (China) ... Winrevair 2027(8) 2026(8) 2031 (with pending PTE)(8) 2026,
MRK,Lenvima,EU,2027,compound patent (Major EU Markets),0000310158-26-000063,Product Year of Expiration (U.S.) Year of Expiration (EU)(1) Year of Expiration (Japan)(2) Year of Expiration (China) ... Lenvima(4) 2026(5) 2027 2026 Expired,Eisai collaboration.
MRK,Lenvima,JP,2026,compound patent,0000310158-26-000063,Product Year of Expiration (U.S.) Year of Expiration (EU)(1) Year of Expiration (Japan)(2) Year of Expiration (China) ... Lenvima(4) 2026(5) 2027 2026 Expired,Eisai collaboration.
MRK,Lenvima,CN,expired,compound patent expired,0000310158-26-000063,Product Year of Expiration (U.S.) Year of Expiration (EU)(1) Year of Expiration (Japan)(2) Year of Expiration (China) ... Lenvima(4) 2026(5) 2027 2026 Expired,No year stated. Eisai collaboration.
MRK,Prevymis,EU,2030-01,regulatory data exclusivity,0000310158-26-000063,Product Year of Expiration (U.S.) Year of Expiration (EU)(1) Year of Expiration (Japan)(2) Year of Expiration (China) ... Prevymis 2029 2029(13) 2029 Expired ... (13)Data exclusivity expires in January 2030.,Compound patent 2029 (Major EU Markets); data exclusivity to January 2030 is later.
MRK,Prevymis,JP,2029,compound patent,0000310158-26-000063,Product Year of Expiration (U.S.) Year of Expiration (EU)(1) Year of Expiration (Japan)(2) Year of Expiration (China) ... Prevymis 2029 2029(13) 2029 Expired,
MRK,Prevymis,CN,expired,compound patent expired,0000310158-26-000063,Product Year of Expiration (U.S.) Year of Expiration (EU)(1) Year of Expiration (Japan)(2) Year of Expiration (China) ... Prevymis 2029 2029(13) 2029 Expired,No year stated. Filing cites lower demand in China due to generic competition.
MRK,Vaxneuvance,EU,2031-12,regulatory data exclusivity,0000310158-26-000063,"Vaxneuvance 2031(9)(14) No Patent(15) No Patent(15) N/A ... (15)Data exclusivity has been granted in the EU and Japan, which expires in December 2031 and September 2030, respectively.",Patent table prints No Patent for the EU.
MRK,Vaxneuvance,JP,2030-09,regulatory data exclusivity,0000310158-26-000063,"Vaxneuvance 2031(9)(14) No Patent(15) No Patent(15) N/A ... (15)Data exclusivity has been granted in the EU and Japan, which expires in December 2031 and September 2030, respectively.",Patent table prints No Patent for Japan.
MRK,CAPVAXIVE,EU,2038,composition patent,0000310158-26-000063,Product Year of Expiration (U.S.) Year of Expiration (EU)(1) Year of Expiration (Japan)(2) Year of Expiration (China) ... Capvaxive 2038(9) 2038 (patent)(9)(18) 2040 (with pending PTE)(9) N/A ... (18)SPC applications will be filed in 2026.,"SPC applications to be filed in 2026; not included. Japan printed only as 2040 with pending PTE, so no Japan row."
MRK,Welireg,EU,2034,compound patent (Major EU Markets),0000310158-26-000063,"Product Year of Expiration (U.S.) Year of Expiration (EU)(1) Year of Expiration (Japan)(2) Year of Expiration (China) ... Welireg 2035 (with pending PTE) 2034 (patent), 2039 (SPCs) 2039 (with pending PTE) 2034","Table also prints 2039 (SPCs): per footnote 1 both dates are listed when SPC applications are filed but not granted in all Major EU Markets; SPC not taken. Japan printed only as 2039 with pending PTE, so no Japan row."
MRK,Welireg,CN,2034,compound patent,0000310158-26-000063,"Product Year of Expiration (U.S.) Year of Expiration (EU)(1) Year of Expiration (Japan)(2) Year of Expiration (China) ... Welireg 2035 (with pending PTE) 2034 (patent), 2039 (SPCs) 2039 (with pending PTE) 2034",
MRK,Adempas / Verquvo,EU,2028,"compound patent (Adempas, Major EU Markets)",0000310158-26-000063,Product Year of Expiration (U.S.) Year of Expiration (EU)(1) Year of Expiration (Japan)(2) Year of Expiration (China) ... Adempas(11) N/A(12) 2028(7) 2027-2028 Expired,"Date is for Adempas; the table does not list Verquvo. Footnote 7: eligible for six months pediatric market exclusivity; not granted, not included. Bayer collaboration."
MRK,Adempas / Verquvo,JP,2028,compound patent (Adempas),0000310158-26-000063,Product Year of Expiration (U.S.) Year of Expiration (EU)(1) Year of Expiration (Japan)(2) Year of Expiration (China) ... Adempas(11) N/A(12) 2028(7) 2027-2028 Expired,"Date is for Adempas; the table does not list Verquvo. Printed as 2027-2028; Japan PTEs are granted per indication (footnote 2), earliest 2027; later year taken."
MRK,Adempas / Verquvo,CN,expired,compound patent expired (Adempas),0000310158-26-000063,Product Year of Expiration (U.S.) Year of Expiration (EU)(1) Year of Expiration (Japan)(2) Year of Expiration (China) ... Adempas(11) N/A(12) 2028(7) 2027-2028 Expired,Date is for Adempas; the table does not list Verquvo. No year stated.
NVO,Ozempic,CN,2026-03,compound patent,0000353278-26-000006,"Semaglutide compound patent in China On December 31, 2025, China’s Supreme People’s Court issued a final judgment, deciding that the semaglutide compound patent in China is valid. The patent is in force until expiration in March 2026.",Stated for the semaglutide compound patent (Q4 2025 financial report 6-K). The Annual Report 2025 patent table in the 20-F (0000353278-26-000012) lists China 2026 for Ozempic. A January 2026 antitrust suit in China (Hangzhou Jiuyuan) claims the patent exclusivity was improperly extended.
NVO,Ozempic,EU,2031,active ingredient patent,0000353278-26-000012,Product | US | China | Japan | Europe2 ... Ozempic® | 2032 | 2026 | 2031 | 2031,"Europe column: footnote 2 says patent status varies from country to country and the figures are based on Germany. Dates are for patents on the active ingredient and include actual and estimated extensions of patent term; the filing does not separate the estimated extensions. H1 2026 report (0000353278-26-000023): on 30 June 2026 Sandoz sued in the Unified Patent Court to revoke Unitary Patent 3 689 365, covering the 1mg dose of semaglutide for diabetes in 18 EU countries."
NVO,Ozempic,JP,2031,active ingredient patent,0000353278-26-000012,Product | US | China | Japan | Europe2 ... Ozempic® | 2032 | 2026 | 2031 | 2031,Dates include actual and estimated extensions of patent term; the filing does not separate them.
NVO,Ozempic,CA,expired,loss of exclusivity,0000353278-26-000023,"In Canada, the loss of exclusivity for semaglutide has led to lower realised prices while volumes have remained broadly stable for Novo Nordisk.",Stated for semaglutide in the H1 2026 financial report 6-K; no expiry date given. The Q1 2026 report (0000353278-26-000018) said the first semaglutide generics in Canada had been approved but none launched.
NVO,Ozempic,IN,expired,compound patent expired,0000353278-26-000018,"Following expiration of the semaglutide compound patent in India on 20 March 2026, several generic companies have sought and/or received regulatory approval to commercialize a generic version of oral semaglutide.","Compound patent expired 2026-03-20 (Q1 2026 financial report 6-K), stated for the semaglutide molecule. The same report says semaglutide generics were launched in India by competing companies during Q1."
NVO,Wegovy,CN,2026-03,compound patent,0000353278-26-000006,"Semaglutide compound patent in China On December 31, 2025, China’s Supreme People’s Court issued a final judgment, deciding that the semaglutide compound patent in China is valid. The patent is in force until expiration in March 2026.",Stated for the semaglutide compound patent (Q4 2025 financial report 6-K). The Annual Report 2025 patent table in the 20-F (0000353278-26-000012) lists China 2026 for Wegovy. A January 2026 antitrust suit in China (Hangzhou Jiuyuan) claims the patent exclusivity was improperly extended.
NVO,Wegovy,EU,2031,active ingredient patent,0000353278-26-000012,Product | US | China | Japan | Europe2 ... Wegovy® injection | 2032 | 2026 | 2031 | 2031,Europe column: footnote 2 says patent status varies from country to country and the figures are based on Germany. Dates are for patents on the active ingredient and include actual and estimated extensions of patent term; the filing does not separate the estimated extensions. The table lists Wegovy® pill with the same dates (2032 | 2026 | 2031 | 2031).
NVO,Wegovy,JP,2031,active ingredient patent,0000353278-26-000012,Product | US | China | Japan | Europe2 ... Wegovy® injection | 2032 | 2026 | 2031 | 2031,Dates include actual and estimated extensions of patent term; the filing does not separate them. The table lists Wegovy® pill with the same dates.
NVO,Wegovy,CA,expired,loss of exclusivity,0000353278-26-000023,"In Canada, the loss of exclusivity for semaglutide has led to lower realised prices while volumes have remained broadly stable for Novo Nordisk.",Stated for semaglutide in the H1 2026 financial report 6-K; no expiry date given. The Q1 2026 report (0000353278-26-000018) said the first semaglutide generics in Canada had been approved but none launched.
NVO,Wegovy,IN,expired,compound patent expired,0000353278-26-000018,"Following expiration of the semaglutide compound patent in India on 20 March 2026, several generic companies have sought and/or received regulatory approval to commercialize a generic version of oral semaglutide.","Compound patent expired 2026-03-20 (Q1 2026 financial report 6-K), stated for the semaglutide molecule. The same report says semaglutide generics were launched in India by competing companies during Q1."
NVO,Rybelsus,CN,2026-03,compound patent,0000353278-26-000006,"Semaglutide compound patent in China On December 31, 2025, China’s Supreme People’s Court issued a final judgment, deciding that the semaglutide compound patent in China is valid. The patent is in force until expiration in March 2026.",Stated for the semaglutide compound patent (Q4 2025 financial report 6-K). The Annual Report 2025 patent table in the 20-F (0000353278-26-000012) lists China 2026 for Rybelsus. A January 2026 antitrust suit in China (Hangzhou Jiuyuan) claims the patent exclusivity was improperly extended.
NVO,Rybelsus,EU,2031,active ingredient patent,0000353278-26-000012,Product | US | China | Japan | Europe2 ... Rybelsus® | 2032 | 2026 | 2031 | 2031,Europe column: footnote 2 says patent status varies from country to country and the figures are based on Germany. Dates are for patents on the active ingredient and include actual and estimated extensions of patent term; the filing does not separate the estimated extensions.
NVO,Rybelsus,JP,2031,active ingredient patent,0000353278-26-000012,Product | US | China | Japan | Europe2 ... Rybelsus® | 2032 | 2026 | 2031 | 2031,Dates include actual and estimated extensions of patent term; the filing does not separate them.
NVO,Rybelsus,CA,expired,loss of exclusivity,0000353278-26-000023,"In Canada, the loss of exclusivity for semaglutide has led to lower realised prices while volumes have remained broadly stable for Novo Nordisk.",Stated for semaglutide in the H1 2026 financial report 6-K; no expiry date given. The Q1 2026 report (0000353278-26-000018) said the first semaglutide generics in Canada had been approved but none launched.
NVO,Rybelsus,IN,expired,compound patent expired,0000353278-26-000018,"Following expiration of the semaglutide compound patent in India on 20 March 2026, several generic companies have sought and/or received regulatory approval to commercialize a generic version of oral semaglutide.","Compound patent expired 2026-03-20 (Q1 2026 financial report 6-K), stated for the semaglutide molecule. The same report says semaglutide generics were launched in India by competing companies during Q1. Novo Nordisk sued Torrent and Dr. Reddy’s in the Delhi High Court alleging their oral generics infringe formulation patents (SNAC content and/or separate granules)."
NVO,Tresiba,CN,expired,active ingredient patent expired,0000353278-26-000012,Product | US | China | Japan | Europe2 ... Tresiba® | 2029 | Expired | 2027 | 2028,
NVO,Tresiba,JP,2027,active ingredient patent,0000353278-26-000012,Product | US | China | Japan | Europe2 ... Tresiba® | 2029 | Expired | 2027 | 2028,Dates include actual and estimated extensions of patent term; the filing does not separate them.
NVO,Tresiba,EU,2028,active ingredient patent,0000353278-26-000012,Product | US | China | Japan | Europe2 ... Tresiba® | 2029 | Expired | 2027 | 2028,Europe column: footnote 2 says patent status varies from country to country and the figures are based on Germany. Dates are for patents on the active ingredient and include actual and estimated extensions of patent term; the filing does not separate the estimated extensions.
NVO,Xultophy,CN,expired,active ingredient patent expired,0000353278-26-000012,Product | US | China | Japan | Europe2 ... Xultophy® | 2029 | Expired | Expired | 2028,
NVO,Xultophy,JP,expired,active ingredient patent expired,0000353278-26-000012,Product | US | China | Japan | Europe2 ... Xultophy® | 2029 | Expired | Expired | 2028,
NVO,Xultophy,EU,2028,active ingredient patent,0000353278-26-000012,Product | US | China | Japan | Europe2 ... Xultophy® | 2029 | Expired | Expired | 2028,Europe column: footnote 2 says patent status varies from country to country and the figures are based on Germany. Dates are for patents on the active ingredient and include actual and estimated extensions of patent term; the filing does not separate the estimated extensions.
NVO,Ryzodeg,CN,expired,active ingredient patent expired,0000353278-26-000012,Product | US | China | Japan | Europe2 ... Ryzodeg® | 2029 | Expired | Expired | 2028,
NVO,Ryzodeg,JP,expired,active ingredient patent expired,0000353278-26-000012,Product | US | China | Japan | Europe2 ... Ryzodeg® | 2029 | Expired | Expired | 2028,
NVO,Ryzodeg,EU,2028,active ingredient patent,0000353278-26-000012,Product | US | China | Japan | Europe2 ... Ryzodeg® | 2029 | Expired | Expired | 2028,Europe column: footnote 2 says patent status varies from country to country and the figures are based on Germany. Dates are for patents on the active ingredient and include actual and estimated extensions of patent term; the filing does not separate the estimated extensions.
NVO,Novo Seven,CN,expired,active ingredient patent expired,0000353278-26-000012,Product | US | China | Japan | Europe2 ... NovoSeven® | Expired | Expired | Expired | Expired,
NVO,Novo Seven,JP,expired,active ingredient patent expired,0000353278-26-000012,Product | US | China | Japan | Europe2 ... NovoSeven® | Expired | Expired | Expired | Expired,
NVO,Novo Seven,EU,expired,active ingredient patent expired,0000353278-26-000012,Product | US | China | Japan | Europe2 ... NovoSeven® | Expired | Expired | Expired | Expired,Europe column: footnote 2 says patent status varies from country to country and the figures are based on Germany.
NVO,Human Insulin,CN,expired,active ingredient patent expired,0000353278-26-000012,"Product | US | China | Japan | Europe2 ... Human insulin and Modern insulins3 | Expired | Expired | Expired | Expired ... 3. Modern insulins are NovoRapid® (NovoLog®), NovoMix® 30 (NovoLog® Mix 70/30), NovoMix® 50, NovoMix® 70 and Levemir®.",
NVO,Human Insulin,JP,expired,active ingredient patent expired,0000353278-26-000012,"Product | US | China | Japan | Europe2 ... Human insulin and Modern insulins3 | Expired | Expired | Expired | Expired ... 3. Modern insulins are NovoRapid® (NovoLog®), NovoMix® 30 (NovoLog® Mix 70/30), NovoMix® 50, NovoMix® 70 and Levemir®.",
NVO,Human Insulin,EU,expired,active ingredient patent expired,0000353278-26-000012,"Product | US | China | Japan | Europe2 ... Human insulin and Modern insulins3 | Expired | Expired | Expired | Expired ... 3. Modern insulins are NovoRapid® (NovoLog®), NovoMix® 30 (NovoLog® Mix 70/30), NovoMix® 50, NovoMix® 70 and Levemir®.",Europe column based on Germany (footnote 2).
NVO,Novo Rapid And Novo Log,CN,expired,active ingredient patent expired,0000353278-26-000012,"Product | US | China | Japan | Europe2 ... Human insulin and Modern insulins3 | Expired | Expired | Expired | Expired ... 3. Modern insulins are NovoRapid® (NovoLog®), NovoMix® 30 (NovoLog® Mix 70/30), NovoMix® 50, NovoMix® 70 and Levemir®.","Covered by the table row ""Human insulin and Modern insulins""; footnote 3 names NovoRapid® (NovoLog®) as a modern insulin."
NVO,Novo Rapid And Novo Log,JP,expired,active ingredient patent expired,0000353278-26-000012,"Product | US | China | Japan | Europe2 ... Human insulin and Modern insulins3 | Expired | Expired | Expired | Expired ... 3. Modern insulins are NovoRapid® (NovoLog®), NovoMix® 30 (NovoLog® Mix 70/30), NovoMix® 50, NovoMix® 70 and Levemir®.","Covered by the table row ""Human insulin and Modern insulins""; footnote 3 names NovoRapid® (NovoLog®) as a modern insulin."
NVO,Novo Rapid And Novo Log,EU,expired,active ingredient patent expired,0000353278-26-000012,"Product | US | China | Japan | Europe2 ... Human insulin and Modern insulins3 | Expired | Expired | Expired | Expired ... 3. Modern insulins are NovoRapid® (NovoLog®), NovoMix® 30 (NovoLog® Mix 70/30), NovoMix® 50, NovoMix® 70 and Levemir®.","Europe column based on Germany (footnote 2). Covered by the table row ""Human insulin and Modern insulins""; footnote 3 names NovoRapid® (NovoLog®) as a modern insulin."
NVO,Novo Mix And Novo Log Mix,CN,expired,active ingredient patent expired,0000353278-26-000012,"Product | US | China | Japan | Europe2 ... Human insulin and Modern insulins3 | Expired | Expired | Expired | Expired ... 3. Modern insulins are NovoRapid® (NovoLog®), NovoMix® 30 (NovoLog® Mix 70/30), NovoMix® 50, NovoMix® 70 and Levemir®.","Covered by the table row ""Human insulin and Modern insulins""; footnote 3 names NovoMix® 30 (NovoLog® Mix 70/30), NovoMix® 50 and NovoMix® 70 as modern insulins."
NVO,Novo Mix And Novo Log Mix,JP,expired,active ingredient patent expired,0000353278-26-000012,"Product | US | China | Japan | Europe2 ... Human insulin and Modern insulins3 | Expired | Expired | Expired | Expired ... 3. Modern insulins are NovoRapid® (NovoLog®), NovoMix® 30 (NovoLog® Mix 70/30), NovoMix® 50, NovoMix® 70 and Levemir®.","Covered by the table row ""Human insulin and Modern insulins""; footnote 3 names NovoMix® 30 (NovoLog® Mix 70/30), NovoMix® 50 and NovoMix® 70 as modern insulins."
NVO,Novo Mix And Novo Log Mix,EU,expired,active ingredient patent expired,0000353278-26-000012,"Product | US | China | Japan | Europe2 ... Human insulin and Modern insulins3 | Expired | Expired | Expired | Expired ... 3. Modern insulins are NovoRapid® (NovoLog®), NovoMix® 30 (NovoLog® Mix 70/30), NovoMix® 50, NovoMix® 70 and Levemir®.","Europe column based on Germany (footnote 2). Covered by the table row ""Human insulin and Modern insulins""; footnote 3 names NovoMix® 30 (NovoLog® Mix 70/30), NovoMix® 50 and NovoMix® 70 as modern insulins."
NVO,Levemir,CN,expired,active ingredient patent expired,0000353278-26-000012,"Product | US | China | Japan | Europe2 ... Human insulin and Modern insulins3 | Expired | Expired | Expired | Expired ... 3. Modern insulins are NovoRapid® (NovoLog®), NovoMix® 30 (NovoLog® Mix 70/30), NovoMix® 50, NovoMix® 70 and Levemir®.","Covered by the table row ""Human insulin and Modern insulins""; footnote 3 names Levemir® as a modern insulin."
NVO,Levemir,JP,expired,active ingredient patent expired,0000353278-26-000012,"Product | US | China | Japan | Europe2 ... Human insulin and Modern insulins3 | Expired | Expired | Expired | Expired ... 3. Modern insulins are NovoRapid® (NovoLog®), NovoMix® 30 (NovoLog® Mix 70/30), NovoMix® 50, NovoMix® 70 and Levemir®.","Covered by the table row ""Human insulin and Modern insulins""; footnote 3 names Levemir® as a modern insulin."
NVO,Levemir,EU,expired,active ingredient patent expired,0000353278-26-000012,"Product | US | China | Japan | Europe2 ... Human insulin and Modern insulins3 | Expired | Expired | Expired | Expired ... 3. Modern insulins are NovoRapid® (NovoLog®), NovoMix® 30 (NovoLog® Mix 70/30), NovoMix® 50, NovoMix® 70 and Levemir®.","Europe column based on Germany (footnote 2). Covered by the table row ""Human insulin and Modern insulins""; footnote 3 names Levemir® as a modern insulin."
NVO,Victoza,JP,expired,compound patent expired,0000353278-26-000012,"The compound patent for Victoza® has expired. In Japan, the drug compound patent expired in 2022",Expired 2022.
NVO,Victoza,EU,expired,compound patent expired,0000353278-26-000012,"The compound patent for Victoza® has expired. In Japan, the drug compound patent expired in 2022; in the US and Germany, the drug compound patent expired in 2023.","Expired 2023, stated for Germany. The Annual Report table Europe column (based on Germany) shows Expired."
NVO,Victoza,CN,expired,compound patent expired,0000353278-26-000012,The compound patent for Victoza® has expired. ... The drug compound patent expired in China in 2017 and in 2023 a biosimilar version of Victoza® was approved in China.,Expired 2017; a biosimilar was approved in China in 2023.
NVO,Saxenda,CN,expired,compound patent expired,0000353278-26-000012,The drug compound patent for Saxenda® (liraglutide) has expired in all countries.,"The Annual Report 2025 patent table also shows Expired for China, Japan and Europe."
NVO,Saxenda,JP,expired,compound patent expired,0000353278-26-000012,The drug compound patent for Saxenda® (liraglutide) has expired in all countries.,"The Annual Report 2025 patent table also shows Expired for China, Japan and Europe."
NVO,Saxenda,EU,expired,compound patent expired,0000353278-26-000012,The drug compound patent for Saxenda® (liraglutide) has expired in all countries.,"The Annual Report 2025 patent table also shows Expired for China, Japan and Europe."
NVO,Awigli,EU,2034,estimate (pipeline table patent expiration column),0000353278-26-000012,Insulin Icodec (NN1436) / Once-weekly basal insulin analogue | Approved by EU and others (Under brand name Awiqli®) ... 20372 ... 2 Current estimate of regulatory data protection in the United States. Key EU markets and Japan estimate 2034,"From the 20-F phase 3/filed compounds table. Footnote 2 describes the US figure (2037) as the current estimate of regulatory data protection and gives 2034 for key EU markets and Japan without saying whether that is patent or data protection. ""20372"" is 2037 with footnote marker 2. Region is ""key EU markets""."
NVO,Awigli,JP,2034,estimate (pipeline table patent expiration column),0000353278-26-000012,Insulin Icodec (NN1436) / Once-weekly basal insulin analogue | Approved by EU and others (Under brand name Awiqli®) ... 20372 ... 2 Current estimate of regulatory data protection in the United States. Key EU markets and Japan estimate 2034,"From the 20-F phase 3/filed compounds table. Footnote 2 describes the US figure (2037) as the current estimate of regulatory data protection and gives 2034 for key EU markets and Japan without saying whether that is patent or data protection. ""20372"" is 2037 with footnote marker 2."
NVS,Entresto,EU,2026-11,regulatory data protection,0001114448-26-000004,"Our regulatory data protection for Entresto in Europe expires in November 2026, and revenues will decline substantially thereafter unless we are successful in appropriately asserting our intellectual property rights that expire later.",Patent table EU column gives 2026 (row: Entresto | Combination patent expired | 2026 2). Footnote 2: RDP expires in 2026; combination patent with SPC expires in 2028; Novartis has additional later-expiring EU patents it will enforce. Not taken as LOE because the table's own EU date is 2026. Novartis is in litigation with a generic manufacturer over Entresto IP (jurisdiction not stated).
NVS,Cosentyx,EU,2030,"CoM patent (incl. granted SPC/PE) or RDP/ODE, whichever later",0001114448-26-000004,Cosentyx | 2029 | 2030,"EU column footnote 1: SPC (including pediatric extension) dates are listed when granted in at least one of France, Germany, Italy, Spain and the UK."
NVS,Kesimpta,EU,expired,CoM patent expired,0001114448-26-000004,Kesimpta | 2031 | CoM patent expired 4,Year not stated. Footnote 4: there is no generic or biosimilar competition for this product in this market.
NVS,Kisqali,EU,2032,"CoM patent (incl. granted SPC/PE) or RDP/ODE, whichever later",0001114448-26-000004,Kisqali | 2031 | 2032,"EU column footnote 1: SPC (including pediatric extension) dates are listed when granted in at least one of France, Germany, Italy, Spain and the UK."
NVS,Promacta,EU,expired,CoM patent expired,0001114448-26-000004,Promacta/Revolade | CoM patent expired | CoM patent expired,Year of patent expiry not stated. Sales review: generic entry ex-US in the third quarter of 2025.
NVS,Promacta,ROW,expired,generic entry ex-US,0001114448-26-000004,"Promacta/Revolade (USD 1.6 billion, -26%, -27% cc) sales declined due to generic entry in the US in Q2 2025 and ex-US in the third quarter of 2025.",Generic entry ex-US in Q3 2025 (2025).
NVS,Mekinist,EU,2029,"CoM patent (incl. granted SPC/PE) or RDP/ODE, whichever later",0001114448-26-000004,Mekinist | 2027 3 | 2029 | Use of Mekinist with Tafinlar or Tafinlar with Mekinist | 2031 | 2030,"Separate row for use of Mekinist with Tafinlar (combination use) runs to 2030 in the EU; Tafinlar itself EU 2029. Footnote 3 (ANDA challenge) applies to the US date only. EU column footnote 1: SPC (including pediatric extension) dates are listed when granted in at least one of France, Germany, Italy, Spain and the UK."
NVS,Jakavi,EU,2028,"CoM patent (incl. granted SPC/PE) or RDP/ODE, whichever later",0001114448-26-000004,Jakavi | N/A | 2028,"EU column footnote 1: SPC (including pediatric extension) dates are listed when granted in at least one of France, Germany, Italy, Spain and the UK."
NVS,Xolair,EU,expired,CoM patent expired,0001114448-26-000004,Xolair | N/A | CoM patent expired,Year not stated. Sales review: a biosimilar was introduced in some European markets in the third quarter of 2025.
NVS,Tasigna,EU,expired,CoM patent expired,0001114448-26-000004,Tasigna | CoM patent expired | CoM patent expired,"Year not stated. Sales review: Tasigna sales declined due to generic competition globally; Europe growth partly offset by generic competition, mainly for Lucentis and Tasigna."
NVS,Ilaris,EU,expired,CoM patent expired,0001114448-26-000004,Ilaris | CoM patent expired 4 | CoM patent expired,Year not stated. Footnote 4 (no generic or biosimilar competition) is attached to the US entry only.
NVS,Pluvicto,EU,2037,"CoM patent (incl. granted SPC/PE) or RDP/ODE, whichever later",0001114448-26-000004,Pluvicto | 2034 5 | 2037,"Footnote 5 (PTE or SPC applied for, pending) is attached to the US date only. EU column footnote 1: SPC (including pediatric extension) dates are listed when granted in at least one of France, Germany, Italy, Spain and the UK."
NVS,Zolgensma,EU,2033,"CoM patent (incl. granted SPC/PE) or RDP/ODE, whichever later",0001114448-26-000004,Zolgensma | 2033 | 2033,"EU column footnote 1: SPC (including pediatric extension) dates are listed when granted in at least one of France, Germany, Italy, Spain and the UK."
NVS,Leqvio,EU,2035,"CoM patent (incl. granted SPC/PE) or RDP/ODE, whichever later",0001114448-26-000004,Leqvio | 2034 5 | 2035,"Footnote 5 (PTE or SPC applied for, pending) is attached to the US date only. EU column footnote 1: SPC (including pediatric extension) dates are listed when granted in at least one of France, Germany, Italy, Spain and the UK."
NVS,Scemblix,EU,2037,"CoM patent (incl. granted SPC/PE) or RDP/ODE, whichever later",0001114448-26-000004,Scemblix | 2035 | 2037,"EU column footnote 1: SPC (including pediatric extension) dates are listed when granted in at least one of France, Germany, Italy, Spain and the UK."
NVS,Lutathera,EU,2029,"CoM patent (incl. granted SPC/PE) or RDP/ODE, whichever later",0001114448-26-000004,Lutathera | ODE expired 6 | 2029,"Footnote 6 (formulation patents to 2039 with PE under challenge) concerns FDA applications, i.e. the US. EU column footnote 1: SPC (including pediatric extension) dates are listed when granted in at least one of France, Germany, Italy, Spain and the UK."
NVS,Fabhalta,EU,2039,"CoM patent (incl. granted SPC/PE) or RDP/ODE, whichever later",0001114448-26-000004,Fabhalta | 2034 5 | 2039,"Footnote 5 (PTE or SPC applied for, pending) is attached to the US date only. EU column footnote 1: SPC (including pediatric extension) dates are listed when granted in at least one of France, Germany, Italy, Spain and the UK."
NVS,Lucentis,EU,expired,generic competition,0001114448-26-000004,Lucentis faces generic competition in the EU.,"Filing states generic competition in the EU rather than an expiry date; year not stated. Listed under Established Brands, not in the patent table."
NVS,Sandostatin,EU,expired,generic competition,0001114448-26-000004,"For Sandostatin SC, there is generic competition in the US and the EU. For Sandostatin LAR, there is generic competition in the US and in most EU countries.",Filing states generic competition rather than an expiry date; year not stated. For Sandostatin LAR the filing says most EU countries.
PFE,Xeljanz,EU,2028,regulatory exclusivity,0000078003-26-000026,Xeljanz | 2026 | 2028(2) | 2025,Major Europe column. Footnote (2): expiry is provided by regulatory exclusivity in this market.
PFE,Xeljanz,JP,2025,basic product patent,0000078003-26-000026,Xeljanz | 2026 | 2028(2) | 2025,Japan column. The stated year precedes the filing date (Feb 2026); the filing does not say expired in words.
PFE,Eliquis,EU,2026,basic product patent with SPC,0000078003-26-000026,Eliquis | 2027(5) | 2026(6) | 2026,Major Europe column. Footnote (6): the apixaban basic product patent and associated SPC were invalidated in the U.K.; additional challenges pending in other jurisdictions. Note 16A1: U.K. judgment finding the BMS patent invalid is final.
PFE,Eliquis,JP,2026,basic product patent,0000078003-26-000026,Eliquis | 2027(5) | 2026(6) | 2026,Japan column.
PFE,Ibrance,EU,2028,basic product patent,0000078003-26-000026,Ibrance | 2027 | 2028 | 2028,"Major Europe column. Footnote (1): years include granted PTEs, SPCs or pediatric exclusivity; SPCs included when granted in three of five major European markets (France, Germany, Italy, Spain, U.K.)."
PFE,Ibrance,JP,2028,basic product patent,0000078003-26-000026,Ibrance | 2027 | 2028 | 2028,Japan column.
PFE,Vyndaqel,EU,2026,basic product patent,0000078003-26-000026,Vyndaqel/Vyndamax/Vynmac | 2026 (2028 pending PTE)(8) | 2026 | 2026/2029(9),Major Europe column. The 2028 pending PTE shown applies to the U.S. only.
PFE,Vyndaqel,JP,2029-03,regulatory exclusivity (Vynmac); basic patent (Vyndaqel),0000078003-26-000026,Vyndaqel (tafamidis meglumine) basic patent expiry in Japan is August 2026 for treatment of polyneuropathy. Vynmac (tafamidis) was approved in Japan for treatment of cardiomyopathy with regulatory exclusivity expiring in March 2029.,"Table row prints Japan as 2026/2029(9). Vyndaqel (tafamidis meglumine) basic patent expires August 2026 (polyneuropathy); Vynmac (tafamidis, cardiomyopathy) regulatory exclusivity expires March 2029. Later of the two taken for the family."
PFE,Prevnar / Prevenar family,EU,2037,basic product patent (Prevenar 20),0000078003-26-000026,Prevnar 20/Prevenar 20 | 2035 | 2037 | 2038,"Major Europe column, Prevnar 20/Prevenar 20 row. Family also includes Prevnar 13/Prevenar 13, whose Europe column shows no year: footnote (3) says the Europe patent covering the combination of the 13 serotype conjugates was revoked following an opposition and withdrawn; other Europe patents on formulation, manufacturing process and serotype combination remain in force."
PFE,Prevnar / Prevenar family,JP,2038,basic product patent (Prevenar 20),0000078003-26-000026,Prevnar 20/Prevenar 20 | 2035 | 2037 | 2038,"Japan column, Prevnar 20/Prevenar 20 row. Family also includes Prevnar 13/Prevenar 13 with Japan basic product patent expiry 2029 (row: Prevnar 13/Prevenar 13 | 2026 | (3) | 2029)."
PFE,Talzenna,EU,2034,basic product patent,0000078003-26-000026,Talzenna | 2029 (2032 pending PTE) | 2034 | 2034,"Major Europe column. Footnote (1): years include granted PTEs, SPCs or pediatric exclusivity; SPCs included when granted in three of five major European markets (France, Germany, Italy, Spain, U.K.)."
PFE,Talzenna,JP,2034,basic product patent,0000078003-26-000026,Talzenna | 2029 (2032 pending PTE) | 2034 | 2034,Japan column.
PFE,Lorbrena,EU,2034,basic product patent,0000078003-26-000026,Lorbrena | 2033 | 2034 | 2036,"Major Europe column. Footnote (1): years include granted PTEs, SPCs or pediatric exclusivity; SPCs included when granted in three of five major European markets (France, Germany, Italy, Spain, U.K.)."
PFE,Lorbrena,JP,2036,basic product patent,0000078003-26-000026,Lorbrena | 2033 | 2034 | 2036,Japan column.
PFE,Tukysa,EU,2031,basic product patent,0000078003-26-000026,Tukysa | 2031 (2034 pending PTE) | 2031 | 2034(2),Major Europe column. The 2034 pending PTE shown applies to the U.S. only.
PFE,Tukysa,JP,2034,regulatory exclusivity,0000078003-26-000026,Tukysa | 2031 (2034 pending PTE) | 2031 | 2034(2),Japan column. Footnote (2): expiry is provided by regulatory exclusivity in this market.
PFE,Nurtec ODT / Vydura,EU,2035,basic product patent,0000078003-26-000026,Nurtec ODT/Vydura | 2034 | 2035 | 2035(2),"Major Europe column. Footnote (1): years include granted PTEs, SPCs or pediatric exclusivity; SPCs included when granted in three of five major European markets (France, Germany, Italy, Spain, U.K.)."
PFE,Nurtec ODT / Vydura,JP,2035,regulatory exclusivity,0000078003-26-000026,Nurtec ODT/Vydura | 2034 | 2035 | 2035(2),Japan column. Footnote (2): expiry is provided by regulatory exclusivity in this market.
PFE,Cibinqo,EU,2036,basic product patent,0000078003-26-000026,Cibinqo | 2036 | 2036 | 2038,"Major Europe column. Footnote (1): years include granted PTEs, SPCs or pediatric exclusivity; SPCs included when granted in three of five major European markets (France, Germany, Italy, Spain, U.K.)."
PFE,Cibinqo,JP,2038,basic product patent,0000078003-26-000026,Cibinqo | 2036 | 2036 | 2038,Japan column.
PFE,Abrysvo,EU,2036,basic product patent,0000078003-26-000026,Abrysvo | 2036 (2037 pending PTE) | 2036 | 2036 (2039 pending PTE),Major Europe column.
PFE,Abrysvo,JP,2036,basic product patent,0000078003-26-000026,Abrysvo | 2036 (2037 pending PTE) | 2036 | 2036 (2039 pending PTE),"Japan column. Pending PTE in Japan to 2039 (not granted, not taken)."
PFE,Elrexfio,EU,2036,basic product patent,0000078003-26-000026,Elrexfio | 2036 (2037 pending PTE) | 2036 (2038 pending SPC) | 2036 (2038 pending PTE),"Major Europe column. Pending SPC to 2038 (not granted, not taken)."
PFE,Elrexfio,JP,2036,basic product patent,0000078003-26-000026,Elrexfio | 2036 (2037 pending PTE) | 2036 (2038 pending SPC) | 2036 (2038 pending PTE),"Japan column. Pending PTE to 2038 (not granted, not taken)."
PFE,Comirnaty,JP,2041,basic product patent,0000078003-26-000026,Comirnaty(18) | 2041 | (17)(19) | 2041,"Japan column. Major Europe shows no year: footnote (17) says the basic product patent application has been filed there and, if granted, a full term is expected. Footnote (18): commercialized in collaboration with BioNTech."
REGN,Eylea,EU,expired,market exclusivity lost (biosimilars launched),0000872589-26-000008,"Similarly, as EYLEA biosimilars have also been recently launched in certain jurisdictions outside the United States, EYLEA no longer has market exclusivity in those jurisdictions.","Year not stated. Biosimilar table marks Pavblu (Amgen), Afqlir (Sandoz) and Eiyzey (Sam Chun Dang) as launched in one or more EU countries. Listed European patents: EP 2364691 formulation June 14, 2027; EP 2944306 formulation June 14, 2027 with SPC to May 25, 2028 pending or granted in various European countries. EPO Opposition Division revoked EP 2944306 (appeal hearing October 2026); U.K. High Court invalidated it and found no infringement by Formycon and Samsung Bioepis (under appeal). Munich court injunctions under EP 2364691 against Formycon (permanent), Alvotech, Celltrion and Sandoz (preliminary) in Germany and, for some, other EU countries until that patent expires; Hague permanent injunction against Samsung Bioepis in the Netherlands. Ex-U.S. settlements permit launches: Biocon March 2026, Samsung Bioepis rest of Europe April 2026, Celltrion second quarter 2026, Alvotech May 2026 (U.K. January 2026 for several). Bayer sells EYLEA outside the U.S."
REGN,Eylea,JP,2029-10-01,"formulation patent with granted PTE (JP 5,216,002)",0000872589-26-000008,"EYLEA(a) aflibercept (2 mg) ... JP 5,216,002 Formulation February 27, 2028 – October 1, 2029(d) JP 7,733,706 Methods of Treatment January 11, 2032","Range February 27, 2028 to October 1, 2029: multiple Japanese PTEs granted, later date is the latest-expiring PTE (a later PTE covers a later-approved indication). No composition of matter patent listed. Methods of treatment patent JP 7,733,706 expires January 11, 2032; Regeneron sued Fuji Pharma under it in October 2025. Settlement permits Alvotech to launch in Japan in January 2026 (November 2026 for the DME indication). Some biosimilars referencing EYLEA are approved in the U.S., EU and/or Japan but not yet launched. Expiration dates include any patent term adjustments; certain patents may also be entitled to term extensions."
REGN,Eylea Hd,EU,2042-05-16,"methods of treatment patent (EP 4,185,318)",0000872589-26-000008,"EYLEA HD (continued) ... EP 4,185,318 Methods of Treatment May 16, 2042 JP | 7,235,770 | Formulation | March 30, 2040",Only European patent listed for EYLEA HD (known as EYLEA 8 mg outside the U.S.; Bayer sells it ex-U.S.). It is a method-of-treatment patent; no composition or formulation patent listed for Europe. Regulatory data protection not stated. Expiration dates include any patent term adjustments; certain patents may also be entitled to term extensions.
REGN,Eylea Hd,JP,2040-03-30,"formulation patent (JP 7,235,770)",0000872589-26-000008,"EYLEA HD (continued) ... EP 4,185,318 Methods of Treatment May 16, 2042 JP | 7,235,770 | Formulation | March 30, 2040",Only Japanese patent listed for EYLEA HD (EYLEA 8 mg). No PTE stated. Expiration dates include any patent term adjustments; certain patents may also be entitled to term extensions.
REGN,Libtayo,EU,2035-01-23,composition of matter patent (EP 3097119),0000872589-26-000008,"Libtayo | cemiplimab | US | 9,987,500 | Composition of Matter | September 18, 2035 ... EP | 3097119 | Composition of Matter | January 23, 2035 EP | 3606504 | Formulation | March 23, 2038 EP 4249512 Formulation March 23, 2038","No SPC stated. Later European patents: formulation EP 3606504 and EP 4249512 to March 23, 2038; methods of treatment EP 3455258 and EP 3932951 to May 12, 2037. Regulatory data protection not stated. Expiration dates include any patent term adjustments; certain patents may also be entitled to term extensions."
REGN,Libtayo,JP,2039-03-15,"composition of matter patent with granted PTE (JP 6,425,730)",0000872589-26-000008,"Libtayo | cemiplimab | US | 9,987,500 | Composition of Matter | September 18, 2035 ... JP 6,425,730 Composition of Matter January 23, 2035 – March 15, 2039(d) JP | 6,711,883 | Composition of Matter January 23, 2035 – August 13, 2037(d) JP | 7,174,009 | Composition of Matter January 23, 2035 – March 9, 2035(d)","Range January 23, 2035 to March 15, 2039: multiple Japanese PTEs granted, later date is the latest-expiring PTE (a later PTE covers a later-approved indication). Other composition patents JP 6,711,883 to August 13, 2037 and JP 7,174,009 to March 9, 2035. Formulation JP 7,229,171 to March 23, 2038; methods of treatment JP 7,240,512 to May 25, 2041. Expiration dates include any patent term adjustments; certain patents may also be entitled to term extensions."
SNY,Dupixent,EU,2032-09,compound patent with SPC,0001628280-26-008403,Dupixent | Compound: March 2031 with PTE* | Compound: September 2032 with SPC* (March 2033 with pediatric extension of SPC* in process of being granted across EU countries) | Compound: May 2034 with PTE*,Table columns: United States | European Union | Japan. Pediatric extension of SPC to March 2033 is in process of being granted across EU countries (not taken). EU regulatory exclusivity September 2028. Later filed patents through December 2043 (pending).
SNY,Dupixent,JP,2034-05,compound patent with PTE,0001628280-26-008403,Dupixent | Compound: March 2031 with PTE* | Compound: September 2032 with SPC* (March 2033 with pediatric extension of SPC* in process of being granted across EU countries) | Compound: May 2034 with PTE*,Table columns: United States | European Union | Japan. Japan regulatory exclusivity January 2026. Later filed patents through August 2043 (pending).
SNY,Toujeo Solostar,EU,expired,compound patent expired,0001628280-26-008403,Toujeo | Compound: expired | Compound: expired | Compound: expired | Later filed patents: coverage ranging through May 2031 | Later filed patents: coverage ranging through May 2031 | Later filed patents: coverage ranging through July 2033 with PTE*,Table columns: United States | European Union | Japan. Year not stated. Later filed patents: coverage ranging through May 2031 (EU).
SNY,Toujeo Solostar,JP,expired,compound patent expired,0001628280-26-008403,Toujeo | Compound: expired | Compound: expired | Compound: expired | Later filed patents: coverage ranging through May 2031 | Later filed patents: coverage ranging through May 2031 | Later filed patents: coverage ranging through July 2033 with PTE*,Table columns: United States | European Union | Japan. Year not stated. Later filed patents: coverage ranging through July 2033 with PTE (Japan).
SNY,Lantus Solostar,EU,expired,compound patent expired,0001628280-26-008403,Lantus | Compound: expired | Compound: expired | Compound: expired | Generics/biosimilars on the market | Generics/biosimilars on the market | Generics/biosimilars on the market,Table columns: United States | European Union | Japan. Year not stated. Generics/biosimilars on the market. Business section: two insulin glargine biosimilars are available in European markets.
SNY,Lantus Solostar,JP,expired,compound patent expired,0001628280-26-008403,Lantus | Compound: expired | Compound: expired | Compound: expired | Generics/biosimilars on the market | Generics/biosimilars on the market | Generics/biosimilars on the market,Table columns: United States | European Union | Japan. Year not stated. Generics/biosimilars on the market.
SNY,Plavix,EU,expired,compound patent expired,0001628280-26-008403,Plavix | Compound: expired | Compound: expired | Compound: expired | Generics on the market | Generics on the market | Generics on the market,Table columns: United States | European Union | Japan. Year not stated. Generics on the market.
SNY,Plavix,JP,expired,compound patent expired,0001628280-26-008403,Plavix | Compound: expired | Compound: expired | Compound: expired | Generics on the market | Generics on the market | Generics on the market,Table columns: United States | European Union | Japan. Year not stated. Generics on the market.
SNY,Fabrazyme,EU,expired,patent expired,0001628280-26-008403,Fabrazyme | Patent: expired | Patent: expired | Patent: expired | Generics/biosimilars on the market,Table columns: United States | European Union | Japan. Year not stated.
SNY,Fabrazyme,JP,expired,patent expired,0001628280-26-008403,Fabrazyme | Patent: expired | Patent: expired | Patent: expired | Generics/biosimilars on the market,"Table columns: United States | European Union | Japan. Year not stated. The ""Generics/biosimilars on the market"" entry sits in the Japan column only."
SNY,Myozyme,EU,expired,compound patent expired,0001628280-26-008403,Myozyme | Compound: expired | Compound: expired | Compound: expired,Table columns: United States | European Union | Japan. Year not stated.
SNY,Myozyme,JP,expired,compound patent expired,0001628280-26-008403,Myozyme | Compound: expired | Compound: expired | Compound: expired,Table columns: United States | European Union | Japan. Year not stated.
SNY,Cerezyme,EU,expired,patent expired,0001628280-26-008403,Cerezyme | Patent: expired | Patent: expired | Patent: expired,Table columns: United States | European Union | Japan. Year not stated.
SNY,Cerezyme,JP,expired,patent expired,0001628280-26-008403,Cerezyme | Patent: expired | Patent: expired | Patent: expired,Table columns: United States | European Union | Japan. Year not stated.
SNY,Beyfortus,EU,2035-01,compound patent,0001628280-26-008403,Beyfortus | Compound: January 2035 (PTE* pending) | Compound: January 2035 (SPC* in process of being granted across EU countries) | Compound: January 2035 (PTE* pending),"Table columns: United States | European Union | Japan. SPC in process of being granted across EU countries (pending, not taken). EU regulatory exclusivity November 2032. Later filed patent through September 2042 (pending)."
SNY,Beyfortus,JP,2035-01,compound patent,0001628280-26-008403,Beyfortus | Compound: January 2035 (PTE* pending) | Compound: January 2035 (SPC* in process of being granted across EU countries) | Compound: January 2035 (PTE* pending),Table columns: United States | European Union | Japan. PTE pending (not taken). Japan regulatory exclusivity March 2032. Later filed patent through September 2042 (pending).
SNY,Nexviazyme,EU,2028-01,compound patent,0001628280-26-008403,Nexviazyme/ Nexviadyme | Compound: March 2030 with PTA* (PTE* pending) | Compound: January 2028 (SPC* in process of being granted across EU countries) | Compound: December 2032 with PTE*,"Table columns: United States | European Union | Japan. SPC in process of being granted across EU countries (pending, not taken). No EU regulatory exclusivity listed. Later filed patents through May 2032."
SNY,Nexviazyme,JP,2032-12,compound patent with PTE,0001628280-26-008403,Nexviazyme/ Nexviadyme | Compound: March 2030 with PTA* (PTE* pending) | Compound: January 2028 (SPC* in process of being granted across EU countries) | Compound: December 2032 with PTE*,Table columns: United States | European Union | Japan. Japan regulatory exclusivity September 2031. Later filed patents through December 2029.
SNY,Sarclisa,EU,2032-10,compound patent with SPC,0001628280-26-008403,Sarclisa | Compound: October 2032 with PTA* and PTE* | Compound: October 2032 with SPC* | Compound: October 2032 with PTE*,Table columns: United States | European Union | Japan. EU regulatory exclusivity May 2030. Later filed patents through November 2041 (pending).
SNY,Sarclisa,JP,2032-10,compound patent with PTE,0001628280-26-008403,Sarclisa | Compound: October 2032 with PTA* and PTE* | Compound: October 2032 with SPC* | Compound: October 2032 with PTE*,Table columns: United States | European Union | Japan. Japan regulatory exclusivity June 2028. Later filed patents through November 2041 (pending).
SNY,ALTUVIIIO,EU,2035-01,compound patent,0001628280-26-008403,ALTUVIIIO | Compound: February 2037 with PTA* (PTE* pending) | Compound: January 2035 (SPC* in process of being granted across EU countries) | Compound: March 2037 with PTE*,"Table columns: United States | European Union | Japan. SPC in process of being granted across EU countries (pending, not taken). EU regulatory exclusivity June 2034. Later filed patents through March 2043 (pending)."
SNY,ALTUVIIIO,JP,2037-03,compound patent with PTE,0001628280-26-008403,ALTUVIIIO | Compound: February 2037 with PTA* (PTE* pending) | Compound: January 2035 (SPC* in process of being granted across EU countries) | Compound: March 2037 with PTE*,Table columns: United States | European Union | Japan. Japan regulatory exclusivity September 2031. Later filed patents through March 2043 (pending).
SNY,Rezurock,JP,2034-03,regulatory exclusivity,0001628280-26-008403,Rezurock | Compound : June 2034 with PTA* and PTE* | N/A | Compound : March 2031 with PTE* | Later filed patents : coverage ranging through July 2042 | Later filed patents : August 2037 and October 2038 (PTEs* granted) | Regulatory exclusivity: July 2028 | Regulatory exclusivity: March 2034,"Table columns: United States | European Union | Japan. Japan compound patent March 2031 with PTE. Later filed patents August 2037 and October 2038 with PTEs granted (not compound patents, not taken). EU entry is N/A."
SNY,Cablivi,EU,2031-05,compound patent with SPC,0001628280-26-008403,Cablivi | Compound: February 2032 with PTA* and PTE* | Compound: May 2031 with SPC* | Compound: May 2031 with PTE*,Table columns: United States | European Union | Japan. EU regulatory exclusivity Sep. 2030. Later filed patents through 2039 (pending).
SNY,Cablivi,JP,2032-09,regulatory exclusivity,0001628280-26-008403,Cablivi | Compound: February 2032 with PTA* and PTE* | Compound: May 2031 with SPC* | Compound: May 2031 with PTE* | Later filed patents: coverage ranging through 2039 | Later filed patents: coverage ranging through 2039 (pending) | Later filed patents: coverage ranging through 2039 (pending) | Regulatory exclusivity: Feb. 2031 | Regulatory exclusivity: Sep. 2030 | Regulatory exclusivity: Sep. 2032,Table columns: United States | European Union | Japan. Japan compound patent May 2031 with PTE. Later filed patents through 2039 (pending).
SNY,Xenpozyme,EU,2032-06,regulatory exclusivity,0001628280-26-008403,Xenpozyme | Use: March 2036 with PTA* and PTE* | Use: August 2030 (SPC* in process of being granted across EU countries) | Use: August 2030 (PTE* pending) | Later filed patents: coverage ranging through 2043 (pending) | Later filed patents: coverage ranging through 2043 (pending) | Later filed patents: coverage ranging through 2043 (pending) | Regulatory exclusivity: August 2034 | Regulatory exclusivity: June 2032 | Regulatory exclusivity: March 2030,"Table columns: United States | European Union | Japan. Listed patent is a use patent (not compound), August 2030, SPC in process of being granted (pending). Later filed patents through 2043 (pending)."
SNY,Xenpozyme,JP,2030-03,regulatory exclusivity,0001628280-26-008403,Xenpozyme | Use: March 2036 with PTA* and PTE* | Use: August 2030 (SPC* in process of being granted across EU countries) | Use: August 2030 (PTE* pending) | Later filed patents: coverage ranging through 2043 (pending) | Later filed patents: coverage ranging through 2043 (pending) | Later filed patents: coverage ranging through 2043 (pending) | Regulatory exclusivity: August 2034 | Regulatory exclusivity: June 2032 | Regulatory exclusivity: March 2030,"Table columns: United States | European Union | Japan. Listed patent is a use patent (not compound), August 2030, PTE pending; it runs later than the March 2030 regulatory exclusivity but is not a compound patent. Later filed patents through 2043 (pending)."
SNY,Tzield,EU,2036-01,regulatory exclusivity,0001628280-26-008403,Tzield / Teizeld | Compound : Expired | Compound : Expired | N/A | Later filed patents : coverage ranging through May 2043 (pending) | Later filed patents : coverage ranging through May 2043 (pending) | Regulatory exclusivity: November 2034 | Regulatory Exclusivity: January 2036,Table columns: United States | European Union | Japan. EU compound patent expired. Later filed patents through May 2043 (pending). Japan entry is N/A.
SNY,Aubagio,EU,expired,loss of exclusivity,0001628280-26-008403,"Sales of Aubagio were down 35.4% CER at €238 million, reflecting the loss of exclusivity in the US in March 2023 (-24.1% CER in 2025), followed by the loss of exclusivity in Europe in September 2023 (-55.9% CER in 2025).","Loss of exclusivity in Europe September 2023 (2023). Elsewhere the filing says first EU generics became available in September 2023, and generic competition in Europe since October 2023."
SNY,Jevtana Kit,EU,expired,generic competition,0001628280-26-008403,"In Europe, generic competition started for Jevtana from the end of March 2021.",Generic competition in Europe from end of March 2021 (2021).
SNY,Mozobil,EU,expired,generic competition,0001628280-26-008403,"Generic Mozobil has been available in the US since the end of 2023, and in Europe since 2024.",Generic available in Europe since 2024 (elsewhere: since early 2024).
SNY,Multaq,EU,expired,generic launched despite unexpired patents,0001628280-26-008403,"For example, notwithstanding the presence of unexpired patents, competitors launched generic versions of Allegra in the US (prior to the product being switched to over-the-counter status) and Multaq in the EU.",Filing says generics launched in the EU notwithstanding unexpired patents; it does not say the patents expired. Year not stated.
UTHR,Remodulin,EU,expired,regulatory exclusivity expired; generic competition,0001082554-26-000006,"Regulatory exclusivity for Remodulin in the United States and Europe has expired. ... Regulatory authorities in various European countries began approving generic versions of Remodulin in 2018, followed by pricing approvals and commercial launches in most of these countries in 2019 and 2020.","No expiry year stated for regulatory exclusivity. Generic approvals in various European countries from 2018, launches in most of them in 2019 and 2020; filing also says generic competition in certain European countries since 2019. Remodulin is not sold in the United Kingdom."
VRTX,Kalydeco,EU,2027,basic product patent with SPC,0000875320-26-000056,"Expiration Year of European Basic Product Patent KALYDECO 2028 1 2027 2,3 ... 3 SPC expires in 2028 in Germany; application for pediatric extension pending in France, Italy, Spain, and the U.K.","SPCs granted in France, Germany, Italy, Spain and the U.K.; SPC expires in 2028 in Germany. Pediatric extension applications pending in France, Italy, Spain and the U.K. (not taken)."
VRTX,Orkambi,EU,2030,basic product patent with SPC (lumacaftor),0000875320-26-000056,"Expiration Year of European Basic Product Patent ... ORKAMBI 2031 1 2030 2 ... 2 Expiration date reflects SPCs granted in the five major European markets (France, Germany, Italy, Spain and the U.K.).","Latest-expiring basic patent covering any active ingredient (lumacaftor). SPCs granted in France, Germany, Italy, Spain and the U.K."
VRTX,Alyftrek,EU,2039,basic product patent (vanzacaftor),0000875320-26-000056,Expiration Year of European Basic Product Patent ... ALYFTREK 2039 2039,"Latest-expiring basic patent covering any active ingredient (vanzacaftor). No SPC reflected. Patent term extensions and pediatric exclusivity are not reflected unless noted and may extend protection; later solid form, formulation, manufacturing or use patents may exist."
VRTX,Casgevy,EU,2034,regulatory exclusivity,0000875320-26-000056,"Expiration Year of European Basic Product Patent ... CASGEVY 2035 4 2034 5,6 ... 5 Expiration year reflects the expiration of regulatory exclusivity in the E.U., which expires later than the basic product patent for this product in this market.",EU regulatory exclusivity expires later than the basic product patent. Approved in Great Britain with regulatory exclusivity until November 2033. Vertex and its manufacturing partners are in patent litigation with ToolGen over the CASGEVY manufacturing process in the U.K. and the Netherlands.
VRTX,Journavx,EU,2040,basic product patent,0000875320-26-000056,Expiration Year of European Basic Product Patent ... JOURNAVX 2040 2040,"No SPC reflected. The filing states FDA approval only; no European approval is stated. Patent term extensions and pediatric exclusivity are not reflected unless noted and may extend protection; later solid form, formulation, manufacturing or use patents may exist."
