# Annual revenue of past and present blockbusters, for measuring how long a drug's growth
# lasts (backend/growth_analogues.py). Every value is read from the filer's own annual
# report: its 10-K or 20-F, an exhibit to it, or for Novo Nordisk 2003 to 2020 the annual
# report furnished on 6-K and incorporated by reference in the 20-F. The quote is the table
# row it came from; each year is taken from the latest filing that prints it.
#
# Revenue is millions of the unit as printed, on the filer's own basis, which is not always
# worldwide in-market sales: Enbrel is Amgen's U.S. and Canada, Lucentis is Novartis's
# outside the U.S., Xarelto and Eylea are U.S. only, Imbruvica, Eliquis and Opdivo are the
# filer's own revenue line. A growth length needs a series consistent with itself, not a
# worldwide one, so each is kept on its own basis.
#
# basis_break marks the first year on a new basis, where the step into it is not growth;
# partial_year marks a year not sold in full. A few rows are the sum of two printed rows
# where no total is printed, and say so. Novartis's 1999 to 2001 figures, printed in
# Swiss francs before it moved to dollars, are left out rather than converted. Kalydeco
# stops at 2023, when Vertex folded it into other product revenues.
ticker,product,fiscal_year,revenue,unit,scope,accession,form,quote,note,basis_break,partial_year
ABBV,Humira,2013,10659,USD,Worldwide net revenues (U.S. + international),0001047469-16-010239,10-K,"HUMIRA $ 14,012 $ 12,543 $ 10,659",First AbbVie year. Notes table in FY2015 10-K (latest printing).,,
ABBV,Humira,2014,12543,USD,Worldwide net revenues (U.S. + international),0001551152-17-000004,10-K,"HUMIRA … Total $ 16,078 $ 14,012 $ 12,543 14.7 % 11.7 % 16.1 % 19.1 %",,,
ABBV,Humira,2015,14012,USD,Worldwide net revenues (U.S. + international),0001551152-18-000014,10-K,"HUMIRA … Total $ 18,427 $ 16,078 $ 14,012 14.6 % 14.7 % 14.4 % 16.1 %",,,
ABBV,Humira,2016,16078,USD,Worldwide net revenues (U.S. + international),0001551152-19-000008,10-K,"HUMIRA … Total $ 19,936 $ 18,427 $ 16,078 8.2 % 14.6 % 7.4 % 14.4 %",,,
ABBV,Humira,2017,18427,USD,Worldwide net revenues (U.S. + international),0001551152-20-000007,10-K,"HUMIRA United States $ 14,864 $ 13,685 $ 12,361 8.6 % 10.7 % 8.6 % 10.7 % … Total $ 19,169 $ 19,936 $ 18,427 (3.9 )% 8.2 % (2.9 )% 7.4 %",,,
ABBV,Humira,2018,19936,USD,Worldwide net revenues (U.S. + international),0001551152-21-000008,10-K,"Humira United States $ 16,112 $ 14,864 $ 13,685 8.4 % 8.6 % 8.4 % 8.6 % … Total $ 19,832 $ 19,169 $ 19,936 3.5 % (3.9) % 3.7 % (2.9) %",,,
ABBV,Humira,2019,19169,USD,Worldwide net revenues (U.S. + international),0001551152-22-000007,10-K,"Humira United States $ 17,330 $ 16,112 $ 14,864 7.6 % 8.4 % 7.6 % 8.4 % … Total $ 20,694 $ 19,832 $ 19,169 4.3 % 3.5 % 3.7 % 3.7 %",Decline driven by direct biosimilar competition in certain international markets (FY2019 10-K).,,
ABBV,Humira,2020,19832,USD,Worldwide net revenues (U.S. + international),0001551152-23-000011,10-K,"Humira United States $ 18,619 $ 17,330 $ 16,112 7.4 % 7.6 % 7.4 % 7.6 % … Total $ 21,237 $ 20,694 $ 19,832 2.6 % 4.3 % 3.8 % 3.7 %",,,
ABBV,Humira,2021,20694,USD,Worldwide net revenues (U.S. + international),0001551152-24-000011,10-K,"Humira United States $ 12,160 $ 18,619 $ 17,330 (34.7) % 7.4 % (34.7) % 7.4 % … Total $ 14,404 $ 21,237 $ 20,694 (32.2) % 2.6 % (31.9) % 3.8 %",,,
ABBV,Humira,2022,21237,USD,Worldwide net revenues (U.S. + international),0001551152-25-000020,10-K,"Humira United States $ 7,142 $ 12,160 $ 18,619 (41.3) % (34.7) % (41.3) % (34.7) % … Total $ 8,993 $ 14,404 $ 21,237 (37.6) % (32.2) % (36.9) % (31.9) %",,,
ABBV,Humira,2023,14404,USD,Worldwide net revenues (U.S. + international),0001551152-26-000008,10-K,"Humira United States $ 3,062 $ 7,142 $ 12,160 (57.1) % (41.3) % (57.1) % (41.3) % … Total $ 4,540 $ 8,993 $ 14,404 (49.5) % (37.6) % (49.4) % (36.9) %",U.S. loss of exclusivity and biosimilar competition in 2023 (FY2023 10-K).,,
ABBV,Humira,2024,8993,USD,Worldwide net revenues (U.S. + international),0001551152-26-000008,10-K,"Humira United States $ 3,062 $ 7,142 $ 12,160 (57.1) % (41.3) % (57.1) % (41.3) % … Total $ 4,540 $ 8,993 $ 14,404 (49.5) % (37.6) % (49.4) % (36.9) %",,,
ABBV,Humira,2025,4540,USD,Worldwide net revenues (U.S. + international),0001551152-26-000008,10-K,"Humira United States $ 3,062 $ 7,142 $ 12,160 (57.1) % (41.3) % (57.1) % (41.3) % … Total $ 4,540 $ 8,993 $ 14,404 (49.5) % (37.6) % (49.4) % (36.9) %",,,
ABBV,Imbruvica,2015,754,USD,AbbVie net revenues: U.S. net revenues + collaboration revenues (AbbVie's 50% share of ex-U.S. profit; Janssen books ex-U.S. sales),0001551152-18-000014,10-K,"IMBRUVICA … Total $ 2,573 $ 1,832 $ 754 40.5 % >100.0 % 40.5 % >100.0 %",Partial year: AbbVie consolidated from the Pharmacyclics acquisition on 26 May 2015. Not worldwide end-market sales.,,
ABBV,Imbruvica,2016,1832,USD,AbbVie net revenues: U.S. net revenues + collaboration revenues (AbbVie's 50% share of ex-U.S. profit; Janssen books ex-U.S. sales),0001551152-19-000008,10-K,"IMBRUVICA … Total $ 3,590 $ 2,573 $ 1,832 39.5 % 40.5 % 39.5 % 40.5 %",Not worldwide end-market sales; ex-U.S. is a profit share.,,
ABBV,Imbruvica,2017,2573,USD,AbbVie net revenues: U.S. net revenues + collaboration revenues (AbbVie's 50% share of ex-U.S. profit; Janssen books ex-U.S. sales),0001551152-20-000007,10-K,"IMBRUVICA United States $ 3,830 $ 2,968 $ 2,144 29.1 % 38.4 % 29.1 % 38.4 % … Total $ 4,674 $ 3,590 $ 2,573 30.2 % 39.5 % 30.2 % 39.5 %",Not worldwide end-market sales; ex-U.S. is a profit share.,,
ABBV,Imbruvica,2018,3590,USD,AbbVie net revenues: U.S. net revenues + collaboration revenues (AbbVie's 50% share of ex-U.S. profit; Janssen books ex-U.S. sales),0001551152-21-000008,10-K,"Imbruvica United States $ 4,305 $ 3,830 $ 2,968 12.4 % 29.1 % 12.4 % 29.1 % … Total $ 5,314 $ 4,674 $ 3,590 13.7 % 30.2 % 13.7 % 30.2 %",Not worldwide end-market sales; ex-U.S. is a profit share.,,
ABBV,Imbruvica,2019,4674,USD,AbbVie net revenues: U.S. net revenues + collaboration revenues (AbbVie's 50% share of ex-U.S. profit; Janssen books ex-U.S. sales),0001551152-22-000007,10-K,"Imbruvica United States $ 4,321 $ 4,305 $ 3,830 0.4 % 12.4 % 0.4 % 12.4 % … Total $ 5,408 $ 5,314 $ 4,674 1.8 % 13.7 % 1.8 % 13.7 %",Not worldwide end-market sales; ex-U.S. is a profit share.,,
ABBV,Imbruvica,2020,5314,USD,AbbVie net revenues: U.S. net revenues + collaboration revenues (AbbVie's 50% share of ex-U.S. profit; Janssen books ex-U.S. sales),0001551152-23-000011,10-K,"Imbruvica United States $ 3,426 $ 4,321 $ 4,305 (20.7) % 0.4 % (20.7) % 0.4 % … Total $ 4,568 $ 5,408 $ 5,314 (15.5) % 1.8 % (15.5) % 1.8 %",Not worldwide end-market sales; ex-U.S. is a profit share.,,
ABBV,Imbruvica,2021,5408,USD,AbbVie net revenues: U.S. net revenues + collaboration revenues (AbbVie's 50% share of ex-U.S. profit; Janssen books ex-U.S. sales),0001551152-24-000011,10-K,"Imbruvica United States $ 2,665 $ 3,426 $ 4,321 (22.2) % (20.7) % (22.2) % (20.7) % … Total $ 3,596 $ 4,568 $ 5,408 (21.3) % (15.5) % (21.3) % (15.5) %",Not worldwide end-market sales; ex-U.S. is a profit share.,,
ABBV,Imbruvica,2022,4568,USD,AbbVie net revenues: U.S. net revenues + collaboration revenues (AbbVie's 50% share of ex-U.S. profit; Janssen books ex-U.S. sales),0001551152-25-000020,10-K,"Imbruvica United States $ 2,448 $ 2,665 $ 3,426 (8.1) % (22.2) % (8.1) % (22.2) % … Total $ 3,347 $ 3,596 $ 4,568 (6.9) % (21.3) % (6.9) % (21.3) %",Not worldwide end-market sales; ex-U.S. is a profit share.,,
ABBV,Imbruvica,2023,3596,USD,AbbVie net revenues: U.S. net revenues + collaboration revenues (AbbVie's 50% share of ex-U.S. profit; Janssen books ex-U.S. sales),0001551152-26-000008,10-K,"Imbruvica United States $ 2,048 $ 2,448 $ 2,665 (16.4) % (8.1) % (16.4) % (8.1) % … Total $ 2,869 $ 3,347 $ 3,596 (14.3) % (6.9) % (14.3) % (6.9) %",Not worldwide end-market sales; ex-U.S. is a profit share.,,
ABBV,Imbruvica,2024,3347,USD,AbbVie net revenues: U.S. net revenues + collaboration revenues (AbbVie's 50% share of ex-U.S. profit; Janssen books ex-U.S. sales),0001551152-26-000008,10-K,"Imbruvica United States $ 2,048 $ 2,448 $ 2,665 (16.4) % (8.1) % (16.4) % (8.1) % … Total $ 2,869 $ 3,347 $ 3,596 (14.3) % (6.9) % (14.3) % (6.9) %",Not worldwide end-market sales; ex-U.S. is a profit share.,,
ABBV,Imbruvica,2025,2869,USD,AbbVie net revenues: U.S. net revenues + collaboration revenues (AbbVie's 50% share of ex-U.S. profit; Janssen books ex-U.S. sales),0001551152-26-000008,10-K,"Imbruvica United States $ 2,048 $ 2,448 $ 2,665 (16.4) % (8.1) % (16.4) % (8.1) % … Total $ 2,869 $ 3,347 $ 3,596 (14.3) % (6.9) % (14.3) % (6.9) %",Not worldwide end-market sales; ex-U.S. is a profit share.,,
ABBV,Rinvoq,2019,47,USD,Worldwide net revenues (U.S. + international),0001551152-22-000007,10-K,"Rinvoq United States $ 1,271 $ 653 $ 47 94.8 % >100.0% 94.8 % >100.0% … Total $ 1,651 $ 731 $ 47 >100.0 % >100.0% >100.0 % >100.0%",Launch year (first revenue 2019); partial year. International printed as a dash.,,
ABBV,Rinvoq,2020,731,USD,Worldwide net revenues (U.S. + international),0001551152-23-000011,10-K,"Rinvoq United States $ 1,794 $ 1,271 $ 653 41.2 % 94.8 % 41.2 % 94.8 % … Total $ 2,522 $ 1,651 $ 731 52.8 % >100.0 % 58.1 % >100.0 %",,,
ABBV,Rinvoq,2021,1651,USD,Worldwide net revenues (U.S. + international),0001551152-24-000011,10-K,"Rinvoq United States $ 2,824 $ 1,794 $ 1,271 57.4 % 41.2 % 57.4 % 41.2 % … Total $ 3,969 $ 2,522 $ 1,651 57.4 % 52.8 % 58.4 % 58.1 %",,,
ABBV,Rinvoq,2022,2522,USD,Worldwide net revenues (U.S. + international),0001551152-25-000020,10-K,"Rinvoq United States $ 4,259 $ 2,824 $ 1,794 50.8 % 57.4 % 50.8 % 57.4 % … Total $ 5,971 $ 3,969 $ 2,522 50.4 % 57.4 % 52.5 % 58.4 %",,,
ABBV,Rinvoq,2023,3969,USD,Worldwide net revenues (U.S. + international),0001551152-26-000008,10-K,"Rinvoq United States $ 5,940 $ 4,259 $ 2,824 39.5 % 50.8 % 39.5 % 50.8 % … Total $ 8,304 $ 5,971 $ 3,969 39.1 % 50.4 % 38.8 % 52.5 %",,,
ABBV,Rinvoq,2024,5971,USD,Worldwide net revenues (U.S. + international),0001551152-26-000008,10-K,"Rinvoq United States $ 5,940 $ 4,259 $ 2,824 39.5 % 50.8 % 39.5 % 50.8 % … Total $ 8,304 $ 5,971 $ 3,969 39.1 % 50.4 % 38.8 % 52.5 %",,,
ABBV,Rinvoq,2025,8304,USD,Worldwide net revenues (U.S. + international),0001551152-26-000008,10-K,"Rinvoq United States $ 5,940 $ 4,259 $ 2,824 39.5 % 50.8 % 39.5 % 50.8 % … Total $ 8,304 $ 5,971 $ 3,969 39.1 % 50.4 % 38.8 % 52.5 %",,,
ABBV,Skyrizi,2019,355,USD,Worldwide net revenues (U.S. + international),0001551152-22-000007,10-K,"Skyrizi United States $ 2,486 $ 1,385 $ 311 79.6 % >100.0% 79.6 % >100.0% … Total $ 2,939 $ 1,590 $ 355 84.9 % >100.0% 84.0 % >100.0%",Launch year (first revenue 2019); partial year.,,
ABBV,Skyrizi,2020,1590,USD,Worldwide net revenues (U.S. + international),0001551152-23-000011,10-K,"Skyrizi United States $ 4,484 $ 2,486 $ 1,385 80.4 % 79.6 % 80.4 % 79.6 % … Total $ 5,165 $ 2,939 $ 1,590 75.7 % 84.9 % 78.3 % 84.0 %",,,
ABBV,Skyrizi,2021,2939,USD,Worldwide net revenues (U.S. + international),0001551152-24-000011,10-K,"Skyrizi United States $ 6,753 $ 4,484 $ 2,486 50.6 % 80.4 % 50.6 % 80.4 % … Total $ 7,763 $ 5,165 $ 2,939 50.3 % 75.7 % 50.6 % 78.3 %",,,
ABBV,Skyrizi,2022,5165,USD,Worldwide net revenues (U.S. + international),0001551152-25-000020,10-K,"Skyrizi United States $ 10,086 $ 6,753 $ 4,484 49.3 % 50.6 % 49.3 % 50.6 % … Total $ 11,718 $ 7,763 $ 5,165 50.9 % 50.3 % 51.4 % 50.6 %",,,
ABBV,Skyrizi,2023,7763,USD,Worldwide net revenues (U.S. + international),0001551152-26-000008,10-K,"Skyrizi United States $ 15,202 $ 10,086 $ 6,753 50.7 % 49.3 % 50.7 % 49.3 % … Total $ 17,562 $ 11,718 $ 7,763 49.9 % 50.9 % 49.7 % 51.4 %",,,
ABBV,Skyrizi,2024,11718,USD,Worldwide net revenues (U.S. + international),0001551152-26-000008,10-K,"Skyrizi United States $ 15,202 $ 10,086 $ 6,753 50.7 % 49.3 % 50.7 % 49.3 % … Total $ 17,562 $ 11,718 $ 7,763 49.9 % 50.9 % 49.7 % 51.4 %",,,
ABBV,Skyrizi,2025,17562,USD,Worldwide net revenues (U.S. + international),0001551152-26-000008,10-K,"Skyrizi United States $ 15,202 $ 10,086 $ 6,753 50.7 % 49.3 % 50.7 % 49.3 % … Total $ 17,562 $ 11,718 $ 7,763 49.9 % 50.9 % 49.7 % 51.4 %",,,
ABT,Humira,2003,280,USD,Worldwide net sales,0001047469-06-002258,10-K,"Worldwide sales of HUMIRA totaled $1.4 billion in 2005, $852 million in 2004 and $280 million in 2003","Launch year (FDA approval 31 Dec 2002). FY2003 10-K split: U.S. $246m, international $34m. Latest 10-K printing this year.",,
ABT,Humira,2004,852,USD,Worldwide net sales,0001047469-06-002258,10-K,"Worldwide sales of HUMIRA totaled $1.4 billion in 2005, $852 million in 2004 and $280 million in 2003",Latest 10-K printing this year.,,
ABT,Humira,2005,1400,USD,Worldwide net sales,0001047469-08-001480,10-K,"increased HUMIRA's worldwide sales to $3.0 billion in 2007 compared to $2.0 billion in 2006, and $1.4 billion in 2005","10-K prints only rounded $1.4 billion. Abbott's annual results exhibit (8-K 0001104659-06-003702, EX-99.1) prints the full-year table as U.S. 849 + international 551 = 1,400, so the rounded figure is exact.",,
ABT,Humira,2006,2044,USD,Worldwide net sales,0001104659-07-004094,8-K EX-99.1,"HUMIRA $ 1,176 38.4 $ 868 57.6 $ 2,044 45.9","From Abbott's annual results exhibit (EX-99.1, full-year table: U.S. 1,176; international 868; total 2,044) because the 10-Ks print 2006 only as a rounded $2.0 billion (FY2008 10-K 0001047469-09-001642). Swap to 2000 if 10-K-only is required.",,
ABT,Humira,2007,3064,USD,Worldwide net sales,0001104659-08-003972,8-K EX-99.1,"HUMIRA $ 1,651 40.4 $ 1,413 62.9 (a) $ 3,064 49.9","From Abbott's annual results exhibit (EX-99.1, full-year table: U.S. 1,651; international 1,413; total 3,064) because the 10-Ks print 2007 only as a rounded $3.0 billion (FY2009 10-K 0001047469-10-001018). Swap to 3000 if 10-K-only is required.",,
ABT,Humira,2008,4521,USD,Worldwide net sales,0001104659-09-003202,8-K EX-99.1,"HUMIRA $ 2,255 36.6 $ 2,266 60.4 (a) $ 4,521 47.6","From Abbott's annual results exhibit (EX-99.1, full-year table: U.S. 2,255; international 2,266; total 4,521) because the 10-Ks print 2008 only as a rounded $4.5 billion (FY2010 10-K 0001047469-11-001056). Swap to 4500 if 10-K-only is required.",,
ABT,Humira,2009,5489,USD,Worldwide net sales,0001047469-12-001216,10-K,"HUMIRA 3,427 19 2,872 14 2,520 12 … HUMIRA 4,505 23 3,676 24 2,969 31","Sum of the two printed HUMIRA rows (first under Total U.S. Proprietary sales, second under Total International Proprietary sales): U.S. 2,520 + international 2,969 (FY2011 10-K product table, restated U.S. 2,520 vs 2,519 in the Jan-2010 results exhibit, which printed total 5,488). Worldwide printed only as a rounded $5.5 billion.",,
ABT,Humira,2010,6548,USD,Worldwide net sales,0001047469-13-001180,10-K,"HUMIRA 4,376 28 3,427 19 2,872 14 … HUMIRA 4,889 9 4,505 23 3,676 24","Sum of the two printed HUMIRA rows (first under Total U.S. Proprietary sales, second under Total International Proprietary sales): U.S. 2,872 + international 3,676. AbbVie's FY2012 10-K (0001047469-13-002827) restates 2010 on its carve-out basis as 6,508 (international 3,636); per the brief Abbott is the filer through 2012.",,
ABT,Humira,2011,7932,USD,Worldwide net sales,0001047469-13-001180,10-K,"HUMIRA 4,376 28 3,427 19 2,872 14 … HUMIRA 4,889 9 4,505 23 3,676 24","Sum of the two printed HUMIRA rows (U.S., then international): U.S. 3,427 + international 4,505. AbbVie's 10-Ks print the same total 7,932.",,
ABT,Humira,2012,9265,USD,Worldwide net sales,0001047469-13-001180,10-K,"HUMIRA 4,376 28 3,427 19 2,872 14 … HUMIRA 4,889 9 4,505 23 3,676 24","Sum of the two printed HUMIRA rows (U.S., then international): U.S. 4,376 + international 4,889. AbbVie's 10-Ks print total 9,265 (U.S. 4,377, international 4,888). Abbott separated AbbVie on 1 Jan 2013.",,
AMGN,Enbrel,2002,362,USD,"Amgen product sales, U.S. + Canada only (rights outside U.S./Canada held by Wyeth, now Pfizer)",0000950129-05-002159,10-K,"Total ENBREL® $ 1,900 46 % $ 1,300 259 % $ 362","Partial year: Amgen acquired Enbrel with Immunex, merger effective 15 Jul 2002 (launched Nov 1998 by Immunex). FY2003 10-K printed 362.1.",,
AMGN,Enbrel,2003,1300,USD,"Amgen product sales, U.S. + Canada only (rights outside U.S./Canada held by Wyeth, now Pfizer)",0001104659-06-015851,10-K,"Total ENBREL $ 2,573 35 % $ 1,900 46 % $ 1,300",,,
AMGN,Enbrel,2004,1900,USD,"Amgen product sales, U.S. + Canada only (rights outside U.S./Canada held by Wyeth, now Pfizer)",0001193125-07-042586,10-K,"Total ENBREL $ 2,879 12 % $ 2,573 35 % $ 1,900",,,
AMGN,Enbrel,2005,2573,USD,"Amgen product sales, U.S. + Canada only (rights outside U.S./Canada held by Wyeth, now Pfizer)",0001193125-08-040431,10-K,"Total ENBREL $ 3,230 12 % $ 2,879 12 % $ 2,573",,,
AMGN,Enbrel,2006,2879,USD,"Amgen product sales, U.S. + Canada only (rights outside U.S./Canada held by Wyeth, now Pfizer)",0001193125-09-041091,10-K,"Total ENBREL $ 3,598 11 % $ 3,230 12 % $ 2,879",,,
AMGN,Enbrel,2007,3230,USD,"Amgen product sales, U.S. + Canada only (rights outside U.S./Canada held by Wyeth, now Pfizer)",0001193125-10-044311,10-K,"Total ENBREL $ 3,493 (3 )% $ 3,598 11 % $ 3,230",,,
AMGN,Enbrel,2008,3598,USD,"Amgen product sales, U.S. + Canada only (rights outside U.S./Canada held by Wyeth, now Pfizer)",0000950123-11-018800,10-K,"Total ENBREL $ 3,534 1% $ 3,493 (3)% $ 3,598",,,
AMGN,Enbrel,2009,3493,USD,"Amgen product sales, U.S. + Canada only (rights outside U.S./Canada held by Wyeth, now Pfizer)",0001193125-12-086670,10-K,"Total ENBREL $ 3,701 5 % $ 3,534 1 % $ 3,493",,,
AMGN,Enbrel,2010,3534,USD,"Amgen product sales, U.S. + Canada only (rights outside U.S./Canada held by Wyeth, now Pfizer)",0001445305-13-000364,10-K,"Total ENBREL $ 4,236 $ 3,701 $ 3,534",,,
AMGN,Enbrel,2011,3701,USD,"Amgen product sales, U.S. + Canada only (rights outside U.S./Canada held by Wyeth, now Pfizer)",0000318154-14-000004,10-K,"Total ENBREL $ 4,551 7 % $ 4,236 14 % $ 3,701",,,
AMGN,Enbrel,2012,4236,USD,"Amgen product sales, U.S. + Canada only (rights outside U.S./Canada held by Wyeth, now Pfizer)",0000318154-15-000005,10-K,"Total ENBREL $ 4,688 3 % $ 4,551 7 % $ 4,236",,,
AMGN,Enbrel,2013,4551,USD,"Amgen product sales, U.S. + Canada only (rights outside U.S./Canada held by Wyeth, now Pfizer)",0000318154-16-000031,10-K,"Total ENBREL $ 5,364 14 % $ 4,688 3 % $ 4,551",,,
AMGN,Enbrel,2014,4688,USD,"Amgen product sales, U.S. + Canada only (rights outside U.S./Canada held by Wyeth, now Pfizer)",0000318154-17-000004,10-K,"Total ENBREL $ 5,965 11 % $ 5,364 14 % $ 4,688",,,
AMGN,Enbrel,2015,5364,USD,"Amgen product sales, U.S. + Canada only (rights outside U.S./Canada held by Wyeth, now Pfizer)",0000318154-18-000004,10-K,"Total ENBREL $ 5,433 (9 )% $ 5,965 11 % $ 5,364",,,
AMGN,Enbrel,2016,5965,USD,"Amgen product sales, U.S. + Canada only (rights outside U.S./Canada held by Wyeth, now Pfizer)",0000318154-19-000008,10-K,"Total ENBREL $ 5,014 (8 )% $ 5,433 (9 )% $ 5,965",,,
AMGN,Enbrel,2017,5433,USD,"Amgen product sales, U.S. + Canada only (rights outside U.S./Canada held by Wyeth, now Pfizer)",0000318154-20-000017,10-K,"Total ENBREL $ 5,226 4 % $ 5,014 (8 )% $ 5,433",,,
AMGN,Enbrel,2018,5014,USD,"Amgen product sales, U.S. + Canada only (rights outside U.S./Canada held by Wyeth, now Pfizer)",0000318154-21-000010,10-K,"Total ENBREL $ 4,996 (4) % $ 5,226 4 % $ 5,014",,,
AMGN,Enbrel,2019,5226,USD,"Amgen product sales, U.S. + Canada only (rights outside U.S./Canada held by Wyeth, now Pfizer)",0000318154-22-000010,10-K,"Total ENBREL $ 4,465 (11) % $ 4,996 (4) % $ 5,226",,,
AMGN,Enbrel,2020,4996,USD,"Amgen product sales, U.S. + Canada only (rights outside U.S./Canada held by Wyeth, now Pfizer)",0000318154-23-000017,10-K,"Total ENBREL $ 4,117 (8) % $ 4,465 (11) % $ 4,996",,,
AMGN,Enbrel,2021,4465,USD,"Amgen product sales, U.S. + Canada only (rights outside U.S./Canada held by Wyeth, now Pfizer)",0000318154-24-000011,10-K,"Total ENBREL $ 3,697 (10) % $ 4,117 (8) % $ 4,465",,,
AMGN,Enbrel,2022,4117,USD,"Amgen product sales, U.S. + Canada only (rights outside U.S./Canada held by Wyeth, now Pfizer)",0000318154-25-000010,10-K,"Total ENBREL $ 3,316 (10) % $ 3,697 (10) % $ 4,117",,,
AMGN,Enbrel,2023,3697,USD,"Amgen product sales, U.S. + Canada only (rights outside U.S./Canada held by Wyeth, now Pfizer)",0000318154-26-000010,10-K,"Total ENBREL $ 2,226 (33) % $ 3,316 (10) % $ 3,697",,,
AMGN,Enbrel,2024,3316,USD,"Amgen product sales, U.S. + Canada only (rights outside U.S./Canada held by Wyeth, now Pfizer)",0000318154-26-000010,10-K,"Total ENBREL $ 2,226 (33) % $ 3,316 (10) % $ 3,697",,,
AMGN,Enbrel,2025,2226,USD,"Amgen product sales, U.S. + Canada only (rights outside U.S./Canada held by Wyeth, now Pfizer)",0000318154-26-000010,10-K,"Total ENBREL $ 2,226 (33) % $ 3,316 (10) % $ 3,697",,,
AMGN,Neulasta,2002,464,USD,Worldwide product sales (U.S. + international/ROW); excludes NEUPOGEN,0000950129-05-002159,10-K,"Neulasta® — Total $ 1,740 39 % $ 1,255 170 % $ 464",Launch year (Neulasta launched 2002; international printed as a dash). FY2002/FY2003 10-Ks printed 463.5.,,
AMGN,Neulasta,2003,1255,USD,Worldwide product sales (U.S. + international/ROW); excludes NEUPOGEN,0001104659-06-015851,10-K,"Neulasta® — U.S. $ 1,900 29 % $ 1,476 26 % $ 1,175 … Neulasta® — International 388 47 % 264 230 % 80","Sum of printed rows U.S. 1,175 + international 80; FY2004 10-K printed total 1,255.",,
AMGN,Neulasta,2004,1740,USD,Worldwide product sales (U.S. + international/ROW); excludes NEUPOGEN,0001193125-07-042586,10-K,"Neulasta® — U.S. $ 2,217 17 % $ 1,900 29 % $ 1,476 … Neulasta® — International 493 27 % 388 47 % 264","Sum of printed rows U.S. 1,476 + international 264; FY2004 10-K printed total 1,740.",,
AMGN,Neulasta,2005,2288,USD,Worldwide product sales (U.S. + international/ROW); excludes NEUPOGEN,0001193125-08-040431,10-K,"Neulasta® — U.S. $ 2,351 6 % $ 2,217 17 % $ 1,900 … Neulasta® — International 649 32 % 493 27 % 388","Sum of printed rows U.S. 1,900 + international 388; no Neulasta-only total printed (tables total Neulasta/NEUPOGEN).",,
AMGN,Neulasta,2006,2710,USD,Worldwide product sales (U.S. + international/ROW); excludes NEUPOGEN,0001193125-09-041091,10-K,"Neulasta® — U.S. $ 2,505 7 % $ 2,351 6 % $ 2,217 … Neulasta® — International 813 25 % 649 32 % 493","Sum of printed rows U.S. 2,217 + international 493; no Neulasta-only total printed.",,
AMGN,Neulasta,2007,3000,USD,Worldwide product sales (U.S. + international/ROW); excludes NEUPOGEN,0001193125-10-044311,10-K,"Neulasta® — U.S. $ 2,527 1 % $ 2,505 7 % $ 2,351 … Neulasta® — International 828 2 % 813 25 % 649","Sum of printed rows U.S. 2,351 + international 649; no Neulasta-only total printed.",,
AMGN,Neulasta,2008,3318,USD,Worldwide product sales (U.S. + international/ROW); excludes NEUPOGEN,0000950123-11-018800,10-K,"Neulasta® — U.S. $ 2,654 5% $ 2,527 1% $ 2,505 … Neulasta® — International 904 9% 828 2% 813","Sum of printed rows U.S. 2,505 + international 813; no Neulasta-only total printed.",,
AMGN,Neulasta,2009,3355,USD,Worldwide product sales (U.S. + international/ROW); excludes NEUPOGEN,0001193125-12-086670,10-K,"Neulasta® — U.S. $ 3,006 13 % $ 2,654 5 % $ 2,527 … Neulasta® — International 946 5 % 904 9 % 828","Sum of printed rows U.S. 2,527 + international 828; no Neulasta-only total printed.",,
AMGN,Neulasta,2010,3558,USD,Worldwide product sales (U.S. + international/ROW); excludes NEUPOGEN,0001445305-13-000364,10-K,"Total Neulasta® 4,092 3,952 3,558",,,
AMGN,Neulasta,2011,3952,USD,Worldwide product sales (U.S. + international/ROW); excludes NEUPOGEN,0000318154-14-000004,10-K,"Total Neulasta® 4,392 7 % 4,092 4 % 3,952",,,
AMGN,Neulasta,2012,4092,USD,Worldwide product sales (U.S. + international/ROW); excludes NEUPOGEN,0000318154-15-000005,10-K,"Total Neulasta® 4,596 5 % 4,392 7 % 4,092",,,
AMGN,Neulasta,2013,4392,USD,Worldwide product sales (U.S. + international/ROW); excludes NEUPOGEN,0000318154-16-000031,10-K,"Total Neulasta® $ 4,715 3 % $ 4,596 5 % $ 4,392",,,
AMGN,Neulasta,2014,4596,USD,Worldwide product sales (U.S. + international/ROW); excludes NEUPOGEN,0000318154-17-000004,10-K,"Total Neulasta® $ 4,648 (1 )% $ 4,715 3 % $ 4,596",,,
AMGN,Neulasta,2015,4715,USD,Worldwide product sales (U.S. + international/ROW); excludes NEUPOGEN,0000318154-18-000004,10-K,"Total Neulasta® $ 4,534 (2 )% $ 4,648 (1 )% $ 4,715",,,
AMGN,Neulasta,2016,4648,USD,Worldwide product sales (U.S. + international/ROW); excludes NEUPOGEN,0000318154-19-000008,10-K,"Total Neulasta® $ 4,475 (1 )% $ 4,534 (2 )% $ 4,648",,,
AMGN,Neulasta,2017,4534,USD,Worldwide product sales (U.S. + international/ROW); excludes NEUPOGEN,0000318154-20-000017,10-K,"Total Neulasta® $ 3,221 (28 )% $ 4,475 (1 )% $ 4,534",,,
AMGN,Neulasta,2018,4475,USD,Worldwide product sales (U.S. + international/ROW); excludes NEUPOGEN,0000318154-21-000010,10-K,"Total Neulasta® $ 2,293 (29) % $ 3,221 (28) % $ 4,475",First U.S. Neulasta biosimilar launched July 2018 (FY2018 10-K); sales fall from 2019.,,
AMGN,Neulasta,2019,3221,USD,Worldwide product sales (U.S. + international/ROW); excludes NEUPOGEN,0000318154-22-000010,10-K,"Total Neulasta $ 1,734 (24) % $ 2,293 (29) % $ 3,221",,,
AMGN,Neulasta,2020,2293,USD,Worldwide product sales (U.S. + international/ROW); excludes NEUPOGEN,0000318154-23-000017,10-K,"Total Neulasta $ 1,126 (35) % $ 1,734 (24) % $ 2,293",,,
AMGN,Neulasta,2021,1734,USD,Worldwide product sales (U.S. + international/ROW); excludes NEUPOGEN,0000318154-24-000011,10-K,"Neulasta — U.S. $ 710 (26) % $ 959 (37) % $ 1,514 … Neulasta — ROW 138 (17) % 167 (24) % 220","Sum of printed rows U.S. 1,514 + ROW 220; FY2022 10-K printed total 1,734. From FY2023 Neulasta sits in 'other product sales' with no total row.",,
AMGN,Neulasta,2022,1126,USD,Worldwide product sales (U.S. + international/ROW); excludes NEUPOGEN,0000318154-25-000010,10-K,Neulasta — U.S. 318 (55) % 710 (26) % 959 … Neulasta — ROW 113 (18) % 138 (17) % 167,"Sum of printed rows U.S. 959 + ROW 167; FY2022 10-K printed total 1,126.",,
AMGN,Neulasta,2023,848,USD,Worldwide product sales (U.S. + international/ROW); excludes NEUPOGEN,0000318154-26-000010,10-K,Neulasta — U.S. 359 13 % 318 (55) % 710 … Neulasta — ROW 76 (33) % 113 (18) % 138,Sum of printed rows U.S. 710 + ROW 138; no total printed.,,
AMGN,Neulasta,2024,431,USD,Worldwide product sales (U.S. + international/ROW); excludes NEUPOGEN,0000318154-26-000010,10-K,Neulasta — U.S. 359 13 % 318 (55) % 710 … Neulasta — ROW 76 (33) % 113 (18) % 138,Sum of printed rows U.S. 318 + ROW 113; no total printed.,,
AMGN,Neulasta,2025,435,USD,Worldwide product sales (U.S. + international/ROW); excludes NEUPOGEN,0000318154-26-000010,10-K,Neulasta — U.S. 359 13 % 318 (55) % 710 … Neulasta — ROW 76 (33) % 113 (18) % 138,Sum of printed rows U.S. 359 + ROW 76; no total printed.,,
AMGN,Prolia,2010,33,USD,"Amgen product sales, U.S. + ROW (excludes Japan, licensed to Daiichi Sankyo, and territories commercialized by GSK under the 2009 collaboration)",0001445305-13-000364,10-K,Total Prolia® 472 203 33,"Launch year (first sales 2010); partial year. U.S. 26, ROW 7.",,
AMGN,Prolia,2011,203,USD,"Amgen product sales, U.S. + ROW (excludes Japan, licensed to Daiichi Sankyo, and territories commercialized by GSK under the 2009 collaboration)",0000318154-14-000004,10-K,Total Prolia® 744 58 % 472 * 203,,,
AMGN,Prolia,2012,472,USD,"Amgen product sales, U.S. + ROW (excludes Japan, licensed to Daiichi Sankyo, and territories commercialized by GSK under the 2009 collaboration)",0000318154-15-000005,10-K,"Total Prolia® 1,030 38 % 744 58 % 472",,,
AMGN,Prolia,2013,744,USD,"Amgen product sales, U.S. + ROW (excludes Japan, licensed to Daiichi Sankyo, and territories commercialized by GSK under the 2009 collaboration)",0000318154-16-000031,10-K,"Total Prolia® $ 1,312 27 % $ 1,030 38 % $ 744",,,
AMGN,Prolia,2014,1030,USD,"Amgen product sales, U.S. + ROW (excludes Japan, licensed to Daiichi Sankyo, and territories commercialized by GSK under the 2009 collaboration)",0000318154-17-000004,10-K,"Total Prolia® $ 1,635 25 % $ 1,312 27 % $ 1,030",GSK osteoporosis collaboration terminated 1 Apr 2014 for all territories except Australia (agreement to end Australia signed Dec 2015). Those markets were commercialized by GSK before the termination.,,
AMGN,Prolia,2015,1312,USD,"Amgen product sales, U.S. + ROW (excludes Japan, licensed to Daiichi Sankyo, and territories commercialized by GSK under the 2009 collaboration)",0000318154-18-000004,10-K,"Total Prolia® $ 1,968 20 % $ 1,635 25 % $ 1,312",,,
AMGN,Prolia,2016,1635,USD,"Amgen product sales, U.S. + ROW (excludes Japan, licensed to Daiichi Sankyo, and territories commercialized by GSK under the 2009 collaboration)",0000318154-19-000008,10-K,"Total Prolia® $ 2,291 16 % $ 1,968 20 % $ 1,635",,,
AMGN,Prolia,2017,1968,USD,"Amgen product sales, U.S. + ROW (excludes Japan, licensed to Daiichi Sankyo, and territories commercialized by GSK under the 2009 collaboration)",0000318154-20-000017,10-K,"Total Prolia® $ 2,672 17 % $ 2,291 16 % $ 1,968",,,
AMGN,Prolia,2018,2291,USD,"Amgen product sales, U.S. + ROW (excludes Japan, licensed to Daiichi Sankyo, and territories commercialized by GSK under the 2009 collaboration)",0000318154-21-000010,10-K,"Total Prolia® $ 2,763 3 % $ 2,672 17 % $ 2,291",,,
AMGN,Prolia,2019,2672,USD,"Amgen product sales, U.S. + ROW (excludes Japan, licensed to Daiichi Sankyo, and territories commercialized by GSK under the 2009 collaboration)",0000318154-22-000010,10-K,"Total Prolia $ 3,248 18 % $ 2,763 3 % $ 2,672",,,
AMGN,Prolia,2020,2763,USD,"Amgen product sales, U.S. + ROW (excludes Japan, licensed to Daiichi Sankyo, and territories commercialized by GSK under the 2009 collaboration)",0000318154-23-000017,10-K,"Total Prolia $ 3,628 12 % $ 3,248 18 % $ 2,763",,,
AMGN,Prolia,2021,3248,USD,"Amgen product sales, U.S. + ROW (excludes Japan, licensed to Daiichi Sankyo, and territories commercialized by GSK under the 2009 collaboration)",0000318154-24-000011,10-K,"Total Prolia $ 4,048 12 % $ 3,628 12 % $ 3,248",,,
AMGN,Prolia,2022,3628,USD,"Amgen product sales, U.S. + ROW (excludes Japan, licensed to Daiichi Sankyo, and territories commercialized by GSK under the 2009 collaboration)",0000318154-25-000010,10-K,"Total Prolia $ 4,374 8 % $ 4,048 12 % $ 3,628",,,
AMGN,Prolia,2023,4048,USD,"Amgen product sales, U.S. + ROW (excludes Japan, licensed to Daiichi Sankyo, and territories commercialized by GSK under the 2009 collaboration)",0000318154-26-000010,10-K,"Total Prolia $ 4,414 1 % $ 4,374 8 % $ 4,048",,,
AMGN,Prolia,2024,4374,USD,"Amgen product sales, U.S. + ROW (excludes Japan, licensed to Daiichi Sankyo, and territories commercialized by GSK under the 2009 collaboration)",0000318154-26-000010,10-K,"Total Prolia $ 4,414 1 % $ 4,374 8 % $ 4,048",,,
AMGN,Prolia,2025,4414,USD,"Amgen product sales, U.S. + ROW (excludes Japan, licensed to Daiichi Sankyo, and territories commercialized by GSK under the 2009 collaboration)",0000318154-26-000010,10-K,"Total Prolia $ 4,414 1 % $ 4,374 8 % $ 4,048",,,
AMGN,Xgeva,2010,8,USD,"Amgen product sales, U.S. + ROW (excludes Japan, licensed to Daiichi Sankyo, and territories commercialized by GSK under the 2009 collaboration)",0001445305-13-000364,10-K,Total XGEVA® 748 351 8,"Launch year (first sales 2010); partial year. U.S. 8, ROW printed as a dash.",,
AMGN,Xgeva,2011,351,USD,"Amgen product sales, U.S. + ROW (excludes Japan, licensed to Daiichi Sankyo, and territories commercialized by GSK under the 2009 collaboration)",0000318154-14-000004,10-K,"Total XGEVA® 1,019 36 % 748 * 351",,,
AMGN,Xgeva,2012,748,USD,"Amgen product sales, U.S. + ROW (excludes Japan, licensed to Daiichi Sankyo, and territories commercialized by GSK under the 2009 collaboration)",0000318154-15-000005,10-K,"Total XGEVA® 1,221 20 % 1,019 36 % 748",,,
AMGN,Xgeva,2013,1019,USD,"Amgen product sales, U.S. + ROW (excludes Japan, licensed to Daiichi Sankyo, and territories commercialized by GSK under the 2009 collaboration)",0000318154-16-000031,10-K,"Total XGEVA® $ 1,405 15 % $ 1,221 20 % $ 1,019",,,
AMGN,Xgeva,2014,1221,USD,"Amgen product sales, U.S. + ROW (excludes Japan, licensed to Daiichi Sankyo, and territories commercialized by GSK under the 2009 collaboration)",0000318154-17-000004,10-K,"Total XGEVA® $ 1,529 9 % $ 1,405 15 % $ 1,221",,,
AMGN,Xgeva,2015,1405,USD,"Amgen product sales, U.S. + ROW (excludes Japan, licensed to Daiichi Sankyo, and territories commercialized by GSK under the 2009 collaboration)",0000318154-18-000004,10-K,"Total XGEVA® $ 1,575 3 % $ 1,529 9 % $ 1,405",,,
AMGN,Xgeva,2016,1529,USD,"Amgen product sales, U.S. + ROW (excludes Japan, licensed to Daiichi Sankyo, and territories commercialized by GSK under the 2009 collaboration)",0000318154-19-000008,10-K,"Total XGEVA® $ 1,786 13 % $ 1,575 3 % $ 1,529",,,
AMGN,Xgeva,2017,1575,USD,"Amgen product sales, U.S. + ROW (excludes Japan, licensed to Daiichi Sankyo, and territories commercialized by GSK under the 2009 collaboration)",0000318154-20-000017,10-K,"Total XGEVA® $ 1,935 8 % $ 1,786 13 % $ 1,575",,,
AMGN,Xgeva,2018,1786,USD,"Amgen product sales, U.S. + ROW (excludes Japan, licensed to Daiichi Sankyo, and territories commercialized by GSK under the 2009 collaboration)",0000318154-21-000010,10-K,"Total XGEVA® $ 1,899 (2) % $ 1,935 8 % $ 1,786",,,
AMGN,Xgeva,2019,1935,USD,"Amgen product sales, U.S. + ROW (excludes Japan, licensed to Daiichi Sankyo, and territories commercialized by GSK under the 2009 collaboration)",0000318154-22-000010,10-K,"Total XGEVA $ 2,018 6 % $ 1,899 (2) % $ 1,935",,,
AMGN,Xgeva,2020,1899,USD,"Amgen product sales, U.S. + ROW (excludes Japan, licensed to Daiichi Sankyo, and territories commercialized by GSK under the 2009 collaboration)",0000318154-23-000017,10-K,"Total XGEVA $ 2,014 — % $ 2,018 6 % $ 1,899",,,
AMGN,Xgeva,2021,2018,USD,"Amgen product sales, U.S. + ROW (excludes Japan, licensed to Daiichi Sankyo, and territories commercialized by GSK under the 2009 collaboration)",0000318154-24-000011,10-K,"Total XGEVA $ 2,112 5 % $ 2,014 — % $ 2,018",,,
AMGN,Xgeva,2022,2014,USD,"Amgen product sales, U.S. + ROW (excludes Japan, licensed to Daiichi Sankyo, and territories commercialized by GSK under the 2009 collaboration)",0000318154-25-000010,10-K,"Total XGEVA $ 2,225 5 % $ 2,112 5 % $ 2,014",,,
AMGN,Xgeva,2023,2112,USD,"Amgen product sales, U.S. + ROW (excludes Japan, licensed to Daiichi Sankyo, and territories commercialized by GSK under the 2009 collaboration)",0000318154-26-000010,10-K,"Total XGEVA $ 2,084 (6) % $ 2,225 5 % $ 2,112",,,
AMGN,Xgeva,2024,2225,USD,"Amgen product sales, U.S. + ROW (excludes Japan, licensed to Daiichi Sankyo, and territories commercialized by GSK under the 2009 collaboration)",0000318154-26-000010,10-K,"Total XGEVA $ 2,084 (6) % $ 2,225 5 % $ 2,112",,,
AMGN,Xgeva,2025,2084,USD,"Amgen product sales, U.S. + ROW (excludes Japan, licensed to Daiichi Sankyo, and territories commercialized by GSK under the 2009 collaboration)",0000318154-26-000010,10-K,"Total XGEVA $ 2,084 (6) % $ 2,225 5 % $ 2,112",,,
AZN,Crestor,2003,129,USD,worldwide product sales,0000950103-06-000565,20-F exhibit 15.1 (Annual Report and Form 20-F Information),"| Crestor | 1,268 | 338 | 22 | 908 | 753 | 26 | 129 | 38 | 40 | n/m | n/m |","Key product performance table (sales in three years, with underlying and exchange growth). Launch year (2002 shown as '–' in the 2004 report).",,
AZN,Crestor,2004,908,USD,worldwide product sales,0000950103-07-000768,20-F exhibit 15.1 (Annual Report and Form 20-F Information),"Crestor | 2,028 | 745 | 15 | 1,268 | 338 | 22 | 908 | 59 | 60 | 38 | 40 |","Key product performance table (sales in three years, with underlying and exchange growth).",,
AZN,Crestor,2005,1268,USD,worldwide product sales,0000950103-08-000636,20-F exhibit 15.1 (Annual Report and Form 20-F Information),"Crestor | 2,796 | 2,028 | 1,268 |","Financial statements note, product sales by product, three years.",,
AZN,Crestor,2006,2028,USD,worldwide product sales,0000950103-09-000555,20-F exhibit 15.1 (Annual Report and Form 20-F Information),"Crestor | 3,597 | 2,796 | 2,028 |","Financial statements note, product sales by product, three years.",,
AZN,Crestor,2007,2796,USD,worldwide product sales,0000950103-10-000863,20-F exhibit 15.1 (Annual Report and Form 20-F Information),"Crestor | 4,502 | 3,597 | 2,796 |","Financial statements note, product sales by product, three years.",,
AZN,Crestor,2008,3597,USD,worldwide product sales,0000950103-11-001574,20-F exhibit 15.1 (Annual Report and Form 20-F Information),"Crestor | 5,691 | 4,502 | 3,597 |","Financial statements note, product sales by product, three years.",,
AZN,Crestor,2009,4502,USD,worldwide product sales,0000950103-12-001564,20-F exhibit 15.1 (Annual Report and Form 20-F Information),"Crestor | 6,622 | 5,691 | 4,502 |","Financial statements note, product sales by product, three years.",,
AZN,Crestor,2010,5691,USD,worldwide product sales,0000950103-13-001915,20-F exhibit 15.1 (Annual Report and Form 20-F Information),"Crestor | 6,253 | 6,622 | 5,691 |","Financial statements note, product sales by product, three years.",,
AZN,Crestor,2011,6622,USD,worldwide product sales,0000950103-14-001994,20-F exhibit 15.1 (Annual Report and Form 20-F Information),"Crestor | 5,622 | 6,253 | 6,622 |","Financial statements note, product sales by product, three years.",,
AZN,Crestor,2012,6253,USD,worldwide product sales,0000950103-15-001933,20-F exhibit 15.1 (Annual Report and Form 20-F Information),"Crestor | 5,512 | 5,622 | 6,253 |","Financial statements note, product sales by product, three years.",,
AZN,Crestor,2013,5622,USD,worldwide product sales,0000950103-16-011733,20-F exhibit 15.1 (Annual Report and Form 20-F Information),"Crestor | 5,017 | 5,512 | 5,622 |","Financial statements note, product sales by product, three years.",,
AZN,Crestor,2014,5512,USD,worldwide product sales,0000950103-17-002275,20-F exhibit 15.1 (Annual Report and Form 20-F Information),"Crestor | 3,401 | 5,017 | 5,512 |","Financial statements note, product sales by product, three years.",,
AZN,Crestor,2015,5017,USD,worldwide product sales,0001104659-18-015257,20-F exhibit 15.1 (Annual Report and Form 20-F Information),"Crestor 2,365 3,401 5,017","Note 1 Revenue, Product Sales 2017/2016/2015 (text extracted from the exhibit; table flattened).",,
AZN,Crestor,2016,3401,USD,worldwide product sales,0001104659-19-012881,20-F,"Crestor | 3,401 | (32 | ) | (32 | ) | 721 | 5 | 12 | 1,223 | (57 | ) | 866 | (5 | ) | (4 | ) | 591 | 4 | (5 | ) |","Product sales table for the prior year (World, then regions); latest filing printing this year. The 2017 20-F says generic Crestor entered the US market from July 2016.",,
AZN,Crestor,2017,2365,USD,worldwide product sales,0001104659-20-028557,20-F,"Crestor | 2,365 | (30 | ) | (30 | ) | 784 | 9 | 11 | 373 | (70 | ) | 666 | (23 | ) | (23 | ) | 542 | (8 | ) | (6 | ) |","Product sales table for the prior year (World, then regions); latest filing printing this year.",,
AZN,Crestor,2018,1433,USD,worldwide product sales,0001104659-21-022456,20-F,"Crestor | 1,433 | (39 | ) | (40 | ) | 841 | 7 | 7 | 170 | (54 | ) | 203 | (70 | ) | (71 | ) | 219 | (60 | ) | (60 | ) |","Product sales table for the prior year (World, then regions); latest filing printing this year.",,
AZN,Crestor,2019,1278,USD,worldwide product sales,0001104659-22-025720,20-F,"Crestor | 775 | 80 | 52 | 189 | 1,096 | 748 | 92 | 129 | 211 | 1,180 | 806 | 104 | 148 | 220 | 1,278 |","Product sales by region table (US, Emerging Markets, Europe, Established RoW, Total) for three years; value is the Total column for this year.",,
AZN,Crestor,2020,1180,USD,worldwide product sales,0001104659-23-023818,20-F,"Crestor | 794 | 65 | 41 | 148 | 1,048 | 775 | 80 | 52 | 189 | 1,096 | 748 | 92 | 129 | 211 | 1,180 |","Product sales by region table (US, Emerging Markets, Europe, Established RoW, Total) for three years; value is the Total column for this year.",,
AZN,Crestor,2021,1096,USD,worldwide product sales,0001104659-24-025553,20-F,"Crestor | 55 | 862 | 52 | 138 | 1,107 | 65 | 794 | 41 | 148 | 1,048 | 80 | 775 | 52 | 189 | 1,096 |","Product sales by region table (US, Emerging Markets, Europe, Established RoW, Total) for three years; value is the Total column for this year.",,
AZN,Crestor,2022,1048,USD,worldwide product sales,0001104659-25-014750,20-F,"Crestor | 46 | 934 | 37 | 136 | 1,153 | 55 | 862 | 52 | 138 | 1,107 | 65 | 794 | 41 | 148 | 1,048 |","Product sales by region table (US, Emerging Markets, Europe, Established RoW, Total) for three years; value is the Total column for this year.",,
AZN,Crestor,2023,1107,USD,worldwide product sales,0001104659-26-019130,20-F,"Crestor | 45 | 1,041 | 1 | 129 | 1,216 | 46 | 934 | 37 | 136 | 1,153 | 55 | 862 | 52 | 138 | 1,107 |","Product sales by region table (US, Emerging Markets, Europe, Established RoW, Total) for three years; value is the Total column for this year.",,
AZN,Crestor,2024,1153,USD,worldwide product sales,0001104659-26-019130,20-F,"Crestor | 45 | 1,041 | 1 | 129 | 1,216 | 46 | 934 | 37 | 136 | 1,153 | 55 | 862 | 52 | 138 | 1,107 |","Product sales by region table (US, Emerging Markets, Europe, Established RoW, Total) for three years; value is the Total column for this year.",,
AZN,Crestor,2025,1216,USD,worldwide product sales,0001104659-26-019130,20-F,"Crestor | 45 | 1,041 | 1 | 129 | 1,216 | 46 | 934 | 37 | 136 | 1,153 | 55 | 862 | 52 | 138 | 1,107 |","Product sales by region table (US, Emerging Markets, Europe, Established RoW, Total) for three years; value is the Total column for this year.",,
AZN,Farxiga/Forxiga,2013,10,USD,worldwide product sales,0000950103-16-011733,20-F exhibit 15.1 (Annual Report and Form 20-F Information),Farxiga/Forxiga | 492 | 225 | 10 |,"Financial statements note, product sales by product, three years. Row 'Farxiga/Forxiga | 492 | 225 | 10' (2015/2014/2013). Launch year; before the requested span. The 2013 report describes Forxiga as part of the BMS collaboration; the 2014 report records Forxiga/Farxiga intangibles acquired from BMS.",,
AZN,Farxiga/Forxiga,2014,225,USD,worldwide product sales,0000950103-17-002275,20-F exhibit 15.1 (Annual Report and Form 20-F Information),Farxiga | 835 | 492 | 225 |,"Financial statements note, product sales by product, three years. Not broken out in the 2014 report's own product note.",,
AZN,Farxiga/Forxiga,2015,492,USD,worldwide product sales,0001104659-18-015257,20-F exhibit 15.1 (Annual Report and Form 20-F Information),"Farxiga 1,074 835 492","Note 1 Revenue, Product Sales 2017/2016/2015 (text extracted from the exhibit; table flattened).",,
AZN,Farxiga/Forxiga,2016,835,USD,worldwide product sales,0001104659-19-012881,20-F,Farxiga/ Forxiga | 835 | 70 | 72 | 133 | 82 | 96 | 457 | 75 | 187 | 48 | 52 | 58 | 81 | 72 |,"Product sales table for the prior year (World, then regions); latest filing printing this year.",,
AZN,Farxiga/Forxiga,2017,1074,USD,worldwide product sales,0001104659-20-028557,20-F,"Farxiga | 1,074 | 29 | 28 | 232 | 74 | 73 | 489 | 7 | 242 | 29 | 28 | 111 | 91 | 90 |","Product sales table for the prior year (World, then regions); latest filing printing this year.",,
AZN,Farxiga/Forxiga,2018,1391,USD,worldwide product sales,0001104659-21-022456,20-F,"Farxiga | 1,391 | 30 | 30 | 336 | 45 | 52 | 591 | 21 | 315 | 30 | 24 | 149 | 34 | 34 |","Product sales table for the prior year (World, then regions); latest filing printing this year.",,
AZN,Farxiga/Forxiga,2019,1543,USD,worldwide product sales,0001104659-22-025720,20-F,"Farxiga | 1,195 | 732 | 810 | 263 | 3,000 | 686 | 569 | 507 | 197 | 1,959 | 471 | 537 | 373 | 162 | 1,543 |","Product sales by region table (US, Emerging Markets, Europe, Established RoW, Total) for three years; value is the Total column for this year.",,
AZN,Farxiga/Forxiga,2020,1959,USD,worldwide product sales,0001104659-23-023818,20-F,"Farxiga | 1,665 | 1,071 | 1,297 | 348 | 4,381 | 1,195 | 732 | 810 | 263 | 3,000 | 686 | 569 | 507 | 197 | 1,959 |","Product sales by region table (US, Emerging Markets, Europe, Established RoW, Total) for three years; value is the Total column for this year.",,
AZN,Farxiga/Forxiga,2021,3000,USD,worldwide product sales,0001104659-24-025553,20-F,"Farxiga | 1,451 | 2,211 | 1,881 | 420 | 5,963 | 1,071 | 1,665 | 1,297 | 348 | 4,381 | 732 | 1,195 | 810 | 263 | 3,000 |","Product sales by region table (US, Emerging Markets, Europe, Established RoW, Total) for three years; value is the Total column for this year.",,
AZN,Farxiga/Forxiga,2022,4381,USD,worldwide product sales,0001104659-25-014750,20-F,"Farxiga | 1,750 | 2,853 | 2,634 | 419 | 7,656 | 1,451 | 2,211 | 1,881 | 420 | 5,963 | 1,071 | 1,665 | 1,297 | 348 | 4,381 |","Product sales by region table (US, Emerging Markets, Europe, Established RoW, Total) for three years; value is the Total column for this year.",,
AZN,Farxiga/Forxiga,2023,5963,USD,worldwide product sales,0001104659-26-019130,20-F,"Farxiga | 1,730 | 3,324 | 2,941 | 405 | 8,400 | 1,750 | 2,853 | 2,634 | 419 | 7,656 | 1,451 | 2,211 | 1,881 | 420 | 5,963 |","Product sales by region table (US, Emerging Markets, Europe, Established RoW, Total) for three years; value is the Total column for this year.",,
AZN,Farxiga/Forxiga,2024,7656,USD,worldwide product sales,0001104659-26-019130,20-F,"Farxiga | 1,730 | 3,324 | 2,941 | 405 | 8,400 | 1,750 | 2,853 | 2,634 | 419 | 7,656 | 1,451 | 2,211 | 1,881 | 420 | 5,963 |","Product sales by region table (US, Emerging Markets, Europe, Established RoW, Total) for three years; value is the Total column for this year.",,
AZN,Farxiga/Forxiga,2025,8400,USD,worldwide product sales,0001104659-26-019130,20-F,"Farxiga | 1,730 | 3,324 | 2,941 | 405 | 8,400 | 1,750 | 2,853 | 2,634 | 419 | 7,656 | 1,451 | 2,211 | 1,881 | 420 | 5,963 |","Product sales by region table (US, Emerging Markets, Europe, Established RoW, Total) for three years; value is the Total column for this year.",,
AZN,Nexium,2001,568,USD,worldwide product sales,0000950103-04-000383,20-F exhibit 14.1 (Annual Report and Form 20-F Information),"Nexium | 3,302 | 1,225 | 99 | 1,978 | 1,395 | 15 | 568 | 62 | 67 | n/m | n/m |","Key product performance table (sales in three years, with underlying and exchange growth). The 2004 report says Nexium was first launched in Sweden in August 2000.",,
AZN,Nexium,2002,1978,USD,worldwide product sales,0000950103-05-000478,20-F exhibit 14.1 (Annual Report and Form 20-F Information),"Nexium | 3,883 | 479 | 102 | 3,302 | 1,225 | 99 | 1,978 | 15 | 18 | 62 | 67 |","Key product performance table (sales in three years, with underlying and exchange growth).",,
AZN,Nexium,2003,3302,USD,worldwide product sales,0000950103-06-000565,20-F exhibit 15.1 (Annual Report and Form 20-F Information),"| Nexium | 4,633 | 702 | 48 | 3,883 | 479 | 102 | 3,302 | 18 | 19 | 15 | 18 |","Key product performance table (sales in three years, with underlying and exchange growth).",,
AZN,Nexium,2004,3883,USD,worldwide product sales,0000950103-07-000768,20-F exhibit 15.1 (Annual Report and Form 20-F Information),"| Nexium | 5,182 | 555 | (6 | ) | 4,633 | 702 | 48 | 3,883 | 12 | 12 | 18 | 19 |","Key product performance table (sales in three years, with underlying and exchange growth).",,
AZN,Nexium,2005,4633,USD,worldwide product sales,0000950103-08-000636,20-F exhibit 15.1 (Annual Report and Form 20-F Information),"Nexium | 5,216 | 5,182 | 4,633 |","Financial statements note, product sales by product, three years.",,
AZN,Nexium,2006,5182,USD,worldwide product sales,0000950103-09-000555,20-F exhibit 15.1 (Annual Report and Form 20-F Information),"Nexium | 5,200 | 5,216 | 5,182 |","Financial statements note, product sales by product, three years.",,
AZN,Nexium,2007,5216,USD,worldwide product sales,0000950103-10-000863,20-F exhibit 15.1 (Annual Report and Form 20-F Information),"Nexium | 4,959 | 5,200 | 5,216 |","Financial statements note, product sales by product, three years.",,
AZN,Nexium,2008,5200,USD,worldwide product sales,0000950103-11-001574,20-F exhibit 15.1 (Annual Report and Form 20-F Information),"Nexium | 4,969 | 4,959 | 5,200 |","Financial statements note, product sales by product, three years.",,
AZN,Nexium,2009,4959,USD,worldwide product sales,0000950103-12-001564,20-F exhibit 15.1 (Annual Report and Form 20-F Information),"Nexium | 4,429 | 4,969 | 4,959 |","Financial statements note, product sales by product, three years.",,
AZN,Nexium,2010,4969,USD,worldwide product sales,0000950103-13-001915,20-F exhibit 15.1 (Annual Report and Form 20-F Information),"Nexium | 3,944 | 4,429 | 4,969 |","Financial statements note, product sales by product, three years.",,
AZN,Nexium,2011,4429,USD,worldwide product sales,0000950103-14-001994,20-F exhibit 15.1 (Annual Report and Form 20-F Information),"Nexium | 3,872 | 3,944 | 4,429 |","Financial statements note, product sales by product, three years.",,
AZN,Nexium,2012,3944,USD,worldwide product sales,0000950103-15-001933,20-F exhibit 15.1 (Annual Report and Form 20-F Information),"Nexium | 3,655 | 3,872 | 3,944 |","Financial statements note, product sales by product, three years.",,
AZN,Nexium,2013,3872,USD,worldwide product sales,0000950103-16-011733,20-F exhibit 15.1 (Annual Report and Form 20-F Information),"Nexium | 2,496 | 3,655 | 3,872 |","Financial statements note, product sales by product, three years.",,
AZN,Nexium,2014,3655,USD,worldwide product sales,0000950103-17-002275,20-F exhibit 15.1 (Annual Report and Form 20-F Information),"Nexium | 2,032 | 2,496 | 3,655 |","Financial statements note, product sales by product, three years.",,
AZN,Nexium,2015,2496,USD,worldwide product sales,0001104659-18-015257,20-F exhibit 15.1 (Annual Report and Form 20-F Information),"Nexium 1,952 2,032 2,496","Note 1 Revenue, Product Sales 2017/2016/2015 (text extracted from the exhibit; table flattened).",,
AZN,Nexium,2016,2032,USD,worldwide product sales,0001104659-19-012881,20-F,"Nexium | 2,032 | (19 | ) | (18 | ) | 690 | (9 | ) | (3 | ) | 554 | (39 | ) | 251 | (12 | ) | (11 | ) | 537 | (2 | ) | (10 | ) |","Product sales table for the prior year (World, then regions); latest filing printing this year.",,
AZN,Nexium,2017,1952,USD,worldwide product sales,0001104659-20-028557,20-F,"Nexium | 1,952 | (4 | ) | (3 | ) | 684 | (1 | ) | 2 | 499 | (10 | ) | 248 | (1 | ) | (3 | ) | 521 | (3 | ) | (1 | ) |","Product sales table for the prior year (World, then regions); latest filing printing this year.",,
AZN,Nexium,2018,1702,USD,worldwide product sales,0001104659-21-022456,20-F,"Nexium | 1,702 | (13 | ) | (14 | ) | 690 | 1 | 1 | 306 | (39 | ) | 235 | (6 | ) | (11 | ) | 471 | (10 | ) | (11 | ) |","Product sales table for the prior year (World, then regions); latest filing printing this year.",,
AZN,Nexium,2019,1483,USD,worldwide product sales,0001104659-22-025720,20-F,"Nexium | 705 | 128 | 62 | 431 | 1,326 | 757 | 169 | 71 | 495 | 1,492 | 748 | 218 | 63 | 454 | 1,483 |","Product sales by region table (US, Emerging Markets, Europe, Established RoW, Total) for three years; value is the Total column for this year.",,
AZN,Nexium,2020,1492,USD,worldwide product sales,0001104659-23-023818,20-F,"Nexium | 568 | 120 | 46 | 551 | 1,285 | 705 | 128 | 62 | 431 | 1,326 | 757 | 169 | 71 | 495 | 1,492 |","Product sales by region table (US, Emerging Markets, Europe, Established RoW, Total) for three years; value is the Total column for this year.",,
AZN,Nexium,2021,1326,USD,worldwide product sales,0001104659-24-025553,20-F,"Nexium | 115 | 578 | 53 | 199 | 945 | 120 | 568 | 46 | 551 | 1,285 | 128 | 705 | 62 | 431 | 1,326 |","Product sales by region table (US, Emerging Markets, Europe, Established RoW, Total) for three years; value is the Total column for this year.",,
AZN,Nexium,2022,1285,USD,worldwide product sales,0001104659-25-014750,20-F,"Nexium | 96 | 591 | 60 | 120 | 867 | 115 | 578 | 53 | 199 | 945 | 120 | 568 | 46 | 551 | 1,285 |","Product sales by region table (US, Emerging Markets, Europe, Established RoW, Total) for three years; value is the Total column for this year.",,
AZN,Nexium,2023,945,USD,worldwide product sales,0001104659-26-019130,20-F,Nexium | 67 | 611 | 50 | 88 | 816 | 96 | 591 | 60 | 120 | 867 | 115 | 578 | 53 | 199 | 945 |,"Product sales by region table (US, Emerging Markets, Europe, Established RoW, Total) for three years; value is the Total column for this year.",,
AZN,Nexium,2024,867,USD,worldwide product sales,0001104659-26-019130,20-F,Nexium | 67 | 611 | 50 | 88 | 816 | 96 | 591 | 60 | 120 | 867 | 115 | 578 | 53 | 199 | 945 |,"Product sales by region table (US, Emerging Markets, Europe, Established RoW, Total) for three years; value is the Total column for this year.",,
AZN,Nexium,2025,816,USD,worldwide product sales,0001104659-26-019130,20-F,Nexium | 67 | 611 | 50 | 88 | 816 | 96 | 591 | 60 | 120 | 867 | 115 | 578 | 53 | 199 | 945 |,"Product sales by region table (US, Emerging Markets, Europe, Established RoW, Total) for three years; value is the Total column for this year.",,
AZN,Symbicort,2001,83,USD,worldwide product sales,0000950103-04-000383,20-F exhibit 14.1 (Annual Report and Form 20-F Information),Symbicort | 549 | 180 | 70 | 299 | 206 | 10 | 83 | 61 | 84 | 248 | 260 |,"Key product performance table (sales in three years, with underlying and exchange growth).",,
AZN,Symbicort,2002,299,USD,worldwide product sales,0000950103-05-000478,20-F exhibit 14.1 (Annual Report and Form 20-F Information),| Symbicort | 797 | 176 | 72 | 549 | 180 | 70 | 299 | 32 | 45 | 61 | 84 |,"Key product performance table (sales in three years, with underlying and exchange growth).",,
AZN,Symbicort,2003,549,USD,worldwide product sales,0000950103-06-000565,20-F exhibit 15.1 (Annual Report and Form 20-F Information),"| Symbicort | 1,006 | 179 | 30 | 797 | 176 | 72 | 549 | 22 | 26 | 32 | 45 |","Key product performance table (sales in three years, with underlying and exchange growth).",,
AZN,Symbicort,2004,797,USD,worldwide product sales,0000950103-07-000768,20-F exhibit 15.1 (Annual Report and Form 20-F Information),"| Symbicort | 1,184 | 182 | (4 | ) | 1,006 | 179 | 30 | 797 | 18 | 18 | 22 | 26 |","Key product performance table (sales in three years, with underlying and exchange growth).",,
AZN,Symbicort,2005,1006,USD,worldwide product sales,0000950103-08-000636,20-F exhibit 15.1 (Annual Report and Form 20-F Information),"Symbicort | 1,575 | 1,184 | 1,006 |","Financial statements note, product sales by product, three years.",,
AZN,Symbicort,2006,1184,USD,worldwide product sales,0000950103-09-000555,20-F exhibit 15.1 (Annual Report and Form 20-F Information),"Symbicort | 2,004 | 1,575 | 1,184 |","Financial statements note, product sales by product, three years.",,
AZN,Symbicort,2007,1575,USD,worldwide product sales,0000950103-10-000863,20-F exhibit 15.1 (Annual Report and Form 20-F Information),"Symbicort | 2,294 | 2,004 | 1,575 |","Financial statements note, product sales by product, three years.",,
AZN,Symbicort,2008,2004,USD,worldwide product sales,0000950103-11-001574,20-F exhibit 15.1 (Annual Report and Form 20-F Information),"Symbicort | 2,746 | 2,294 | 2,004 |","Financial statements note, product sales by product, three years.",,
AZN,Symbicort,2009,2294,USD,worldwide product sales,0000950103-12-001564,20-F exhibit 15.1 (Annual Report and Form 20-F Information),"Symbicort | 3,148 | 2,746 | 2,294 |","Financial statements note, product sales by product, three years.",,
AZN,Symbicort,2010,2746,USD,worldwide product sales,0000950103-13-001915,20-F exhibit 15.1 (Annual Report and Form 20-F Information),"Symbicort | 3,194 | 3,148 | 2,746 |","Financial statements note, product sales by product, three years.",,
AZN,Symbicort,2011,3148,USD,worldwide product sales,0000950103-14-001994,20-F exhibit 15.1 (Annual Report and Form 20-F Information),"Symbicort | 3,483 | 3,194 | 3,148 |","Financial statements note, product sales by product, three years.",,
AZN,Symbicort,2012,3194,USD,worldwide product sales,0000950103-15-001933,20-F exhibit 15.1 (Annual Report and Form 20-F Information),"Symbicort | 3,801 | 3,483 | 3,194 |","Financial statements note, product sales by product, three years.",,
AZN,Symbicort,2013,3483,USD,worldwide product sales,0000950103-16-011733,20-F exhibit 15.1 (Annual Report and Form 20-F Information),"Symbicort | 3,394 | 3,801 | 3,483 |","Financial statements note, product sales by product, three years.",,
AZN,Symbicort,2014,3801,USD,worldwide product sales,0000950103-17-002275,20-F exhibit 15.1 (Annual Report and Form 20-F Information),"Symbicort | 2,989 | 3,394 | 3,801 |","Financial statements note, product sales by product, three years.",,
AZN,Symbicort,2015,3394,USD,worldwide product sales,0001104659-18-015257,20-F exhibit 15.1 (Annual Report and Form 20-F Information),"Symbicort 2,803 2,989 3,394","Note 1 Revenue, Product Sales 2017/2016/2015 (text extracted from the exhibit; table flattened).",,
AZN,Symbicort,2016,2989,USD,worldwide product sales,0001104659-19-012881,20-F,"Symbicort | 2,989 | (12 | ) | (10 | ) | 402 | 2 | 10 | 1,242 | (18 | ) | 909 | (15 | ) | (12 | ) | 436 | 8 | 5 |","Product sales table for the prior year (World, then regions); latest filing printing this year.",,
AZN,Symbicort,2017,2803,USD,worldwide product sales,0001104659-20-028557,20-F,"Symbicort | 2,803 | (6 | ) | (6 | ) | 439 | 9 | 10 | 1,099 | (12 | ) | 819 | (10 | ) | (10 | ) | 446 | 2 | 2 |","Product sales table for the prior year (World, then regions); latest filing printing this year.",,
AZN,Symbicort,2018,2561,USD,worldwide product sales,0001104659-21-022456,20-F,"Symbicort | 2,561 | (9 | ) | (10 | ) | 495 | 13 | 14 | 862 | (22 | ) | 773 | (6 | ) | (10 | ) | 431 | (3 | ) | (4 | ) |","Product sales table for the prior year (World, then regions); latest filing printing this year.",,
AZN,Symbicort,2019,2495,USD,worldwide product sales,0001104659-22-025720,20-F,"Symbicort | 609 | 1,065 | 670 | 384 | 2,728 | 567 | 1,022 | 694 | 438 | 2,721 | 547 | 829 | 678 | 441 | 2,495 |","Product sales by region table (US, Emerging Markets, Europe, Established RoW, Total) for three years; value is the Total column for this year.",,
AZN,Symbicort,2020,2721,USD,worldwide product sales,0001104659-23-023818,20-F,"Symbicort | 608 | 973 | 582 | 375 | 2,538 | 609 | 1,065 | 670 | 384 | 2,728 | 567 | 1,022 | 694 | 438 | 2,721 |","Product sales by region table (US, Emerging Markets, Europe, Established RoW, Total) for three years; value is the Total column for this year.",,
AZN,Symbicort,2021,2728,USD,worldwide product sales,0001104659-24-025553,20-F,"Symbicort | 726 | 753 | 549 | 334 | 2,362 | 973 | 608 | 582 | 375 | 2,538 | 1,065 | 609 | 670 | 384 | 2,728 |","Product sales by region table (US, Emerging Markets, Europe, Established RoW, Total) for three years; value is the Total column for this year.",,
AZN,Symbicort,2022,2538,USD,worldwide product sales,0001104659-25-014750,20-F,"Symbicort | 1,187 | 805 | 559 | 328 | 2,879 | 726 | 753 | 549 | 334 | 2,362 | 973 | 608 | 582 | 375 | 2,538 |","Product sales by region table (US, Emerging Markets, Europe, Established RoW, Total) for three years; value is the Total column for this year.",,
AZN,Symbicort,2023,2362,USD,worldwide product sales,0001104659-26-019130,20-F,"Symbicort | 1,193 | 801 | 560 | 331 | 2,885 | 1,187 | 805 | 559 | 328 | 2,879 | 726 | 753 | 549 | 334 | 2,362 |","Product sales by region table (US, Emerging Markets, Europe, Established RoW, Total) for three years; value is the Total column for this year.",,
AZN,Symbicort,2024,2879,USD,worldwide product sales,0001104659-26-019130,20-F,"Symbicort | 1,193 | 801 | 560 | 331 | 2,885 | 1,187 | 805 | 559 | 328 | 2,879 | 726 | 753 | 549 | 334 | 2,362 |","Product sales by region table (US, Emerging Markets, Europe, Established RoW, Total) for three years; value is the Total column for this year.",,
AZN,Symbicort,2025,2885,USD,worldwide product sales,0001104659-26-019130,20-F,"Symbicort | 1,193 | 801 | 560 | 331 | 2,885 | 1,187 | 805 | 559 | 328 | 2,879 | 726 | 753 | 549 | 334 | 2,362 |","Product sales by region table (US, Emerging Markets, Europe, Established RoW, Total) for three years; value is the Total column for this year.",,
AZN,Tagrisso,2015,19,USD,worldwide product sales,0001104659-18-015257,20-F exhibit 15.1 (Annual Report and Form 20-F Information),Tagrisso 955 423 19,"Note 1 Revenue, Product Sales 2017/2016/2015 (text extracted from the exhibit; table flattened). Launch year.",,
AZN,Tagrisso,2016,423,USD,worldwide product sales,0001104659-19-012881,20-F,Tagrisso | 423 | n/m | n/m | 10 | 100 | 100 | 254 | n/m | 76 | n/m | n/m | 83 | 100 | 100 |,"Product sales table for the prior year (World, then regions); latest filing printing this year.",,
AZN,Tagrisso,2017,955,USD,worldwide product sales,0001104659-20-028557,20-F,Tagrisso | 955 | 126 | 126 | 135 | n/m | n/m | 405 | 59 | 187 | 146 | 142 | 228 | 175 | 183 |,"Product sales table for the prior year (World, then regions); latest filing printing this year.",,
AZN,Tagrisso,2018,1860,USD,worldwide product sales,0001104659-21-022456,20-F,"Tagrisso | 1,860 | 95 | 93 | 347 | n/m | n/m | 869 | n/m | 314 | 68 | 61 | 330 | 45 | 43 |","Product sales table for the prior year (World, then regions); latest filing printing this year.",,
AZN,Tagrisso,2019,3189,USD,worldwide product sales,0001104659-22-025720,20-F,"Tagrisso | 1,336 | 1,780 | 986 | 913 | 5,015 | 1,208 | 1,566 | 748 | 806 | 4,328 | 762 | 1,268 | 474 | 685 | 3,189 |","Product sales by region table (US, Emerging Markets, Europe, Established RoW, Total) for three years; value is the Total column for this year.",,
AZN,Tagrisso,2020,4328,USD,worldwide product sales,0001104659-23-023818,20-F,"Tagrisso | 1,567 | 2,007 | 1,023 | 847 | 5,444 | 1,336 | 1,780 | 986 | 913 | 5,015 | 1,208 | 1,566 | 748 | 806 | 4,328 |","Product sales by region table (US, Emerging Markets, Europe, Established RoW, Total) for three years; value is the Total column for this year.",,
AZN,Tagrisso,2021,5015,USD,worldwide product sales,0001104659-24-025553,20-F,"Tagrisso | 2,276 | 1,621 | 1,120 | 782 | 5,799 | 2,007 | 1,567 | 1,023 | 847 | 5,444 | 1,780 | 1,336 | 986 | 913 | 5,015 |","Product sales by region table (US, Emerging Markets, Europe, Established RoW, Total) for three years; value is the Total column for this year.",,
AZN,Tagrisso,2022,5444,USD,worldwide product sales,0001104659-25-014750,20-F,"Tagrisso | 2,763 | 1,755 | 1,301 | 761 | 6,580 | 2,276 | 1,621 | 1,120 | 782 | 5,799 | 2,007 | 1,567 | 1,023 | 847 | 5,444 |","Product sales by region table (US, Emerging Markets, Europe, Established RoW, Total) for three years; value is the Total column for this year.",,
AZN,Tagrisso,2023,5799,USD,worldwide product sales,0001104659-26-019130,20-F,"Tagrisso | 3,064 | 1,971 | 1,423 | 796 | 7,254 | 2,763 | 1,755 | 1,301 | 761 | 6,580 | 2,276 | 1,621 | 1,120 | 782 | 5,799 |","Product sales by region table (US, Emerging Markets, Europe, Established RoW, Total) for three years; value is the Total column for this year.",,
AZN,Tagrisso,2024,6580,USD,worldwide product sales,0001104659-26-019130,20-F,"Tagrisso | 3,064 | 1,971 | 1,423 | 796 | 7,254 | 2,763 | 1,755 | 1,301 | 761 | 6,580 | 2,276 | 1,621 | 1,120 | 782 | 5,799 |","Product sales by region table (US, Emerging Markets, Europe, Established RoW, Total) for three years; value is the Total column for this year.",,
AZN,Tagrisso,2025,7254,USD,worldwide product sales,0001104659-26-019130,20-F,"Tagrisso | 3,064 | 1,971 | 1,423 | 796 | 7,254 | 2,763 | 1,755 | 1,301 | 761 | 6,580 | 2,276 | 1,621 | 1,120 | 782 | 5,799 |","Product sales by region table (US, Emerging Markets, Europe, Established RoW, Total) for three years; value is the Total column for this year.",,
BIIB,Tecfidera,2013,876.1,USD,"Worldwide product revenues, net (U.S. + rest of world)",0000875045-16-000042,10-K,"TECFIDERA $ 3,638.4 $ 2,909.2 $ 876.1 25.1 % 232.1 %",Launch year: FDA approval and U.S. launch in 2013 (commercial sales from Q2 2013).,,
BIIB,Tecfidera,2014,2909.2,USD,"Worldwide product revenues, net (U.S. + rest of world)",0000875045-17-000009,10-K,"TECFIDERA $ 3,968.1 $ 3,638.4 $ 2,909.2 9.1 % 25.1 %",,,
BIIB,Tecfidera,2015,3638.4,USD,"Worldwide product revenues, net (U.S. + rest of world)",0000875045-18-000005,10-K,"TECFIDERA $ 4,214.0 $ 3,968.1 $ 3,638.4 6.2 % 9.1 %",,,
BIIB,Tecfidera,2016,3968.1,USD,"Worldwide product revenues, net (U.S. + rest of world)",0000875045-19-000006,10-K,"TECFIDERA $ 4,274.1 $ 4,214.0 $ 3,968.1 1.4 % 6.2 %","Revenue is unaffected by the 454.8 'TECFIDERA litigation settlement and license charges' (Forward Pharma), which Biogen booked in costs and expenses in 2016.",,
BIIB,Tecfidera,2017,4214.0,USD,"Worldwide product revenues, net (U.S. + rest of world)",0000875045-20-000005,10-K,"TECFIDERA $ 4,432.7 $ 4,274.1 $ 4,214.0 3.7 % 1.4 %",,,
BIIB,Tecfidera,2018,4274.1,USD,"Worldwide product revenues, net (U.S. + rest of world)",0000875045-20-000005,10-K,"TECFIDERA $ 4,432.7 $ 4,274.1 $ 4,214.0 3.7 % 1.4 %","Latest 10-K printing Tecfidera alone: FY2020 10-K groups it as 'Fumarate' (Tecfidera + Vumerity), 4,274.1 for 2018.",,
BIIB,Tecfidera,2019,4432.7,USD,"Worldwide product revenues, net (U.S. + rest of world)",0000875045-20-000005,10-K,"TECFIDERA $ 4,432.7 $ 4,274.1 $ 4,214.0 3.7 % 1.4 %","Latest 10-K printing Tecfidera alone: FY2020/FY2021 10-Ks print 'Fumarate' (Tecfidera + Vumerity), 4,438.2 for 2019.",,
BIIB,Tecfidera,2020,3841.1,USD,"Worldwide product revenues, net (U.S. + rest of world)",0000875045-23-000009,10-K,"TECFIDERA $ 1,443.9 $ 1,951.9 $ 3,841.1 (26.0) % (49.2) % $ (508.0) $ (1,889.2)","U.S. generic entry 2020. FY2020 10-K printed only Fumarate 3,905.4; FY2022 10-K breaks Tecfidera out again.",,
BIIB,Tecfidera,2021,1951.9,USD,"Worldwide product revenues, net (U.S. + rest of world)",0000875045-24-000009,10-K,"TECFIDERA $ 263.1 $ 749.4 $ 1,012.5 $ 417.7 $ 1,026.2 $ 1,443.9 $ 680.6 $ 1,271.3 $ 1,951.9",Notes table row: U.S. | ROW | total per year.,,
BIIB,Tecfidera,2022,1443.9,USD,"Worldwide product revenues, net (U.S. + rest of world)",0000875045-25-000009,10-K,"TECFIDERA $ 169.2 $ 797.9 $ 967.1 $ 263.1 $ 749.4 $ 1,012.5 $ 417.7 $ 1,026.2 $ 1,443.9",Notes table row: U.S. | ROW | total per year.,,
BIIB,Tecfidera,2023,1012.5,USD,"Worldwide product revenues, net (U.S. + rest of world)",0000875045-26-000013,10-K,"TECFIDERA $ 168.5 $ 511.2 $ 679.7 $ 169.2 $ 797.9 $ 967.1 $ 263.1 $ 749.4 $ 1,012.5",Notes table row: U.S. | ROW | total per year.,,
BIIB,Tecfidera,2024,967.1,USD,"Worldwide product revenues, net (U.S. + rest of world)",0000875045-26-000013,10-K,"TECFIDERA $ 168.5 $ 511.2 $ 679.7 $ 169.2 $ 797.9 $ 967.1 $ 263.1 $ 749.4 $ 1,012.5",Notes table row: U.S. | ROW | total per year.,,
BIIB,Tecfidera,2025,679.7,USD,"Worldwide product revenues, net (U.S. + rest of world)",0000875045-26-000013,10-K,"TECFIDERA $ 168.5 $ 511.2 $ 679.7 $ 169.2 $ 797.9 $ 967.1 $ 263.1 $ 749.4 $ 1,012.5",Notes table row: U.S. | ROW | total per year.,,
BIIB,Tysabri,2006,35.8,USD,Biogen TYSABRI product revenues: U.S. = Biogen's sales to Elan (price set to split gross profit about equally); ROW = Biogen net sales. Not in-market sales,0000950135-09-000730,10-K,Total TYSABRI revenues $ 588.6 100.0 % $ 229.9 100.0 % $ 35.8 100.0 %,"Relaunch year: shipments resumed in the U.S. and began in Europe in July 2006 after the Feb 2005 suspension. FY2006 10-K printed 35,831 (thousands).",,
BIIB,Tysabri,2007,229.9,USD,Biogen TYSABRI product revenues: U.S. = Biogen's sales to Elan (price set to split gross profit about equally); ROW = Biogen net sales. Not in-market sales,0000950123-10-010528,10-K,Total TYSABRI revenues $ 776.0 $ 588.6 $ 229.9 31.8 % 156.0 %,,,
BIIB,Tysabri,2008,588.6,USD,Biogen TYSABRI product revenues: U.S. = Biogen's sales to Elan (price set to split gross profit about equally); ROW = Biogen net sales. Not in-market sales,0000950123-11-009300,10-K,Total TYSABRI revenues $ 900.2 $ 776.0 $ 588.6 16.0 % 31.8 %,,,
BIIB,Tysabri,2009,776.0,USD,Biogen TYSABRI product revenues: U.S. = Biogen's sales to Elan (price set to split gross profit about equally); ROW = Biogen net sales. Not in-market sales,0001193125-12-039072,10-K,"Total TYSABRI revenues $ 1,079.5 $ 900.2 $ 776.0 19.9 % 16.0 %",,,
BIIB,Tysabri,2010,900.2,USD,Biogen TYSABRI product revenues: U.S. = Biogen's sales to Elan (price set to split gross profit about equally); ROW = Biogen net sales. Not in-market sales,0000875045-13-000006,10-K,"Total TYSABRI revenues $ 1,135.9 $ 1,079.5 $ 900.2 5.2 % 19.9 %",,,
BIIB,Tysabri,2011,1079.5,USD,Biogen TYSABRI product revenues: U.S. = Biogen's sales to Elan (price set to split gross profit about equally); ROW = Biogen net sales. Not in-market sales,0000875045-14-000004,10-K,"Total TYSABRI revenues $ 1,526.5 $ 1,135.9 $ 1,079.5 34.4 % 5.2 %",FY2013 10-K: total U.S. in-market sales were 746.5 in 2011 (Elan data + Biogen sales).,,
BIIB,Tysabri,2012,1135.9,USD,Biogen TYSABRI product revenues: U.S. = Biogen's sales to Elan (price set to split gross profit about equally); ROW = Biogen net sales. Not in-market sales,0000875045-15-000005,10-K,"Total TYSABRI revenues $ 1,959.5 $ 1,526.5 $ 1,135.9 28.4 % 34.4 %",FY2014 10-K: total U.S. in-market sales were 886.0 in 2012.,,
BIIB,Tysabri,2013,1526.5,USD,"Biogen TYSABRI product revenues: Q1 on the Elan basis, Q2-Q4 100% of net revenues",0000875045-16-000042,10-K,"TYSABRI 1,886.1 1,959.5 1,526.5 (3.7 )% 28.4 %",Basis break: Biogen books all Tysabri revenue after buying Elan's rights on 2 April 2013. Basis change: Biogen bought Elan's remaining rights on 2 Apr 2013 and books 100% of net revenues from Q2 2013. Q1 2013 still on the Elan basis. U.S. in-market sales were 958.3 in 2013 (FY2014 10-K).,1,
BIIB,Tysabri,2014,1959.5,USD,"Worldwide product revenues, net (U.S. + rest of world)",0000875045-17-000009,10-K,"TYSABRI 1,963.8 1,886.1 1,959.5 4.1 % (3.7 )%",First full year of 100% booking.,,
BIIB,Tysabri,2015,1886.1,USD,"Worldwide product revenues, net (U.S. + rest of world)",0000875045-18-000005,10-K,"TYSABRI 1,973.1 1,963.8 1,886.1 0.5 % 4.1 %",,,
BIIB,Tysabri,2016,1963.8,USD,"Worldwide product revenues, net (U.S. + rest of world)",0000875045-19-000006,10-K,"TYSABRI 1,864.0 1,973.1 1,963.8 (5.5 )% 0.5 %",,,
BIIB,Tysabri,2017,1973.1,USD,"Worldwide product revenues, net (U.S. + rest of world)",0000875045-20-000005,10-K,"TYSABRI 1,892.2 1,864.0 1,973.1 1.5 % (5.5 )%",,,
BIIB,Tysabri,2018,1864.0,USD,"Worldwide product revenues, net (U.S. + rest of world)",0000875045-21-000010,10-K,"TYSABRI 1,946.1 1,892.2 1,864.0 2.8 1.5 53.9 28.2",,,
BIIB,Tysabri,2019,1892.2,USD,"Worldwide product revenues, net (U.S. + rest of world)",0000875045-22-000007,10-K,"TYSABRI 2,063.1 1,946.1 1,892.2 6.0 2.8 117.0 53.9",,,
BIIB,Tysabri,2020,1946.1,USD,"Worldwide product revenues, net (U.S. + rest of world)",0000875045-23-000009,10-K,"TYSABRI 2,030.9 2,063.1 1,946.1 (1.6) 6.0 (32.2) 117.0",,,
BIIB,Tysabri,2021,2063.1,USD,"Worldwide product revenues, net (U.S. + rest of world)",0000875045-24-000009,10-K,"TYSABRI 997.9 879.0 1,876.9 1,123.4 907.5 2,030.9 1,142.2 920.9 2,063.1",,,
BIIB,Tysabri,2022,2030.9,USD,"Worldwide product revenues, net (U.S. + rest of world)",0000875045-25-000009,10-K,"TYSABRI 920.0 795.0 1,715.0 997.9 879.0 1,876.9 1,123.4 907.5 2,030.9",,,
BIIB,Tysabri,2023,1876.9,USD,"Worldwide product revenues, net (U.S. + rest of world)",0000875045-26-000013,10-K,"TYSABRI 965.0 700.4 1,665.4 920.0 795.0 1,715.0 997.9 879.0 1,876.9",Notes table row: U.S. | ROW | total per year.,,
BIIB,Tysabri,2024,1715.0,USD,"Worldwide product revenues, net (U.S. + rest of world)",0000875045-26-000013,10-K,"TYSABRI 965.0 700.4 1,665.4 920.0 795.0 1,715.0 997.9 879.0 1,876.9",Notes table row: U.S. | ROW | total per year.,,
BIIB,Tysabri,2025,1665.4,USD,"Worldwide product revenues, net (U.S. + rest of world)",0000875045-26-000013,10-K,"TYSABRI 965.0 700.4 1,665.4 920.0 795.0 1,715.0 997.9 879.0 1,876.9",Notes table row: U.S. | ROW | total per year.,,
BMY,Eliquis,2012,2,USD,worldwide,0000014272-15-000055,10-K,Eliquis (apixaban) | 774 | 146 | 2,row value columns: 2014 | 2013 | 2012; earliest year with a value in any 10-K table (earlier column shows — or the product is absent); BMS-reported Eliquis revenue (BMS is principal in most countries; Pfizer commercialises in certain countries and pays BMS a sales-based fee),,
BMY,Eliquis,2013,146,USD,worldwide,0000014272-16-000288,10-K,"Eliquis (apixaban) | 1,860 | 774 | 146",row value columns: 2015 | 2014 | 2013; BMS-reported Eliquis revenue (BMS is principal in most countries; Pfizer commercialises in certain countries and pays BMS a sales-based fee),,
BMY,Eliquis,2014,774,USD,worldwide,0000014272-17-000047,10-K,"Eliquis (apixaban) | 3,343 | 1,860 | 774",row value columns: 2016 | 2015 | 2014; BMS-reported Eliquis revenue (BMS is principal in most countries; Pfizer commercialises in certain countries and pays BMS a sales-based fee),,
BMY,Eliquis,2015,1860,USD,worldwide,0000014272-18-000055,10-K,"Eliquis | 4,872 | 3,343 | 1,860",row value columns: 2017 | 2016 | 2015; BMS-reported Eliquis revenue (BMS is principal in most countries; Pfizer commercialises in certain countries and pays BMS a sales-based fee),,
BMY,Eliquis,2016,3343,USD,worldwide,0000014272-19-000047,10-K,"Eliquis | 6,438 | 4,872 | 3,343",row value columns: 2018 | 2017 | 2016; BMS-reported Eliquis revenue (BMS is principal in most countries; Pfizer commercialises in certain countries and pays BMS a sales-based fee),,
BMY,Eliquis,2017,4872,USD,worldwide,0000014272-20-000082,10-K,"Eliquis | 7,929 | 6,438 | 4,872",row value columns: 2019 | 2018 | 2017; BMS-reported Eliquis revenue (BMS is principal in most countries; Pfizer commercialises in certain countries and pays BMS a sales-based fee),,
BMY,Eliquis,2018,6438,USD,worldwide,0000014272-21-000066,10-K,"Eliquis | 9,168 | 7,929 | 6,438",row value columns: 2020 | 2019 | 2018; BMS-reported Eliquis revenue (BMS is principal in most countries; Pfizer commercialises in certain countries and pays BMS a sales-based fee),,
BMY,Eliquis,2019,7929,USD,worldwide,0000014272-22-000051,10-K,"Eliquis | 10,762 | 9,168 | 7,929",row value columns: 2021 | 2020 | 2019; BMS-reported Eliquis revenue (BMS is principal in most countries; Pfizer commercialises in certain countries and pays BMS a sales-based fee),,
BMY,Eliquis,2020,9168,USD,worldwide,0000014272-23-000046,10-K,"Eliquis | 11,789 | 10,762 | 9,168",row value columns: 2022 | 2021 | 2020; BMS-reported Eliquis revenue (BMS is principal in most countries; Pfizer commercialises in certain countries and pays BMS a sales-based fee),,
BMY,Eliquis,2021,10762,USD,worldwide,0000014272-24-000044,10-K,"Eliquis | 12,206 | 11,789 | 10,762",row value columns: 2023 | 2022 | 2021; BMS-reported Eliquis revenue (BMS is principal in most countries; Pfizer commercialises in certain countries and pays BMS a sales-based fee),,
BMY,Eliquis,2022,11789,USD,worldwide,0000014272-25-000039,10-K,"Eliquis | 13,333 | 12,206 | 11,789",row value columns: 2024 | 2023 | 2022; BMS-reported Eliquis revenue (BMS is principal in most countries; Pfizer commercialises in certain countries and pays BMS a sales-based fee),,
BMY,Eliquis,2023,12206,USD,worldwide,0000014272-26-000004,10-K,"Eliquis | 14,443 | 13,333 | 12,206",row value columns: 2025 | 2024 | 2023; BMS-reported Eliquis revenue (BMS is principal in most countries; Pfizer commercialises in certain countries and pays BMS a sales-based fee),,
BMY,Eliquis,2024,13333,USD,worldwide,0000014272-26-000004,10-K,"Eliquis | 14,443 | 13,333 | 12,206",row value columns: 2025 | 2024 | 2023; BMS-reported Eliquis revenue (BMS is principal in most countries; Pfizer commercialises in certain countries and pays BMS a sales-based fee),,
BMY,Eliquis,2025,14443,USD,worldwide,0000014272-26-000004,10-K,"Eliquis | 14,443 | 13,333 | 12,206",row value columns: 2025 | 2024 | 2023; BMS-reported Eliquis revenue (BMS is principal in most countries; Pfizer commercialises in certain countries and pays BMS a sales-based fee),,
BMY,Opdivo,2014,6,USD,worldwide,0000014272-17-000047,10-K,"Opdivo (nivolumab) | 3,774 | 942 | 6",row value columns: 2016 | 2015 | 2014; earliest year with a value in any 10-K table (earlier column shows — or the product is absent),,
BMY,Opdivo,2015,942,USD,worldwide,0000014272-18-000055,10-K,"Opdivo (nivolumab) (a) | 4,948 | 3,774 | 942",row value columns: 2017 | 2016 | 2015,,
BMY,Opdivo,2016,3774,USD,worldwide,0000014272-19-000047,10-K,"Opdivo | 6,735 | 4,948 | 3,774",row value columns: 2018 | 2017 | 2016,,
BMY,Opdivo,2017,4948,USD,worldwide,0000014272-20-000082,10-K,"Opdivo | 7,204 | 6,735 | 4,948",row value columns: 2019 | 2018 | 2017,,
BMY,Opdivo,2018,6735,USD,worldwide,0000014272-21-000066,10-K,"Opdivo | 6,992 | 7,204 | 6,735",row value columns: 2020 | 2019 | 2018,,
BMY,Opdivo,2019,7204,USD,worldwide,0000014272-22-000051,10-K,"Opdivo | 7,523 | 6,992 | 7,204",row value columns: 2021 | 2020 | 2019,,
BMY,Opdivo,2020,6992,USD,worldwide,0000014272-23-000046,10-K,"Opdivo | 8,249 | 7,523 | 6,992",row value columns: 2022 | 2021 | 2020,,
BMY,Opdivo,2021,7523,USD,worldwide,0000014272-24-000044,10-K,"Opdivo | 9,009 | 8,249 | 7,523",row value columns: 2023 | 2022 | 2021,,
BMY,Opdivo,2022,8249,USD,worldwide,0000014272-25-000039,10-K,"Opdivo | 9,304 | 9,009 | 8,249",row value columns: 2024 | 2023 | 2022,,
BMY,Opdivo,2023,9009,USD,worldwide,0000014272-26-000004,10-K,"Opdivo | 10,049 | 9,304 | 9,009",row value columns: 2025 | 2024 | 2023,,
BMY,Opdivo,2024,9304,USD,worldwide,0000014272-26-000004,10-K,"Opdivo | 10,049 | 9,304 | 9,009",row value columns: 2025 | 2024 | 2023,,
BMY,Opdivo,2025,10049,USD,worldwide,0000014272-26-000004,10-K,"Opdivo | 10,049 | 9,304 | 9,009",row value columns: 2025 | 2024 | 2023; Opdivo line only; Opdivo Qvantig printed separately (238),,
BMY,Orencia,2006,89,USD,worldwide,0001193125-09-033538,10-K,ORENCIA | 441 | 231 | 89,row value columns: 2008 | 2007 | 2006; earliest year with a value in any 10-K table (earlier column shows — or the product is absent),,
BMY,Orencia,2007,231,USD,worldwide,0001193125-10-035167,10-K,ORENCIA | 602 | 441 | 231,row value columns: 2009 | 2008 | 2007,,
BMY,Orencia,2008,441,USD,worldwide,0001193125-11-040120,10-K,ORENCIA | 733 | 602 | 441,row value columns: 2010 | 2009 | 2008,,
BMY,Orencia,2009,602,USD,worldwide,0001193125-12-066416,10-K,ORENCIA (abatacept) | 917 | 733 | 602,row value columns: 2011 | 2010 | 2009,,
BMY,Orencia,2010,733,USD,worldwide,0001193125-13-061678,10-K,"Orencia (abatacept) | 1,176 | 917 | 733",row value columns: 2012 | 2011 | 2010,,
BMY,Orencia,2011,917,USD,worldwide,0000014272-14-000054,10-K,"Orencia (abatacept) | 1,444 | 1,176 | 917",row value columns: 2013 | 2012 | 2011,,
BMY,Orencia,2012,1176,USD,worldwide,0000014272-15-000055,10-K,"Orencia (abatacept) | 1,652 | 1,444 | 1,176",row value columns: 2014 | 2013 | 2012,,
BMY,Orencia,2013,1444,USD,worldwide,0000014272-16-000288,10-K,"Orencia (abatacept) | 1,885 | 1,652 | 1,444",row value columns: 2015 | 2014 | 2013,,
BMY,Orencia,2014,1652,USD,worldwide,0000014272-17-000047,10-K,"Orencia (abatacept) | 2,265 | 1,885 | 1,652",row value columns: 2016 | 2015 | 2014,,
BMY,Orencia,2015,1885,USD,worldwide,0000014272-18-000055,10-K,"Orencia | 2,479 | 2,265 | 1,885",row value columns: 2017 | 2016 | 2015,,
BMY,Orencia,2016,2265,USD,worldwide,0000014272-19-000047,10-K,"Orencia | 2,710 | 2,479 | 2,265",row value columns: 2018 | 2017 | 2016,,
BMY,Orencia,2017,2479,USD,worldwide,0000014272-20-000082,10-K,"Orencia | 2,977 | 2,710 | 2,479",row value columns: 2019 | 2018 | 2017,,
BMY,Orencia,2018,2710,USD,worldwide,0000014272-21-000066,10-K,"Orencia | 3,157 | 2,977 | 2,710",row value columns: 2020 | 2019 | 2018,,
BMY,Orencia,2019,2977,USD,worldwide,0000014272-22-000051,10-K,"Orencia | 3,306 | 3,157 | 2,977",row value columns: 2021 | 2020 | 2019,,
BMY,Orencia,2020,3157,USD,worldwide,0000014272-23-000046,10-K,"Orencia | 3,464 | 3,306 | 3,157",row value columns: 2022 | 2021 | 2020,,
BMY,Orencia,2021,3306,USD,worldwide,0000014272-24-000044,10-K,"Orencia | 3,601 | 3,464 | 3,306",row value columns: 2023 | 2022 | 2021,,
BMY,Orencia,2022,3464,USD,worldwide,0000014272-25-000039,10-K,"Orencia | 3,682 | 3,601 | 3,464",row value columns: 2024 | 2023 | 2022,,
BMY,Orencia,2023,3601,USD,worldwide,0000014272-26-000004,10-K,"Orencia | 3,705 | 3,682 | 3,601",row value columns: 2025 | 2024 | 2023,,
BMY,Orencia,2024,3682,USD,worldwide,0000014272-26-000004,10-K,"Orencia | 3,705 | 3,682 | 3,601",row value columns: 2025 | 2024 | 2023,,
BMY,Orencia,2025,3705,USD,worldwide,0000014272-26-000004,10-K,"Orencia | 3,705 | 3,682 | 3,601",row value columns: 2025 | 2024 | 2023,,
BMY,Revlimid,2019,1299,USD,worldwide,0000014272-22-000051,10-K,"Revlimid | 12,821 | 12,106 | 1,299","Part year: Bristol booked Revlimid only from the close of the Celgene acquisition on 20 November 2019. row value columns: 2021 | 2020 | 2019; earliest year with a value in any 10-K table (earlier column shows — or the product is absent); covers only 20 Nov to 31 Dec 2019, after BMS completed the Celgene acquisition; Celgene filed no 10-K for 2019",,1
BMY,Revlimid,2020,12106,USD,worldwide,0000014272-23-000046,10-K,"Revlimid | 9,978 | 12,821 | 12,106",row value columns: 2022 | 2021 | 2020,,
BMY,Revlimid,2021,12821,USD,worldwide,0000014272-24-000044,10-K,"Revlimid | 6,097 | 9,978 | 12,821",row value columns: 2023 | 2022 | 2021,,
BMY,Revlimid,2022,9978,USD,worldwide,0000014272-25-000039,10-K,"Revlimid | 5,773 | 6,097 | 9,978",row value columns: 2024 | 2023 | 2022,,
BMY,Revlimid,2023,6097,USD,worldwide,0000014272-26-000004,10-K,"Revlimid | 2,951 | 5,773 | 6,097",row value columns: 2025 | 2024 | 2023,,
BMY,Revlimid,2024,5773,USD,worldwide,0000014272-26-000004,10-K,"Revlimid | 2,951 | 5,773 | 6,097",row value columns: 2025 | 2024 | 2023,,
BMY,Revlimid,2025,2951,USD,worldwide,0000014272-26-000004,10-K,"Revlimid | 2,951 | 5,773 | 6,097",row value columns: 2025 | 2024 | 2023,,
CELG,Revlimid,2005,2.862,USD,worldwide,0000950123-08-001878,10-K,"REVLIMID ® | 773,877 | 320,558 | 2,862","row value columns: 2007 | 2006 | 2005; earliest year with a value in any 10-K table (earlier column shows — or the product is absent); printed in thousands of USD (2,862); converted to millions",,
CELG,Revlimid,2006,320.558,USD,worldwide,0001362310-09-002329,10-K,"REVLIMID ® | 1,324,671 | 773,877 | 320,558","row value columns: 2008 | 2007 | 2006; printed in thousands of USD (320,558); converted to millions",,
CELG,Revlimid,2007,773.877,USD,worldwide,0000950123-10-014092,10-K,"REVLIMID ® | 1,706,437 | 1,324,671 | 773,877","row value columns: 2009 | 2008 | 2007; printed in thousands of USD (773,877); converted to millions",,
CELG,Revlimid,2008,1324.671,USD,worldwide,0000950123-11-020640,10-K,"REVLIMID ® | 2,469,183 | 1,706,437 | 1,324,671","row value columns: 2010 | 2009 | 2008; printed in thousands of USD (1,324,671); converted to millions",,
CELG,Revlimid,2009,1706.437,USD,worldwide,0001047469-12-001293,10-K,"REVLIMID® | 3,208,153 | 2,469,183 | 1,706,437","row value columns: 2011 | 2010 | 2009; printed in thousands of USD (1,706,437); converted to millions",,
CELG,Revlimid,2010,2469.183,USD,worldwide,0001047469-13-001186,10-K,"REVLIMID® | 3,766,640 | 3,208,153 | 2,469,183","row value columns: 2012 | 2011 | 2010; printed in thousands of USD (2,469,183); converted to millions",,
CELG,Revlimid,2011,3208.2,USD,worldwide,0001445305-14-000438,10-K,"REVLIMID ® | 4,280.3 | 3,766.6 | 3,208.2","row value columns: 2013 | 2012 | 2011; other printings within 1 (rounding or minor revision): 3,208,153 thousand in the 2011 10-K, 3,208,153 thousand in the 2012 10-K",,
CELG,Revlimid,2012,3766.6,USD,worldwide,0001628280-15-000889,10-K,"REVLIMID ® | 4,980.0 | 4,280.3 | 3,766.6","row value columns: 2014 | 2013 | 2012; other printings within 1 (rounding or minor revision): 3,766,640 thousand in the 2012 10-K",,
CELG,Revlimid,2013,4280.3,USD,worldwide,0001628280-16-011012,10-K,"REVLIMID ® | 5,801.1 | 4,980.0 | 4,280.3",row value columns: 2015 | 2014 | 2013,,
CELG,Revlimid,2014,4980,USD,worldwide,0000816284-17-000003,10-K,"REVLIMID ® | 6,973.6 | 5,801.1 | 4,980.0",row value columns: 2016 | 2015 | 2014,,
CELG,Revlimid,2015,5801,USD,worldwide,0000816284-18-000005,10-K,"REVLIMID ® | 8,187 | 6,974 | 5,801","row value columns: 2017 | 2016 | 2015; other printings within 1 (rounding or minor revision): 5,801.1 in the 2015 10-K, 5,801.1 in the 2016 10-K",,
CELG,Revlimid,2016,6974,USD,worldwide,0000816284-19-000014,10-K,"REVLIMID ® | 9,685 | 8,187 | 6,974","row value columns: 2018 | 2017 | 2016; other printings within 1 (rounding or minor revision): 6,973.6 in the 2016 10-K",,
CELG,Revlimid,2017,8187,USD,worldwide,0000816284-19-000014,10-K,"REVLIMID ® | 9,685 | 8,187 | 6,974",row value columns: 2018 | 2017 | 2016,,
CELG,Revlimid,2018,9685,USD,worldwide,0000816284-19-000014,10-K,"REVLIMID ® | 9,685 | 8,187 | 6,974",row value columns: 2018 | 2017 | 2016,,
GILD,Atripla,2006,205.729,USD,worldwide (includes efavirenz portion),0001193125-09-040769,10-K,"Atripla | 1,572,455 | 903,381 | 205,729","row prints 2008, 2007, 2006; value is 2006; printed in thousands (205,729), converted to millions",,
GILD,Atripla,2007,903.381,USD,worldwide (includes efavirenz portion),0001193125-10-044753,10-K,"Atripla | 2,382,113 | 1,572,455 | 903,381","row prints 2009, 2008, 2007; value is 2007; printed in thousands (903,381), converted to millions",,
GILD,Atripla,2008,1572.455,USD,worldwide (includes efavirenz portion),0001193125-11-050041,10-K,"Atripla | 2,926,579 | 2,382,113 | 1,572,455","row prints 2010, 2009, 2008; value is 2008; printed in thousands (1,572,455), converted to millions",,
GILD,Atripla,2009,2382.113,USD,worldwide (includes efavirenz portion),0001193125-12-075335,10-K,"Atripla | 3,224,518 | 2,926,579 | 2,382,113","row prints 2011, 2010, 2009; value is 2009; printed in thousands (2,382,113), converted to millions",,
GILD,Atripla,2010,2926.579,USD,worldwide (includes efavirenz portion),0000882095-13-000015,10-K,"Atripla | 3,574,483 | 3,224,518 | 2,926,579","row prints 2012, 2011, 2010; value is 2010; printed in thousands (2,926,579), converted to millions",,
GILD,Atripla,2011,3224.518,USD,worldwide (includes efavirenz portion),0000882095-14-000013,10-K,"Atripla | 3,648,496 | 3,574,483 | 3,224,518","row prints 2013, 2012, 2011; value is 2011; printed in thousands (3,224,518), converted to millions",,
GILD,Atripla,2012,3574,USD,worldwide (includes efavirenz portion),0000882095-15-000008,10-K,"Atripla | 3,470 | 3,648 | 3,574","row prints 2014, 2013, 2012; value is 2012",,
GILD,Atripla,2013,3648,USD,worldwide (includes efavirenz portion),0000882095-16-000039,10-K,"Atripla | 3,134 | 3,470 | 3,648","row prints 2015, 2014, 2013; value is 2013",,
GILD,Atripla,2014,3470,USD,worldwide (includes efavirenz portion),0000882095-17-000006,10-K,"Atripla | 2,605 | 3,134 | 3,470","row prints 2016, 2015, 2014; value is 2014",,
GILD,Atripla,2015,3134,USD,worldwide (includes efavirenz portion),0000882095-18-000008,10-K,"Atripla | 1,806 | 2,605 | 3,134","row prints 2017, 2016, 2015; value is 2015",,
GILD,Atripla,2016,2605,USD,worldwide (includes efavirenz portion),0000882095-19-000006,10-K,"Atripla | 967 | 131 | 108 | 1,206 | 1,288 | 335 | 183 | 1,806 | 1,898 | 520 | 187 | 2,605","row prints U.S., Europe, Other International, Total for each of 2018, 2017, 2016; value is 2016 Total",,
GILD,Atripla,2017,1806,USD,worldwide (includes efavirenz portion),0000882095-20-000006,10-K,"Atripla | 501 | 60 | 39 | 600 | 967 | 131 | 108 | 1,206 | 1,288 | 335 | 183 | 1,806","row prints U.S., Europe, Other International, Total for each of 2019, 2018, 2017; value is 2017 Total",,
GILD,Atripla,2018,1206,USD,worldwide (includes efavirenz portion),0000882095-21-000008,10-K,"Atripla | 307 | 21 | 21 | 349 | 501 | 60 | 39 | 600 | 967 | 131 | 108 | 1,206","row prints U.S., Europe, Other International, Total for each of 2020, 2019, 2018; value is 2018 Total",,
GILD,Atripla,2019,600,USD,worldwide (includes efavirenz portion),0000882095-22-000007,10-K,Atripla | 121 | 12 | 12 | 145 | 307 | 21 | 21 | 349 | 501 | 60 | 39 | 600,"row prints U.S., Europe, Other International, Total for each of 2021, 2020, 2019; value is 2019 Total",,
GILD,Atripla,2020,349,USD,worldwide (includes efavirenz portion),0000882095-22-000007,10-K,Atripla | 121 | 12 | 12 | 145 | 307 | 21 | 21 | 349 | 501 | 60 | 39 | 600,"row prints U.S., Europe, Other International, Total for each of 2021, 2020, 2019; value is 2020 Total",,
GILD,Biktarvy,2018,1184,USD,worldwide,0000882095-21-000008,10-K,"Biktarvy | 6,095 | 735 | 429 | 7,259 | 4,225 | 370 | 143 | 4,738 | 1,144 | 39 | 1 | 1,184","row prints U.S., Europe, Other International, Total for each of 2020, 2019, 2018; value is 2018 Total",,
GILD,Biktarvy,2019,4738,USD,worldwide,0000882095-22-000007,10-K,"Biktarvy | 7,049 | 969 | 606 | 8,624 | 6,095 | 735 | 429 | 7,259 | 4,225 | 370 | 143 | 4,738","row prints U.S., Europe, Other International, Total for each of 2021, 2020, 2019; value is 2019 Total",,
GILD,Biktarvy,2020,7259,USD,worldwide,0000882095-23-000007,10-K,"Biktarvy | 8,510 | 1,103 | 777 | 10,390 | 7,049 | 969 | 606 | 8,624 | 6,095 | 735 | 429 | 7,259","row prints U.S., Europe, Other International, Total for each of 2022, 2021, 2020; value is 2020 Total",,
GILD,Biktarvy,2021,8624,USD,worldwide,0000882095-24-000007,10-K,"Biktarvy | 9,692 | 1,253 | 905 | 11,850 | 8,510 | 1,103 | 777 | 10,390 | 7,049 | 969 | 606 | 8,624","row prints U.S., Europe, Other International, Total for each of 2023, 2022, 2021; value is 2021 Total",,
GILD,Biktarvy,2022,10390,USD,worldwide,0000882095-25-000006,10-K,"Biktarvy | 10,855 | 1,509 | 1,060 | 13,423 | 9,692 | 1,253 | 905 | 11,850 | 8,510 | 1,103 | 777 | 10,390","row prints U.S., Europe, Other International, Total for each of 2024, 2023, 2022; value is 2022 Total",,
GILD,Biktarvy,2023,11850,USD,worldwide,0000882095-26-000006,10-K,"Biktarvy | 11,467 | 1,676 | 1,190 | 14,334 | 10,855 | 1,509 | 1,060 | 13,423 | 9,692 | 1,253 | 905 | 11,850","row prints U.S., Europe, Other International, Total for each of 2025, 2024, 2023; value is 2023 Total",,
GILD,Biktarvy,2024,13423,USD,worldwide,0000882095-26-000006,10-K,"Biktarvy | 11,467 | 1,676 | 1,190 | 14,334 | 10,855 | 1,509 | 1,060 | 13,423 | 9,692 | 1,253 | 905 | 11,850","row prints U.S., Europe, Other International, Total for each of 2025, 2024, 2023; value is 2024 Total",,
GILD,Biktarvy,2025,14334,USD,worldwide,0000882095-26-000006,10-K,"Biktarvy | 11,467 | 1,676 | 1,190 | 14,334 | 10,855 | 1,509 | 1,060 | 13,423 | 9,692 | 1,253 | 905 | 11,850","row prints U.S., Europe, Other International, Total for each of 2025, 2024, 2023; value is 2025 Total",,
GILD,Genvoya,2015,45,USD,worldwide,0000882095-18-000008,10-K,"Genvoya | 3,674 | 1,484 | 45","row prints 2017, 2016, 2015; value is 2015",,
GILD,Genvoya,2016,1484,USD,worldwide,0000882095-19-000006,10-K,"Genvoya | 3,631 | 794 | 199 | 4,624 | 3,033 | 534 | 107 | 3,674 | 1,301 | 160 | 23 | 1,484","row prints U.S., Europe, Other International, Total for each of 2018, 2017, 2016; value is 2016 Total",,
GILD,Genvoya,2017,3674,USD,worldwide,0000882095-20-000006,10-K,"Genvoya | 2,984 | 664 | 283 | 3,931 | 3,631 | 794 | 199 | 4,624 | 3,033 | 534 | 107 | 3,674","row prints U.S., Europe, Other International, Total for each of 2019, 2018, 2017; value is 2017 Total",,
GILD,Genvoya,2018,4624,USD,worldwide,0000882095-21-000008,10-K,"Genvoya | 2,605 | 490 | 243 | 3,338 | 2,984 | 664 | 283 | 3,931 | 3,631 | 794 | 199 | 4,624","row prints U.S., Europe, Other International, Total for each of 2020, 2019, 2018; value is 2018 Total",,
GILD,Genvoya,2019,3931,USD,worldwide,0000882095-22-000007,10-K,"Genvoya | 2,267 | 391 | 221 | 2,879 | 2,605 | 490 | 243 | 3,338 | 2,984 | 664 | 283 | 3,931","row prints U.S., Europe, Other International, Total for each of 2021, 2020, 2019; value is 2019 Total",,
GILD,Genvoya,2020,3338,USD,worldwide,0000882095-23-000007,10-K,"Genvoya | 1,983 | 284 | 136 | 2,404 | 2,267 | 391 | 221 | 2,879 | 2,605 | 490 | 243 | 3,338","row prints U.S., Europe, Other International, Total for each of 2022, 2021, 2020; value is 2020 Total",,
GILD,Genvoya,2021,2879,USD,worldwide,0000882095-24-000007,10-K,"Genvoya | 1,752 | 205 | 103 | 2,060 | 1,983 | 284 | 136 | 2,404 | 2,267 | 391 | 221 | 2,879","row prints U.S., Europe, Other International, Total for each of 2023, 2022, 2021; value is 2021 Total",,
GILD,Genvoya,2022,2404,USD,worldwide,0000882095-25-000006,10-K,"Genvoya | 1,498 | 180 | 84 | 1,762 | 1,752 | 205 | 103 | 2,060 | 1,983 | 284 | 136 | 2,404","row prints U.S., Europe, Other International, Total for each of 2024, 2023, 2022; value is 2022 Total",,
GILD,Genvoya,2023,2060,USD,worldwide,0000882095-26-000006,10-K,"Genvoya | 1,281 | 148 | 69 | 1,498 | 1,498 | 180 | 84 | 1,762 | 1,752 | 205 | 103 | 2,060","row prints U.S., Europe, Other International, Total for each of 2025, 2024, 2023; value is 2023 Total",,
GILD,Genvoya,2024,1762,USD,worldwide,0000882095-26-000006,10-K,"Genvoya | 1,281 | 148 | 69 | 1,498 | 1,498 | 180 | 84 | 1,762 | 1,752 | 205 | 103 | 2,060","row prints U.S., Europe, Other International, Total for each of 2025, 2024, 2023; value is 2024 Total",,
GILD,Genvoya,2025,1498,USD,worldwide,0000882095-26-000006,10-K,"Genvoya | 1,281 | 148 | 69 | 1,498 | 1,498 | 180 | 84 | 1,762 | 1,752 | 205 | 103 | 2,060","row prints U.S., Europe, Other International, Total for each of 2025, 2024, 2023; value is 2025 Total",,
GILD,Harvoni,2014,2127,USD,worldwide,0000882095-17-000006,10-K,"Harvoni | 9,081 | 13,864 | 2,127","row prints 2016, 2015, 2014; value is 2014",,
GILD,Harvoni,2015,13864,USD,worldwide,0000882095-18-000008,10-K,"Harvoni | 4,370 | 9,081 | 13,864","row prints 2017, 2016, 2015; value is 2015",,
GILD,Harvoni,2016,9081,USD,worldwide,0000882095-19-000006,10-K,"Harvoni | 802 | 144 | 276 | 1,222 | 3,053 | 704 | 613 | 4,370 | 4,941 | 1,810 | 2,330 | 9,081","row prints U.S., Europe, Other International, Total for each of 2018, 2017, 2016; value is 2016 Total",,
GILD,Harvoni,2017,4370,USD,worldwide,0000882095-20-000006,10-K,"Ledipasvir/Sofosbuvir (3) | 312 | 71 | 260 | 643 | 802 | 144 | 276 | 1,222 | 3,053 | 704 | 613 | 4,370","row prints U.S., Europe, Other International, Total for each of 2019, 2018, 2017; value is 2017 Total",,
GILD,Harvoni,2018,1222,USD,worldwide,0000882095-21-000008,10-K,"Ledipasvir/Sofosbuvir (3) | 92 | 29 | 151 | 272 | 312 | 71 | 260 | 643 | 802 | 144 | 276 | 1,222","row prints U.S., Europe, Other International, Total for each of 2020, 2019, 2018; value is 2018 Total",,
GILD,Harvoni,2019,643,USD,"worldwide, Harvoni plus authorized generic (Ledipasvir/Sofosbuvir)",0000882095-22-000007,10-K,Ledipasvir/ Sofosbuvir (3) | 84 | 31 | 97 | 212 | 92 | 29 | 151 | 272 | 312 | 71 | 260 | 643,"Basis break: includes the authorized generic from 2019. row prints U.S., Europe, Other International, Total for each of 2021, 2020, 2019; value is 2019 Total; basis change from 2019: footnote says amounts consist of sales of Harvoni and the authorized generic sold by Asegua Therapeutics LLC",1,
GILD,Harvoni,2020,272,USD,"worldwide, Harvoni plus authorized generic (Ledipasvir/Sofosbuvir)",0000882095-23-000007,10-K,Ledipasvir/ Sofosbuvir (3) | 46 | 17 | 51 | 115 | 84 | 31 | 97 | 212 | 92 | 29 | 151 | 272,"row prints U.S., Europe, Other International, Total for each of 2022, 2021, 2020; value is 2020 Total; basis change from 2019: footnote says amounts consist of sales of Harvoni and the authorized generic sold by Asegua Therapeutics LLC",,
GILD,Sovaldi,2013,139,USD,worldwide,0000882095-16-000039,10-K,"Sovaldi | 5,276 | 10,283 | 139","row prints 2015, 2014, 2013; value is 2013; launch-year value, outside requested span, included for growth measurement",,
GILD,Sovaldi,2014,10283,USD,worldwide,0000882095-17-000006,10-K,"Sovaldi | 4,001 | 5,276 | 10,283","row prints 2016, 2015, 2014; value is 2014",,
GILD,Sovaldi,2015,5276,USD,worldwide,0000882095-18-000008,10-K,"Sovaldi | 964 | 4,001 | 5,276","row prints 2017, 2016, 2015; value is 2015",,
GILD,Sovaldi,2016,4001,USD,worldwide,0000882095-18-000008,10-K,"Sovaldi | 964 | 4,001 | 5,276","row prints 2017, 2016, 2015; value is 2016",,
GILD,Sovaldi,2017,964,USD,worldwide,0000882095-18-000008,10-K,"Sovaldi | 964 | 4,001 | 5,276","row prints 2017, 2016, 2015; value is 2017",,
GILD,Truvada,2004,67.865,USD,worldwide,0001193125-07-041203,10-K,"Truvada | 1,194,292 | 567,829 | 67,865","row prints 2006, 2005, 2004; value is 2004; printed in thousands (67,865), converted to millions",,
GILD,Truvada,2005,567.829,USD,worldwide,0001193125-08-040255,10-K,"Truvada | 1,589,229 | 1,194,292 | 567,829","row prints 2007, 2006, 2005; value is 2005; printed in thousands (567,829), converted to millions",,
GILD,Truvada,2006,1194.292,USD,worldwide,0001193125-09-040769,10-K,"Truvada | 2,106,687 | 1,589,229 | 1,194,292","row prints 2008, 2007, 2006; value is 2006; printed in thousands (1,194,292), converted to millions",,
GILD,Truvada,2007,1589.229,USD,worldwide,0001193125-10-044753,10-K,"Truvada | 2,489,682 | 2,106,687 | 1,589,229","row prints 2009, 2008, 2007; value is 2007; printed in thousands (1,589,229), converted to millions",,
GILD,Truvada,2008,2106.687,USD,worldwide,0001193125-11-050041,10-K,"Truvada | 2,649,908 | 2,489,682 | 2,106,687","row prints 2010, 2009, 2008; value is 2008; printed in thousands (2,106,687), converted to millions",,
GILD,Truvada,2009,2489.682,USD,worldwide,0001193125-12-075335,10-K,"Truvada | 2,875,141 | 2,649,908 | 2,489,682","row prints 2011, 2010, 2009; value is 2009; printed in thousands (2,489,682), converted to millions",,
GILD,Truvada,2010,2649.908,USD,worldwide,0000882095-13-000015,10-K,"Truvada | 3,181,110 | 2,875,141 | 2,649,908","row prints 2012, 2011, 2010; value is 2010; printed in thousands (2,649,908), converted to millions",,
GILD,Truvada,2011,2875.141,USD,worldwide,0000882095-14-000013,10-K,"Truvada | 3,135,771 | 3,181,110 | 2,875,141","row prints 2013, 2012, 2011; value is 2011; printed in thousands (2,875,141), converted to millions",,
GILD,Truvada,2012,3181,USD,worldwide,0000882095-15-000008,10-K,"Truvada | 3,340 | 3,136 | 3,181","row prints 2014, 2013, 2012; value is 2012",,
GILD,Truvada,2013,3136,USD,worldwide,0000882095-16-000039,10-K,"Truvada | 3,459 | 3,340 | 3,136","row prints 2015, 2014, 2013; value is 2013",,
GILD,Truvada,2014,3340,USD,worldwide,0000882095-17-000006,10-K,"Truvada | 3,566 | 3,459 | 3,340","row prints 2016, 2015, 2014; value is 2014",,
GILD,Truvada,2015,3459,USD,worldwide,0000882095-18-000008,10-K,"Truvada | 3,134 | 3,566 | 3,459","row prints 2017, 2016, 2015; value is 2015",,
GILD,Truvada,2016,3566,USD,worldwide,0000882095-19-000006,10-K,"Truvada | 2,605 | 260 | 132 | 2,997 | 2,266 | 644 | 224 | 3,134 | 2,384 | 913 | 269 | 3,566","row prints U.S., Europe, Other International, Total for each of 2018, 2017, 2016; value is 2016 Total",,
GILD,Truvada,2017,3134,USD,worldwide,0000882095-20-000006,10-K,"Truvada | 2,640 | 101 | 72 | 2,813 | 2,605 | 260 | 132 | 2,997 | 2,266 | 644 | 224 | 3,134","row prints U.S., Europe, Other International, Total for each of 2019, 2018, 2017; value is 2017 Total",,
GILD,Truvada,2018,2997,USD,worldwide,0000882095-21-000008,10-K,"Truvada | 1,376 | 27 | 45 | 1,448 | 2,640 | 101 | 72 | 2,813 | 2,605 | 260 | 132 | 2,997","row prints U.S., Europe, Other International, Total for each of 2020, 2019, 2018; value is 2018 Total",,
GILD,Truvada,2019,2813,USD,worldwide,0000882095-22-000007,10-K,"Truvada | 314 | 22 | 35 | 371 | 1,376 | 27 | 45 | 1,448 | 2,640 | 101 | 72 | 2,813","row prints U.S., Europe, Other International, Total for each of 2021, 2020, 2019; value is 2019 Total",,
GILD,Truvada,2020,1448,USD,worldwide,0000882095-23-000007,10-K,"Truvada | 113 | 15 | 18 | 147 | 314 | 22 | 35 | 371 | 1,376 | 27 | 45 | 1,448","row prints U.S., Europe, Other International, Total for each of 2022, 2021, 2020; value is 2020 Total",,
GILD,Truvada,2021,371,USD,worldwide,0000882095-24-000007,10-K,Truvada | 82 | 13 | 19 | 114 | 113 | 15 | 18 | 147 | 314 | 22 | 35 | 371,"row prints U.S., Europe, Other International, Total for each of 2023, 2022, 2021; value is 2021 Total",,
GSK,Seretide/Advair,2001,850,GBP,worldwide pharmaceutical turnover,0001021231-04-000207,20-F,"Seretide/Advair | 1,631 | 850 | 96 | 92 | 876 | >100 | >100 | 608 | 36 | 38 | 147 | 92 | 81 |","Pharmaceutical turnover by therapeutic area table (current year and prior year columns); latest filing printing this year. FY2003 20-F, '2002 vs 2001' table. UK GAAP basis. The FY2001 20-F was filed on paper and is not on EDGAR.",,
GSK,Seretide/Advair,2002,1631,GBP,worldwide pharmaceutical turnover,0001021231-05-000197,20-F,"Seretide/Advair | 2,214 | 1,631 | 39 | 36 | 1,235 | 54 | 41 | 773 | 18 | 27 | 206 | 37 | 40 |",Pharmaceutical turnover by therapeutic area table (current year and prior year columns); latest filing printing this year. UK GAAP basis.,,
GSK,Seretide/Advair,2003,2192,GBP,worldwide pharmaceutical turnover,0001021231-06-000123,20-F,"Seretide/Advair | 2,441 | 2,192 | 19 | 11 | 1,330 | 20 | 8 | 882 | 19 | 17 | 229 | 15 | 12 |","Basis break: IFRS from 2003 as restated; 2001 and 2002 are UK GAAP. Pharmaceutical turnover by therapeutic area table (current year and prior year columns); latest filing printing this year. IFRS restatement: the 2005 20-F shows 2003 at 2,192; the UK GAAP figure in the 2003 and 2004 20-Fs was 2,214.",1,
GSK,Seretide/Advair,2004,2441,GBP,worldwide pharmaceutical turnover,0001156973-07-000334,20-F,"Seretide/Advair | 3,003 | 2,441 | 22 | 23 | 1,687 | 26 | 27 | 1,033 | 16 | 17 | 283 | 16 | 24 |","Pharmaceutical turnover by therapeutic area table (current year and prior year columns); latest filing printing this year. IFRS basis; the 2004 20-F printed 2,461 under UK GAAP (and 2,441 in its IFRS reconciliation section).",,
GSK,Seretide/Advair,2005,3003,GBP,worldwide pharmaceutical turnover,0001156973-08-000248,20-F,"Seretide/Advair | 3,313 | 3,003 | 11 | 10 | 1,870 | 13 | 11 | 1,133 | 10 | 10 | 310 | 9 | 10 |",Pharmaceutical turnover by therapeutic area table (current year and prior year columns); latest filing printing this year.,,
GSK,Seretide/Advair,2006,3313,GBP,worldwide pharmaceutical turnover,0001156973-09-000126,20-F,"Seretide/Advair | 3,499 | 3,313 | 10 | 6 | 1,891 | 9 | 1 | 1,215 | 8 | 9 | 393 | 24 | 21 |",Pharmaceutical turnover by therapeutic area table (current year and prior year columns); latest filing printing this year.,,
GSK,Seretide/Advair,2007,3499,GBP,worldwide pharmaceutical turnover,0000950123-10-019098,20-F,"Seretide/Advair | 4,137 | 3,499 | 8 | 18 | 2,161 | 6 | 14 | 1,416 | 4 | 17 | 560 | 29 | 42 |",Pharmaceutical turnover by therapeutic area table (current year and prior year columns); latest filing printing this year. Regional split restated in the 2008 20-F; total unchanged.,,
GSK,Seretide/Advair,2008,4137,GBP,worldwide pharmaceutical turnover,0000950123-11-022182,20-F,"Seretide/Advair | 4,977 | 4,137 | 5 | 20 | 2,592 | 1 | 20 | 1,609 | 5 | 14 | 776 | 23 | 39 |",Pharmaceutical turnover by therapeutic area table (current year and prior year columns); latest filing printing this year.,,
GSK,Seretide/Advair,2009,4977,GBP,worldwide pharmaceutical turnover,0001193125-12-112357,20-F exhibit 15.2 (Annual Report),"Seretide/Advair | 5,139 | 4,977 | 2 | 3 | 2,604 | – | – | 1,601 | 2 | – | 328 | 16 | 19 | 606 | 10 | 21 |",Pharmaceutical turnover by therapeutic area table (current year and prior year columns); latest filing printing this year. Column headed '2009 (restated)'; total unchanged from the 2009 and 2010 20-Fs.,,
GSK,Seretide/Advair,2010,5139,GBP,worldwide pharmaceutical turnover,0001193125-13-098802,20-F exhibit 15.2 (Annual Report),"Seretide/Advair | 5,061 | 5,139 | – | (2 | ) | 2,475 | (1 | ) | (5 | ) | 1,580 | (2 | ) | (1 | ) | 379 | 2 | (1 | ) | 627 | 9 | 14 |",Pharmaceutical turnover by therapeutic area table (current year and prior year columns); latest filing printing this year. 2011 report labelled 2010 '(restated)'; total unchanged.,,
GSK,Seretide/Advair,2011,5061,GBP,worldwide pharmaceutical turnover,0001193125-14-077405,20-F exhibit 15.2 (Annual Report),"Seretide/Advair | 5,046 | 5,061 | 1 | – | 2,533 | 1 | 2 | 1,447 | (4 | ) | (8 | ) | 417 | 12 | 10 | 649 | 3 | 4 |",Pharmaceutical turnover by therapeutic area table (current year and prior year columns); latest filing printing this year. Column headed '2011 (restated)'; total unchanged.,,
GSK,Seretide/Advair,2012,5046,GBP,worldwide pharmaceutical turnover,0001193125-15-070125,20-F exhibit 15.2 (Annual Report),"Seretide/Advair | 5,274 | 5,046 | 4 | 5 | 2,769 | 8 | 9 | 1,458 | (2 | ) | 1 | 429 | 4 | 3 | 277 | 8 | (10) |",Pharmaceutical turnover by therapeutic area table (current year and prior year columns); latest filing printing this year. Column headed '2012 (restated)'; total unchanged.,,
GSK,Seretide/Advair,2013,5274,GBP,worldwide pharmaceutical turnover,0001193125-16-510261,20-F exhibit 15.2 (Annual Report),"Seretide/Advair | 4,229 | 5,274 | (15 | ) | (20 | ) | 1,987 | (25 | ) | (29 | ) | 1,330 | (5 | ) | (9 | ) | 912 | (1 | ) | (12 | ) |",Pharmaceutical turnover by therapeutic area table (current year and prior year columns); latest filing printing this year. Column headed '2013 (restated)' (2015 regional reorganisation; total unchanged).,,
GSK,Seretide/Advair,2014,4229,GBP,worldwide pharmaceutical turnover,0001193125-17-087259,20-F exhibit 15.2 (Annual Report),"Seretide/Advair | 3,681 | 4,229 | (13 | ) | (13 | ) | 1,865 | (13 | ) | (6 | ) | 1,014 | (18 | ) | (24 | ) | 802 | (8 | ) | (12 | ) |",Pharmaceutical turnover by therapeutic area table (current year and prior year columns); latest filing printing this year. Column headed '2014 (restated)'; total unchanged.,,
GSK,Seretide/Advair,2015,3681,GBP,worldwide pharmaceutical turnover,0001193125-18-086062,20-F exhibit 15.3 (Annual Report),"Seretide/Advair | 3,485 | 3,681 | (5 | ) | (15 | ) | 1,829 | (2 | ) | (13 | ) | 835 | (18 | ) | (24 | ) | 821 | 2 | (7 | ) |",Pharmaceutical turnover by therapeutic area table (current year and prior year columns); latest filing printing this year. Column headed '2015 (revised)'; total unchanged.,,
GSK,Seretide/Advair,2016,3485,GBP,worldwide pharmaceutical turnover,0001193125-19-076716,20-F exhibit 15.3 (Annual Report),"Seretide/Advair | 3,130 | 3,485 | (10 | ) | (14 | ) | 1,610 | (12 | ) | (16 | ) | 736 | (12 | ) | (17 | ) | 784 | (5 | ) | (8 | ) |",Pharmaceutical turnover by therapeutic area table (current year and prior year columns); latest filing printing this year.,,
GSK,Seretide/Advair,2017,3130,GBP,worldwide pharmaceutical turnover,0001193125-20-065064,20-F exhibit 15.3 (Annual Report),"Seretide/Advair | 2,422 | 3,130 | (23 | ) | (21 | ) | 1,097 | (32 | ) | (30 | ) | 599 | (19 | ) | (20 | ) | 726 | (7 | ) | (4 | ) |",Pharmaceutical turnover by therapeutic area table (current year and prior year columns); latest filing printing this year.,,
GSK,Seretide/Advair,2018,2422,GBP,worldwide pharmaceutical turnover,0001193125-21-079417,20-F exhibit 15.2 (Annual Report),"Seretide/Advair | 1,730 | 2,422 | (29 | ) | (29 | ) | 502 | (54 | ) | (56 | ) | 502 | (16 | ) | (16 | ) | 726 | – | (1 | ) |",Pharmaceutical turnover by therapeutic area table (current year and prior year columns); latest filing printing this year.,,
GSK,Seretide/Advair,2019,1730,GBP,worldwide pharmaceutical turnover,0001193125-22-068957,20-F exhibit 15.2 (Annual Report),"Seretide/Advair | 1,535 | 1,730 | (11 | ) | (10 | ) | 434 | (14 | ) | (13 | ) | 449 | (11 | ) | (11 | ) | 652 | (10 | ) | (7 | ) |",Pharmaceutical turnover by therapeutic area table (current year and prior year columns); latest filing printing this year.,,
GSK,Seretide/Advair,2020,1535,GBP,worldwide pharmaceutical turnover,0001193125-22-068957,20-F exhibit 15.2 (Annual Report),"Seretide/Advair | 1,357 | 1,535 | (12 | ) | (7 | ) | 486 | 12 | 19 | 322 | (28 | ) | (27 | ) | 549 | (16 | ) | (11 | ) |",Pharmaceutical turnover by therapeutic area table (current year and prior year columns); latest filing printing this year.,,
GSK,Seretide/Advair,2021,1357,GBP,worldwide pharmaceutical turnover,0001193125-23-067105,20-F exhibit 15.2 (Annual Report),"Seretide/Advair | 1,357 | (12 | ) | (7 | ) | 486 | 12 | 19 | 322 | (28 | ) | (27 | ) | 549 | (16 | ) | (11 | ) |",Turnover by product table for 2021 (value with growth columns) in the 2022 annual report.,,
GSK,Seretide/Advair,2022,1159,GBP,worldwide pharmaceutical turnover,0001131399-24-000007,20-F,"Seretide/Advair 2023 £m 2022 £m Growth £% Growth CER% Seretide/Advair 1,139 1,159 (2) 1",Seretide/Advair table in the 2023 20-F: 2023 and 2022 columns.,,
GSK,Seretide/Advair,2023,1139,GBP,worldwide pharmaceutical turnover,0001131399-25-000007,20-F,"Seretide/Advair | 1,057 | 1,139 | (7) | (3) |",Seretide/Advair table in the 2024 20-F: 2024 and 2023 columns.,,
GSK,Seretide/Advair,2024,1057,GBP,worldwide pharmaceutical turnover,0001131399-25-000007,20-F,"Seretide/Advair | 1,057 | 1,139 | (7) | (3) |","Seretide/Advair table in the 2024 20-F. The 2025 20-F does not print 2024 or 2025 in £m (key products table gives only '£0.9bn, -19% AER' for 2025), so 2025 is left out.",,
JNJ,Darzalex,2015,20,USD,worldwide,0000200406-18-000005,10-K,"DARZALEX ® | 1,242 | 572 | 20 | ** | **","row prints 2017, 2016, 2015; value is 2015; launch-year value, outside requested span, included for growth measurement",,
JNJ,Darzalex,2016,572,USD,worldwide,0000200406-19-000009,10-K,"[DARZALEX ®] Worldwide | 2,025 | 1,242 | 572 | 63.0 | *","Worldwide row under the product heading; row prints 2018, 2017, 2016; value is 2016",,
JNJ,Darzalex,2017,1242,USD,worldwide,0000200406-20-000010,10-K,"[DARZALEX ®] Worldwide | 2,998 | 2,025 | 1,242 | 48.0 | 63.0","Worldwide row under the product heading; row prints 2019, 2018, 2017; value is 2017",,
JNJ,Darzalex,2018,2025,USD,worldwide,0000200406-21-000008,10-K,"[DARZALEX ®] Worldwide | 4,190 | 2,998 | 2,025 | 39.8 | 48.0","Worldwide row under the product heading; row prints 2020, 2019, 2018; value is 2018",,
JNJ,Darzalex,2019,2998,USD,worldwide,0000200406-22-000022,10-K,"[DARZALEX ®] Worldwide | 6,023 | 4,190 | 2,998 | 43.8 | 39.8","Worldwide row under the product heading; row prints 2021, 2020, 2019; value is 2019",,
JNJ,Darzalex,2020,4190,USD,worldwide,0000200406-23-000016,10-K,"[DARZALEX] Worldwide | 7,977 | 6,023 | 4,190 | 32.4 | 43.8","Worldwide row under the product heading; row prints 2022, 2021, 2020; value is 2020",,
JNJ,Darzalex,2021,6023,USD,worldwide,0000200406-24-000013,10-K,"[DARZALEX] Worldwide | 9,744 | 7,977 | 6,023 | 22.2 | 32.4","Worldwide row under the product heading; row prints 2023, 2022, 2021; value is 2021",,
JNJ,Darzalex,2022,7977,USD,worldwide,0000200406-25-000038,10-K,"[DARZALEX] Worldwide | 11,670 | 9,744 | 7,977 | 19.8 | 22.2","Worldwide row under the product heading; row prints 2024, 2023, 2022; value is 2022",,
JNJ,Darzalex,2023,9744,USD,worldwide,0000200406-26-000016,10-K,"[DARZALEX] Worldwide | 14,351 | 11,670 | 9,744 | 23.0 | 19.8","Worldwide row under the product heading; row prints 2025, 2024, 2023; value is 2023",,
JNJ,Darzalex,2024,11670,USD,worldwide,0000200406-26-000016,10-K,"[DARZALEX] Worldwide | 14,351 | 11,670 | 9,744 | 23.0 | 19.8","Worldwide row under the product heading; row prints 2025, 2024, 2023; value is 2024",,
JNJ,Darzalex,2025,14351,USD,worldwide,0000200406-26-000016,10-K,"[DARZALEX] Worldwide | 14,351 | 11,670 | 9,744 | 23.0 | 19.8","Worldwide row under the product heading; row prints 2025, 2024, 2023; value is 2025",,
JNJ,Imbruvica,2014,200,USD,J&J reported sales (J&J share under Pharmacyclics/AbbVie collaboration),0000200406-17-000006,10-K,"IMBRUVICA ® | 1,251 | 689 | 200 | 81.6 | **","row prints 2016, 2015, 2014; value is 2014",,
JNJ,Imbruvica,2015,689,USD,J&J reported sales (J&J share under Pharmacyclics/AbbVie collaboration),0000200406-18-000005,10-K,"IMBRUVICA ® | 1,893 | 1,251 | 689 | 51.3 | 81.6","row prints 2017, 2016, 2015; value is 2015",,
JNJ,Imbruvica,2016,1251,USD,J&J reported sales (J&J share under Pharmacyclics/AbbVie collaboration),0000200406-19-000009,10-K,"[IMBRUVICA ®] Worldwide | 2,615 | 1,893 | 1,251 | 38.1 | 51.3","Worldwide row under the product heading; row prints 2018, 2017, 2016; value is 2016",,
JNJ,Imbruvica,2017,1893,USD,J&J reported sales (J&J share under Pharmacyclics/AbbVie collaboration),0000200406-20-000010,10-K,"[IMBRUVICA ®] Worldwide | 3,411 | 2,615 | 1,893 | 30.4 | 38.1","Worldwide row under the product heading; row prints 2019, 2018, 2017; value is 2017",,
JNJ,Imbruvica,2018,2615,USD,J&J reported sales (J&J share under Pharmacyclics/AbbVie collaboration),0000200406-21-000008,10-K,"[IMBRUVICA ®] Worldwide | 4,128 | 3,411 | 2,615 | 21.0 | 30.4","Worldwide row under the product heading; row prints 2020, 2019, 2018; value is 2018",,
JNJ,Imbruvica,2019,3411,USD,J&J reported sales (J&J share under Pharmacyclics/AbbVie collaboration),0000200406-22-000022,10-K,"[IMBRUVICA ®] Worldwide | 4,369 | 4,128 | 3,411 | 5.8 | 21.0","Worldwide row under the product heading; row prints 2021, 2020, 2019; value is 2019",,
JNJ,Imbruvica,2020,4128,USD,J&J reported sales (J&J share under Pharmacyclics/AbbVie collaboration),0000200406-23-000016,10-K,"[IMBRUVICA] Worldwide | 3,784 | 4,369 | 4,128 | ( 13.4 ) | 5.8","Worldwide row under the product heading; row prints 2022, 2021, 2020; value is 2020",,
JNJ,Imbruvica,2021,4369,USD,J&J reported sales (J&J share under Pharmacyclics/AbbVie collaboration),0000200406-24-000013,10-K,"[IMBRUVICA] Worldwide | 3,264 | 3,784 | 4,369 | ( 13.7 ) | ( 13.4 )","Worldwide row under the product heading; row prints 2023, 2022, 2021; value is 2021",,
JNJ,Imbruvica,2022,3784,USD,J&J reported sales (J&J share under Pharmacyclics/AbbVie collaboration),0000200406-25-000038,10-K,"[IMBRUVICA] Worldwide | 3,038 | 3,264 | 3,784 | ( 6.9 ) | ( 13.7 )","Worldwide row under the product heading; row prints 2024, 2023, 2022; value is 2022",,
JNJ,Imbruvica,2023,3264,USD,J&J reported sales (J&J share under Pharmacyclics/AbbVie collaboration),0000200406-26-000016,10-K,"[IMBRUVICA] Worldwide | 2,823 | 3,038 | 3,264 | ( 7.1 ) | ( 6.9 )","Worldwide row under the product heading; row prints 2025, 2024, 2023; value is 2023",,
JNJ,Imbruvica,2024,3038,USD,J&J reported sales (J&J share under Pharmacyclics/AbbVie collaboration),0000200406-26-000016,10-K,"[IMBRUVICA] Worldwide | 2,823 | 3,038 | 3,264 | ( 7.1 ) | ( 6.9 )","Worldwide row under the product heading; row prints 2025, 2024, 2023; value is 2024",,
JNJ,Imbruvica,2025,2823,USD,J&J reported sales (J&J share under Pharmacyclics/AbbVie collaboration),0000200406-26-000016,10-K,"[IMBRUVICA] Worldwide | 2,823 | 3,038 | 3,264 | ( 7.1 ) | ( 6.9 )","Worldwide row under the product heading; row prints 2025, 2024, 2023; value is 2025",,
JNJ,Remicade,2001,721,USD,J&J reported sales (excl. Schering-Plough/Merck in-market sales in its distribution territories),0000950123-04-003155,10-K,"REMICADE (infliximab)  1,729  1,297  721  33.4%  80.1%","row prints 2003, 2002, 2001; value is 2001",,
JNJ,Remicade,2002,1297,USD,J&J reported sales (excl. Schering-Plough/Merck in-market sales in its distribution territories),0000950123-05-003140,10-K,"REMICADE (infliximab)  2,145  1,729  1,297  24.1  33.4","row prints 2004, 2003, 2002; value is 2002",,
JNJ,Remicade,2003,1729,USD,J&J reported sales (excl. Schering-Plough/Merck in-market sales in its distribution territories),0000950123-06-003129,10-K,"REMICADE(R) (infliximab)  2,535  2,145  1,729  18.2  24.1","row prints 2005, 2004, 2003; value is 2003",,
JNJ,Remicade,2004,2145,USD,J&J reported sales (excl. Schering-Plough/Merck in-market sales in its distribution territories),0000950123-07-002542,10-K,"REMICADE ® (infliximab) | 3,013 | 2,535 | 2,145 | 18.9 | 18.2","row prints 2006, 2005, 2004; value is 2004",,
JNJ,Remicade,2005,2535,USD,J&J reported sales (excl. Schering-Plough/Merck in-market sales in its distribution territories),0000950123-08-002130,10-K,"REMICADE ® (infliximab) | 3,327 | 3,013 | 2,535 | 10.4 | 18.9","row prints 2007, 2006, 2005; value is 2005",,
JNJ,Remicade,2006,3013,USD,J&J reported sales (excl. Schering-Plough/Merck in-market sales in its distribution territories),0000950123-09-003187,10-K,"REMICADE ® (infliximab) | 3,748 | 3,327 | 3,013 | 12.7 | 10.4","row prints 2008, 2007, 2006; value is 2006",,
JNJ,Remicade,2007,3327,USD,J&J reported sales (excl. Schering-Plough/Merck in-market sales in its distribution territories),0000950123-10-019392,10-K,"REMICADE ® (infliximab) | 4,304 | 3,748 | 3,327 | 14.8 | 12.7","row prints 2009, 2008, 2007; value is 2007",,
JNJ,Remicade,2008,3748,USD,J&J reported sales (excl. Schering-Plough/Merck in-market sales in its distribution territories),0000950123-11-018128,10-K,"REMICADE ® (infliximab) | 4,610 | 4,304 | 3,748 | 7.1 | 14.8","row prints 2010, 2009, 2008; value is 2008",,
JNJ,Remicade,2009,4304,USD,J&J reported sales (excl. Schering-Plough/Merck in-market sales in its distribution territories),0001193125-12-075565,10-K,"REMICADE ® (infliximab) | 5,492 | 4,610 | 4,304 | 19.1 | 7.1","row prints 2011, 2010, 2009; value is 2009",,
JNJ,Remicade,2010,4610,USD,J&J reported sales (excl. Schering-Plough/Merck in-market sales in its distribution territories),0000200406-13-000038,10-K,"REMICADE ® | 6,139 | 5,492 | 4,610 | 11.8 | 19.1","row prints 2012, 2011, 2010; value is 2010",,
JNJ,Remicade,2011,5492,USD,J&J reported sales (excl. Merck in-market sales in its retained territories),0000200406-14-000033,10-K,"REMICADE ® | 6,673 | 6,139 | 5,492 | 8.7 | 11.8","Basis break: J&J took back distribution territories from Merck from July 2011. row prints 2013, 2012, 2011; value is 2011; basis change: from 1 Jul 2011 J&J records sales in territories Merck relinquished (incl. Canada, Brazil, Australia, Mexico); FY2011 10-K says U.S. export and international sales rose nearly 50% partly from this",1,
JNJ,Remicade,2012,6139,USD,"J&J reported sales (excl. Merck in-market sales in Europe, Russia, Turkey)",0000200406-15-000004,10-K,"REMICADE ® | 6,868 | 6,673 | 6,139 | 2.9 | 8.7","Basis break: first full year with the territories J&J took back in July 2011. row prints 2014, 2013, 2012; value is 2012",1,
JNJ,Remicade,2013,6673,USD,"J&J reported sales (excl. Merck in-market sales in Europe, Russia, Turkey)",0000200406-16-000071,10-K,"REMICADE ® | 6,561 | 6,868 | 6,673 | (4.5) | 2.9","row prints 2015, 2014, 2013; value is 2013",,
JNJ,Remicade,2014,6868,USD,"J&J reported sales (excl. Merck in-market sales in Europe, Russia, Turkey)",0000200406-17-000006,10-K,"REMICADE ® | 6,966 | 6,561 | 6,868 | 6.2 | (4.5)","row prints 2016, 2015, 2014; value is 2014",,
JNJ,Remicade,2015,6561,USD,"J&J reported sales (excl. Merck in-market sales in Europe, Russia, Turkey)",0000200406-18-000005,10-K,"REMICADE ® | 6,315 | 6,966 | 6,561 | (9.3) | 6.2","row prints 2017, 2016, 2015; value is 2015",,
JNJ,Remicade,2016,6966,USD,"J&J reported sales (excl. Merck in-market sales in Europe, Russia, Turkey)",0000200406-19-000009,10-K,"[REMICADE ®] Worldwide | 5,326 | 6,315 | 6,966 | (15.7) | (9.3) | 73","Worldwide row under the product heading; row prints 2018, 2017, 2016; value is 2016",,
JNJ,Remicade,2017,6315,USD,"J&J reported sales (excl. Merck in-market sales in Europe, Russia, Turkey)",0000200406-20-000010,10-K,"[REMICADE ®] Worldwide | 4,380 | 5,326 | 6,315 | (17.8) | (15.7)","Worldwide row under the product heading; row prints 2019, 2018, 2017; value is 2017",,
JNJ,Remicade,2018,5326,USD,"J&J reported sales (excl. Merck in-market sales in Europe, Russia, Turkey)",0000200406-21-000008,10-K,"[REMICADE ®] Worldwide | 3,747 | 4,380 | 5,326 | ( 14.4 ) | ( 17.8 )","Worldwide row under the product heading; row prints 2020, 2019, 2018; value is 2018",,
JNJ,Remicade,2019,4380,USD,"J&J reported sales (excl. Merck in-market sales in Europe, Russia, Turkey)",0000200406-22-000022,10-K,"[REMICADE ®] Worldwide | 3,190 | 3,747 | 4,380 | ( 14.9 ) | ( 14.4 )","Worldwide row under the product heading; row prints 2021, 2020, 2019; value is 2019",,
JNJ,Remicade,2020,3747,USD,"J&J reported sales (excl. Merck in-market sales in Europe, Russia, Turkey)",0000200406-23-000016,10-K,"[REMICADE] Worldwide | 2,343 | 3,190 | 3,747 | ( 26.6 ) | ( 14.9 )","Worldwide row under the product heading; row prints 2022, 2021, 2020; value is 2020",,
JNJ,Remicade,2021,3190,USD,"J&J reported sales (excl. Merck in-market sales in Europe, Russia, Turkey)",0000200406-24-000013,10-K,"[REMICADE] Worldwide | 1,839 | 2,343 | 3,190 | ( 21.5 ) | ( 26.6 )","Worldwide row under the product heading; row prints 2023, 2022, 2021; value is 2021",,
JNJ,Remicade,2022,2343,USD,"J&J reported sales (excl. Merck in-market sales in Europe, Russia, Turkey)",0000200406-25-000038,10-K,"[REMICADE] Worldwide | 1,605 | 1,839 | 2,343 | ( 12.8 ) | ( 21.5 )","Worldwide row under the product heading; row prints 2024, 2023, 2022; value is 2022",,
JNJ,Remicade,2023,1839,USD,"J&J reported sales (excl. Merck in-market sales in Europe, Russia, Turkey)",0000200406-26-000016,10-K,"[REMICADE] Worldwide | 1,768 | 1,605 | 1,839 | 10.2 | ( 12.8 )","Worldwide row under the product heading; row prints 2025, 2024, 2023; value is 2023",,
JNJ,Remicade,2024,1605,USD,"J&J reported sales (excl. Merck in-market sales in Europe, Russia, Turkey)",0000200406-26-000016,10-K,"[REMICADE] Worldwide | 1,768 | 1,605 | 1,839 | 10.2 | ( 12.8 )","Worldwide row under the product heading; row prints 2025, 2024, 2023; value is 2024",,
JNJ,Remicade,2025,1768,USD,"J&J reported sales (excl. Merck in-market sales in Europe, Russia, Turkey)",0000200406-26-000016,10-K,"[REMICADE] Worldwide | 1,768 | 1,605 | 1,839 | 10.2 | ( 12.8 )","Worldwide row under the product heading; row prints 2025, 2024, 2023; value is 2025",,
JNJ,Stelara,2010,393,USD,worldwide,0000200406-13-000038,10-K,"STELARA ® | 1,025 | 738 | 393 | 38.9 | 87.8","row prints 2012, 2011, 2010; value is 2010",,
JNJ,Stelara,2011,738,USD,worldwide,0000200406-14-000033,10-K,"STELARA ® | 1,504 | 1,025 | 738 | 46.7 | 38.9","row prints 2013, 2012, 2011; value is 2011",,
JNJ,Stelara,2012,1025,USD,worldwide,0000200406-15-000004,10-K,"STELARA ® | 2,072 | 1,504 | 1,025 | 37.8 | 46.7","row prints 2014, 2013, 2012; value is 2012",,
JNJ,Stelara,2013,1504,USD,worldwide,0000200406-16-000071,10-K,"STELARA ® | 2,474 | 2,072 | 1,504 | 19.4 | 37.8","row prints 2015, 2014, 2013; value is 2013",,
JNJ,Stelara,2014,2072,USD,worldwide,0000200406-17-000006,10-K,"STELARA ® | 3,232 | 2,474 | 2,072 | 30.6 | 19.4","row prints 2016, 2015, 2014; value is 2014",,
JNJ,Stelara,2015,2474,USD,worldwide,0000200406-18-000005,10-K,"STELARA ® | 4,011 | 3,232 | 2,474 | 24.1 | 30.6","row prints 2017, 2016, 2015; value is 2015",,
JNJ,Stelara,2016,3232,USD,worldwide,0000200406-19-000009,10-K,"[STELARA ®] Worldwide | 5,156 | 4,011 | 3,232 | 28.5 | 24.1","Worldwide row under the product heading; row prints 2018, 2017, 2016; value is 2016",,
JNJ,Stelara,2017,4011,USD,worldwide,0000200406-20-000010,10-K,"[STELARA ®] Worldwide | 6,361 | 5,156 | 4,011 | 23.4 | 28.5","Worldwide row under the product heading; row prints 2019, 2018, 2017; value is 2017",,
JNJ,Stelara,2018,5156,USD,worldwide,0000200406-21-000008,10-K,"[STELARA ®] Worldwide | 7,707 | 6,361 | 5,156 | 21.1 | 23.4","Worldwide row under the product heading; row prints 2020, 2019, 2018; value is 2018",,
JNJ,Stelara,2019,6361,USD,worldwide,0000200406-22-000022,10-K,"[STELARA ®] Worldwide | 9,134 | 7,707 | 6,361 | 18.5 | 21.1","Worldwide row under the product heading; row prints 2021, 2020, 2019; value is 2019",,
JNJ,Stelara,2020,7707,USD,worldwide,0000200406-23-000016,10-K,"[STELARA] Worldwide | 9,723 | 9,134 | 7,707 | 6.5 | 18.5","Worldwide row under the product heading; row prints 2022, 2021, 2020; value is 2020",,
JNJ,Stelara,2021,9134,USD,worldwide,0000200406-24-000013,10-K,"[STELARA] Worldwide | 10,858 | 9,723 | 9,134 | 11.7 | 6.5","Worldwide row under the product heading; row prints 2023, 2022, 2021; value is 2021",,
JNJ,Stelara,2022,9723,USD,worldwide,0000200406-25-000038,10-K,"[STELARA] Worldwide | 10,361 | 10,858 | 9,723 | ( 4.6 ) | 11.7","Worldwide row under the product heading; row prints 2024, 2023, 2022; value is 2022",,
JNJ,Stelara,2023,10858,USD,worldwide,0000200406-26-000016,10-K,"[STELARA] Worldwide | 6,078 | 10,361 | 10,858 | ( 41.3 ) | ( 4.6 )","Worldwide row under the product heading; row prints 2025, 2024, 2023; value is 2023",,
JNJ,Stelara,2024,10361,USD,worldwide,0000200406-26-000016,10-K,"[STELARA] Worldwide | 6,078 | 10,361 | 10,858 | ( 41.3 ) | ( 4.6 )","Worldwide row under the product heading; row prints 2025, 2024, 2023; value is 2024",,
JNJ,Stelara,2025,6078,USD,worldwide,0000200406-26-000016,10-K,"[STELARA] Worldwide | 6,078 | 10,361 | 10,858 | ( 41.3 ) | ( 4.6 )","Worldwide row under the product heading; row prints 2025, 2024, 2023; value is 2025",,
JNJ,Xarelto,2011,25,USD,U.S. only (J&J table prints International as —),0000200406-14-000033,10-K,XARELTO ® | 864 | 239 | 25 | ** | **,"row prints 2013, 2012, 2011; value is 2011",,
JNJ,Xarelto,2012,239,USD,U.S. only (J&J table prints International as —),0000200406-15-000004,10-K,"XARELTO ® | 1,522 | 864 | 239 | 76.2 | **","row prints 2014, 2013, 2012; value is 2012",,
JNJ,Xarelto,2013,864,USD,U.S. only (J&J table prints International as —),0000200406-16-000071,10-K,"XARELTO ® | 1,868 | 1,522 | 864 | 22.7 | 76.2","row prints 2015, 2014, 2013; value is 2013",,
JNJ,Xarelto,2014,1522,USD,U.S. only (J&J table prints International as —),0000200406-17-000006,10-K,"XARELTO ® | 2,288 | 1,868 | 1,522 | 22.5 | 22.7","row prints 2016, 2015, 2014; value is 2014",,
JNJ,Xarelto,2015,1868,USD,U.S. only (J&J table prints International as —),0000200406-18-000005,10-K,"XARELTO ® | 2,500 | 2,288 | 1,868 | 9.3 | 22.5","row prints 2017, 2016, 2015; value is 2015",,
JNJ,Xarelto,2016,2288,USD,U.S. only (J&J table prints International as —),0000200406-19-000009,10-K,"[XARELTO ®] Worldwide | 2,477 | 2,500 | 2,288 | (0.9) | 9.3","Worldwide row under the product heading; row prints 2018, 2017, 2016; value is 2016",,
JNJ,Xarelto,2017,2500,USD,U.S. only (J&J table prints International as —),0000200406-20-000010,10-K,"[XARELTO ®] Worldwide | 2,313 | 2,477 | 2,500 | (6.6) | (0.9)","Worldwide row under the product heading; row prints 2019, 2018, 2017; value is 2017",,
JNJ,Xarelto,2018,2477,USD,U.S. only (J&J table prints International as —),0000200406-21-000008,10-K,"[XARELTO ®] Worldwide | 2,345 | 2,313 | 2,477 | 1.4 | ( 6.6 )","Worldwide row under the product heading; row prints 2020, 2019, 2018; value is 2018",,
JNJ,Xarelto,2019,2313,USD,U.S. only (J&J table prints International as —),0000200406-22-000022,10-K,"[XARELTO ®] Worldwide | 2,438 | 2,345 | 2,313 | 4.0 | 1.4","Worldwide row under the product heading; row prints 2021, 2020, 2019; value is 2019",,
JNJ,Xarelto,2020,2345,USD,U.S. only (J&J table prints International as —),0000200406-23-000016,10-K,"[XARELTO] Worldwide | 2,473 | 2,438 | 2,345 | 1.4 | 4.0","Worldwide row under the product heading; row prints 2022, 2021, 2020; value is 2020",,
JNJ,Xarelto,2021,2438,USD,U.S. only (J&J table prints International as —),0000200406-24-000013,10-K,"[XARELTO] Worldwide | 2,365 | 2,473 | 2,438 | ( 4.4 ) | 1.4","Worldwide row under the product heading; row prints 2023, 2022, 2021; value is 2021",,
JNJ,Xarelto,2022,2473,USD,U.S. only (J&J table prints International as —),0000200406-25-000038,10-K,"[XARELTO] Worldwide | 2,373 | 2,365 | 2,473 | 0.3 | ( 4.4 )","Worldwide row under the product heading; row prints 2024, 2023, 2022; value is 2022",,
JNJ,Xarelto,2023,2365,USD,U.S. only (J&J table prints International as —),0000200406-26-000016,10-K,"[XARELTO] Worldwide | 2,633 | 2,373 | 2,365 | 11.0 | 0.3","Worldwide row under the product heading; row prints 2025, 2024, 2023; value is 2023",,
JNJ,Xarelto,2024,2373,USD,U.S. only (J&J table prints International as —),0000200406-26-000016,10-K,"[XARELTO] Worldwide | 2,633 | 2,373 | 2,365 | 11.0 | 0.3","Worldwide row under the product heading; row prints 2025, 2024, 2023; value is 2024",,
JNJ,Xarelto,2025,2633,USD,U.S. only (J&J table prints International as —),0000200406-26-000016,10-K,"[XARELTO] Worldwide | 2,633 | 2,373 | 2,365 | 11.0 | 0.3","Worldwide row under the product heading; row prints 2025, 2024, 2023; value is 2025",,
JNJ,Zytiga,2011,301,USD,worldwide,0000200406-14-000033,10-K,"ZYTIGA ® | 1,698 | 961 | 301 | 76.7 | **","row prints 2013, 2012, 2011; value is 2011",,
JNJ,Zytiga,2012,961,USD,worldwide,0000200406-15-000004,10-K,"ZYTIGA ® | 2,237 | 1,698 | 961 | 31.7 | 76.7","row prints 2014, 2013, 2012; value is 2012",,
JNJ,Zytiga,2013,1698,USD,worldwide,0000200406-16-000071,10-K,"ZYTIGA ® | 2,231 | 2,237 | 1,698 | (0.3) | 31.7","row prints 2015, 2014, 2013; value is 2013",,
JNJ,Zytiga,2014,2237,USD,worldwide,0000200406-17-000006,10-K,"ZYTIGA ® | 2,260 | 2,231 | 2,237 | 1.3 | (0.3)","row prints 2016, 2015, 2014; value is 2014",,
JNJ,Zytiga,2015,2231,USD,worldwide,0000200406-18-000005,10-K,"ZYTIGA ® | 2,505 | 2,260 | 2,231 | 10.8 | 1.3","row prints 2017, 2016, 2015; value is 2015",,
JNJ,Zytiga,2016,2260,USD,worldwide (row labelled ZYTIGA/abiraterone acetate from FY2018 10-K),0000200406-19-000009,10-K,"[ZYTIGA ® / abiraterone acetate] Worldwide | 3,498 | 2,505 | 2,260 | 39.6 | 10.8","Worldwide row under the product heading; row prints 2018, 2017, 2016; value is 2016",,
JNJ,Zytiga,2017,2505,USD,worldwide (row labelled ZYTIGA/abiraterone acetate from FY2018 10-K),0000200406-20-000010,10-K,"[ZYTIGA ® / abiraterone acetate] Worldwide | 2,795 | 3,498 | 2,505 | (20.1) | 39.6","Worldwide row under the product heading; row prints 2019, 2018, 2017; value is 2017",,
JNJ,Zytiga,2018,3498,USD,worldwide (row labelled ZYTIGA/abiraterone acetate from FY2018 10-K),0000200406-21-000008,10-K,"[ZYTIGA ® / abiraterone acetate] Worldwide | 2,470 | 2,795 | 3,498 | ( 11.6 ) | ( 20.1 ) | | 77","Worldwide row under the product heading; row prints 2020, 2019, 2018; value is 2018",,
JNJ,Zytiga,2019,2795,USD,worldwide (row labelled ZYTIGA/abiraterone acetate from FY2018 10-K),0000200406-22-000022,10-K,"[ZYTIGA ® / abiraterone acetate] Worldwide | 2,297 | 2,470 | 2,795 | ( 7.0 ) | ( 11.6 )","Worldwide row under the product heading; row prints 2021, 2020, 2019; value is 2019",,
JNJ,Zytiga,2020,2470,USD,worldwide (row labelled ZYTIGA/abiraterone acetate from FY2018 10-K),0000200406-23-000016,10-K,"[ZYTIGA / abiraterone acetate] Worldwide | 1,770 | 2,297 | 2,470 | ( 22.9 ) | ( 7.0 )","Worldwide row under the product heading; row prints 2022, 2021, 2020; value is 2020",,
JNJ,Zytiga,2021,2297,USD,worldwide (row labelled ZYTIGA/abiraterone acetate from FY2018 10-K),0000200406-24-000013,10-K,"[ZYTIGA /abiraterone acetate] Worldwide | 887 | 1,770 | 2,297 | ( 49.9 ) | ( 22.9 )","Worldwide row under the product heading; row prints 2023, 2022, 2021; value is 2021",,
JNJ,Zytiga,2022,1770,USD,worldwide (row labelled ZYTIGA/abiraterone acetate from FY2018 10-K),0000200406-25-000038,10-K,"[ZYTIGA /abiraterone acetate] Worldwide | 631 | 887 | 1,770 | ( 28.8 ) | ( 49.9 )","Worldwide row under the product heading; row prints 2024, 2023, 2022; value is 2022",,
JNJ,Zytiga,2023,887,USD,worldwide (row labelled ZYTIGA/abiraterone acetate from FY2018 10-K),0000200406-26-000016,10-K,[ZYTIGA /abiraterone acetate] Worldwide | 502 | 631 | 887 | ( 20.4 ) | ( 28.8 ),"Worldwide row under the product heading; row prints 2025, 2024, 2023; value is 2023",,
JNJ,Zytiga,2024,631,USD,worldwide (row labelled ZYTIGA/abiraterone acetate from FY2018 10-K),0000200406-26-000016,10-K,[ZYTIGA /abiraterone acetate] Worldwide | 502 | 631 | 887 | ( 20.4 ) | ( 28.8 ),"Worldwide row under the product heading; row prints 2025, 2024, 2023; value is 2024",,
JNJ,Zytiga,2025,502,USD,worldwide (row labelled ZYTIGA/abiraterone acetate from FY2018 10-K),0000200406-26-000016,10-K,[ZYTIGA /abiraterone acetate] Worldwide | 502 | 631 | 887 | ( 20.4 ) | ( 28.8 ),"Worldwide row under the product heading; row prints 2025, 2024, 2023; value is 2025",,
LLY,Alimta,2004,142.6,USD,worldwide,0000950137-07-003013,10-K,Alimta | 296.3 | 166.9 | 463.2 | 142.6 | NM,"row prints 2005 U.S., outside U.S., total, then 2004 total, % change; value is 2004 total",,
LLY,Alimta,2005,463.2,USD,worldwide,0000950137-08-003028,10-K,Alimta | 350.1 | 261.7 | 611.8 | 463.2 | 32,"row prints 2006 U.S., outside U.S., total, then 2005 total, % change; value is 2005 total",,
LLY,Alimta,2006,611.8,USD,worldwide,0000950152-09-001897,10-K,Alimta | 448.0 | 406.0 | 854.0 | 611.8 | 40,"row prints 2007 U.S., outside U.S., total, then 2006 total, % change; value is 2006 total",,
LLY,Alimta,2007,854.0,USD,worldwide,0000950123-10-014958,10-K,"Alimta | 561.9 | 592.8 | 1,154.7 | 854.0 | 35","row prints 2008 U.S., outside U.S., total, then 2007 total, % change; value is 2007 total",,
LLY,Alimta,2008,1154.7,USD,worldwide,0001193125-11-041620,10-K,"Alimta | 815.6 | 890.4 | 1,706.0 | 1,154.7 | 48","row prints 2009 U.S., outside U.S., total, then 2008 total, % change; value is 2008 total",,
LLY,Alimta,2009,1706.0,USD,worldwide,0001193125-12-078393,10-K,"Alimta | 957.1 | 1,251.5 | 2,208.6 | 1,706.0 | 29","row prints 2010 U.S., outside U.S., total, then 2009 total, % change; value is 2009 total",,
LLY,Alimta,2010,2208.6,USD,worldwide,0000059478-13-000007,10-K,"Alimta | 994.6 | 1,466.5 | 2,461.1 | 2,208.6 | 11","row prints 2011 U.S., outside U.S., total, then 2010 total, % change; value is 2010 total",,
LLY,Alimta,2011,2461.1,USD,worldwide,0000059478-14-000078,10-K,"Alimta | 1,122.4 | 1,471.9 | 2,594.3 | 2,461.1 | 5","row prints 2012 U.S., outside U.S., total, then 2011 total, % change; value is 2011 total",,
LLY,Alimta,2012,2594.3,USD,worldwide,0000059478-15-000100,10-K,"Alimta | 2,792.0 | 2,703.0 | 2,594.3","row prints 2014, 2013, 2012; value is 2012",,
LLY,Alimta,2013,2703.0,USD,worldwide,0000059478-16-000321,10-K,"Alimta | 2,493.1 | 2,792.0 | 2,703.0","row prints 2015, 2014, 2013; value is 2013",,
LLY,Alimta,2014,2792.0,USD,worldwide,0000059478-17-000098,10-K,"Alimta | 2,283.3 | 2,493.1 | 2,792.0","row prints 2016, 2015, 2014; value is 2014",,
LLY,Alimta,2015,2493.1,USD,worldwide,0000059478-18-000089,10-K,"Alimta | 2,062.5 | 2,283.3 | 2,493.1","row prints 2017, 2016, 2015; value is 2015",,
LLY,Alimta,2016,2283.3,USD,worldwide,0000059478-19-000082,10-K,"Alimta | 1,034.3 | 1,028.2 | 2,062.5 | 2,283.3 | (10)","row prints 2017 U.S., outside U.S., total, then 2016 total, % change; value is 2016 total",,
LLY,Alimta,2017,2062.5,USD,worldwide,0000059478-20-000057,10-K,"Alimta | 1,131.0 | 1,001.9 | 2,132.9 | 2,062.5 | 3","row prints 2018 U.S., outside U.S., total, then 2017 total, % change; value is 2017 total",,
LLY,Alimta,2018,2132.9,USD,worldwide,0000059478-20-000057,10-K,"Alimta | 1,131.0 | 1,001.9 | 2,132.9 | 2,062.5 | 3","row prints 2018 U.S., outside U.S., total, then 2017 total, % change; value is 2018 total",,
LLY,Alimta,2019,2115.8,USD,worldwide,0000059478-21-000083,10-K,"Alimta | 1,265.3 | 1,064.7 | 2,329.9 | 2,115.8 | 10","row prints 2020 U.S., outside U.S., total, then 2019 total, % change; value is 2019 total",,
LLY,Alimta,2020,2329.9,USD,worldwide,0000059478-22-000068,10-K,"Alimta | 1,233.9 | 827.5 | 2,061.4 | 2,329.9 | (12)","row prints 2021 U.S., outside U.S., total, then 2020 total, % change; value is 2020 total",,
LLY,Alimta,2021,2061.4,USD,worldwide,0000059478-23-000082,10-K,"Alimta | 543.7 | 384.0 | 927.7 | 2,061.4 | (55)","row prints 2022 U.S., outside U.S., total, then 2021 total, % change; value is 2021 total",,
LLY,Alimta,2022,927.7,USD,worldwide,0000059478-24-000065,10-K,Alimta | 72.9 | 144.6 | 217.5 | 927.7 | (77),"row prints 2023 U.S., outside U.S., total, then 2022 total, % change; value is 2022 total",,
LLY,Cialis,2003,203.3,USD,worldwide incl. Lilly ICOS JV territories,0000950137-04-001857,10-K,Cialis had total sales of $203.3 million in 2003.,"launch year, outside requested span (starts 2004); of the total, 73.5 were Lilly-territory sales in Lilly net sales and the rest Lilly ICOS LLC JV sales outside Lilly revenue",,
LLY,Cialis,2004,552.3,USD,worldwide incl. Lilly ICOS JV territories,0000950137-06-002395,10-K,"(2) Cialis had worldwide 2004 sales of $552.3 million, an increase of 172 percent compared with 2003.",table footnote; Lilly net sales (own territories) were 130.6 and JV-territory sales 421.7 were outside Lilly revenue; basis differs from 2008+ rows,,
LLY,Cialis,2005,746.6,USD,worldwide incl. Lilly ICOS JV territories,0000950137-07-003013,10-K,"Cialis had worldwide 2005 sales of $746.6 million, representing an increase of 35 percent compared with 2004.",table footnote; Lilly net sales (own territories) were 169.9 and JV-territory sales 576.7 were outside Lilly revenue; basis differs from 2008+ rows,,
LLY,Cialis,2006,971.0,USD,worldwide incl. Lilly ICOS JV territories,0000950152-09-001897,10-K,"Total worldwide sales of Cialis were $1.22 billion and $971.0 million during 2007 and 2006, respectively.",Lilly net sales (own territories) were 215.8 per the FY2008 10-K table; basis differs from 2008+ rows,,
LLY,Cialis,2007,1220.0,USD,worldwide incl. Lilly ICOS JV territories (Jan 2007),0000950152-09-001897,10-K,"Total worldwide sales of Cialis were $1.22 billion and $971.0 million during 2007 and 2006, respectively.","printed rounded to $10M; includes 72.7 of JV-territory sales before the 29 Jan 2007 ICOS acquisition (FY2007 10-K); Lilly revenue table value for 2007 is 1,143.8 (FY2009 10-K), all sales consolidated from the acquisition onward",,
LLY,Cialis,2008,1444.5,USD,worldwide,0001193125-11-041620,10-K,"Cialis | 623.3 | 935.8 | 1,559.1 | 1,444.5 | 8","row prints 2009 U.S., outside U.S., total, then 2008 total, % change; value is 2008 total",,
LLY,Cialis,2009,1559.1,USD,worldwide,0001193125-12-078393,10-K,"Cialis | 658.1 | 1,041.4 | 1,699.4 | 1,559.1 | 9","row prints 2010 U.S., outside U.S., total, then 2009 total, % change; value is 2009 total",,
LLY,Cialis,2010,1699.4,USD,worldwide,0000059478-13-000007,10-K,"Cialis | 704.5 | 1,171.1 | 1,875.6 | 1,699.4 | 10","row prints 2011 U.S., outside U.S., total, then 2010 total, % change; value is 2010 total",,
LLY,Cialis,2011,1875.6,USD,worldwide,0000059478-14-000078,10-K,"Cialis | 782.2 | 1,144.6 | 1,926.8 | 1,875.6 | 3","row prints 2012 U.S., outside U.S., total, then 2011 total, % change; value is 2011 total",,
LLY,Cialis,2012,1926.8,USD,worldwide,0000059478-15-000100,10-K,"Cialis ® | 2,291.0 | 2,159.4 | 1,926.8","row prints 2014, 2013, 2012; value is 2012",,
LLY,Cialis,2013,2159.4,USD,worldwide,0000059478-16-000321,10-K,"Cialis ® | 2,310.7 | 2,291.0 | 2,159.4","row prints 2015, 2014, 2013; value is 2013",,
LLY,Cialis,2014,2291.0,USD,worldwide,0000059478-17-000098,10-K,"Cialis | 2,471.6 | 2,310.7 | 2,291.0","row prints 2016, 2015, 2014; value is 2014",,
LLY,Cialis,2015,2310.7,USD,worldwide,0000059478-18-000089,10-K,"Cialis | 2,323.1 | 2,471.6 | 2,310.7","row prints 2017, 2016, 2015; value is 2015",,
LLY,Cialis,2016,2471.6,USD,worldwide,0000059478-19-000082,10-K,"Cialis | 1,358.6 | 964.5 | 2,323.1 | 2,471.6 | (6)","row prints 2017 U.S., outside U.S., total, then 2016 total, % change; value is 2016 total",,
LLY,Cialis,2017,2323.1,USD,worldwide,0000059478-20-000057,10-K,"Cialis | 1,129.2 | 722.7 | 1,851.8 | 2,323.1 | (20)","row prints 2018 U.S., outside U.S., total, then 2017 total, % change; value is 2017 total",,
LLY,Cialis,2018,1851.8,USD,worldwide,0000059478-20-000057,10-K,"Cialis | 1,129.2 | 722.7 | 1,851.8 | 2,323.1 | (20)","row prints 2018 U.S., outside U.S., total, then 2017 total, % change; value is 2018 total",,
LLY,Cialis,2019,890.5,USD,worldwide,0000059478-21-000083,10-K,Cialis ® | 61.8 | 545.4 | 607.1 | 890.5 | (32),"row prints 2020 U.S., outside U.S., total, then 2019 total, % change; value is 2019 total",,
LLY,Cymbalta,2004,93.9,USD,worldwide,0000950137-07-003013,10-K,Cymbalta | 636.2 | 43.5 | 679.7 | 93.9 | NM,"row prints 2005 U.S., outside U.S., total, then 2004 total, % change; value is 2004 total",,
LLY,Cymbalta,2005,679.7,USD,worldwide,0000950137-08-003028,10-K,"Cymbalta | 1,158.7 | 157.7 | 1,316.4 | 679.7 | 94","row prints 2006 U.S., outside U.S., total, then 2005 total, % change; value is 2005 total",,
LLY,Cymbalta,2006,1316.4,USD,worldwide,0000950152-09-001897,10-K,"Cymbalta | 1,835.6 | 267.3 | 2,102.9 | 1,316.4 | 60","row prints 2007 U.S., outside U.S., total, then 2006 total, % change; value is 2006 total",,
LLY,Cymbalta,2007,2102.9,USD,worldwide,0000950123-10-014958,10-K,"Cymbalta | 2,253.8 | 443.3 | 2,697.1 | 2,102.9 | 28","row prints 2008 U.S., outside U.S., total, then 2007 total, % change; value is 2007 total",,
LLY,Cymbalta,2008,2697.1,USD,worldwide,0001193125-11-041620,10-K,"Cymbalta | 2,551.8 | 523.0 | 3,074.7 | 2,697.1 | 14","row prints 2009 U.S., outside U.S., total, then 2008 total, % change; value is 2008 total",,
LLY,Cymbalta,2009,3074.7,USD,worldwide,0001193125-12-078393,10-K,"Cymbalta | 2,772.0 | 687.2 | 3,459.2 | 3,074.7 | 13","row prints 2010 U.S., outside U.S., total, then 2009 total, % change; value is 2009 total",,
LLY,Cymbalta,2010,3459.2,USD,worldwide,0000059478-13-000007,10-K,"Cymbalta | 3,173.4 | 988.4 | 4,161.8 | 3,459.2 | 20","row prints 2011 U.S., outside U.S., total, then 2010 total, % change; value is 2010 total",,
LLY,Cymbalta,2011,4161.8,USD,worldwide,0000059478-14-000078,10-K,"Cymbalta | 3,917.8 | 1,076.3 | 4,994.1 | 4,161.8 | 20","row prints 2012 U.S., outside U.S., total, then 2011 total, % change; value is 2011 total",,
LLY,Cymbalta,2012,4994.1,USD,worldwide,0000059478-15-000100,10-K,"Cymbalta | 1,614.7 | 5,084.4 | 4,994.1","row prints 2014, 2013, 2012; value is 2012",,
LLY,Cymbalta,2013,5084.4,USD,worldwide,0000059478-16-000321,10-K,"Cymbalta | 1,027.6 | 1,614.7 | 5,084.4","row prints 2015, 2014, 2013; value is 2013",,
LLY,Cymbalta,2014,1614.7,USD,worldwide,0000059478-17-000098,10-K,"Cymbalta (1) | 930.5 | 1,027.6 | 1,614.7","row prints 2016, 2015, 2014; value is 2014",,
LLY,Cymbalta,2015,1027.6,USD,worldwide,0000059478-18-000089,10-K,"Cymbalta (1) | 757.2 | 930.5 | 1,027.6","row prints 2017, 2016, 2015; value is 2015",,
LLY,Cymbalta,2016,930.5,USD,worldwide,0000059478-19-000082,10-K,Cymbalta | 114.9 | 642.2 | 757.2 | 930.5 | (19),"row prints 2017 U.S., outside U.S., total, then 2016 total, % change; value is 2016 total; FY2016/FY2017 10-K footnote: 2016 revenue benefited from about $175 million of reductions to the product returns reserve",,
LLY,Humalog,1998,129.6,USD,worldwide,0000950131-00-002201,10-K,"Worldwide Humalog sales were $129.6 million, representing an increase of 91 percent, or $61.9 million, over 1997.","1998 results section of FY1999 annual report (Exhibit 13); outside requested span (starts 2000), included as an earlier growth year",,
LLY,Humalog,1999,224.5,USD,worldwide,0000950131-01-001634,10-K,"Worldwide Humalog sales were $224.5 million, representing an increase of 73 percent.","1999 results section of FY2000 annual report (Exhibit 13); outside requested span (starts 2000), included as an earlier growth year",,
LLY,Humalog,2000,350.2,USD,worldwide,0000950137-02-001754,10-K405,"Humalog had worldwide sales of $350.2 million, representing an increase of 56 percent.",2000 results section of FY2001 annual report (Exhibit 13); FY2000 graph appendix also prints 350.2,,
LLY,Humalog,2001,627.8,USD,worldwide,0000950137-03-001575,10-K,"Humalog had worldwide sales of $627.8 million, representing an increase of 79 percent.",2001 results section of FY2002 annual report (Exhibit 13); FY2001 graph appendix rounds it to 628,,
LLY,Humalog,2002,834.2,USD,worldwide,0000950134-05-004385,10-K,"Humalog | 662.7 | 358.6 | 1,021.3 | 834.2 | 22","row prints 2003 U.S., outside U.S., total, then 2002 total, % change; value is 2002 total",,
LLY,Humalog,2003,1021.3,USD,worldwide,0000950137-06-002395,10-K,"Humalog | 685.4 | 416.2 | 1,101.6 | 1,021.3 | 8","row prints 2004 U.S., outside U.S., total, then 2003 total, % change; value is 2003 total",,
LLY,Humalog,2004,1101.6,USD,worldwide,0000950137-07-003013,10-K,"Humalog | 739.6 | 458.1 | 1,197.7 | 1,101.6 | 9","row prints 2005 U.S., outside U.S., total, then 2004 total, % change; value is 2004 total",,
LLY,Humalog,2005,1197.7,USD,worldwide,0000950137-08-003028,10-K,"Humalog | 811.0 | 488.5 | 1,299.5 | 1,197.7 | 9","row prints 2006 U.S., outside U.S., total, then 2005 total, % change; value is 2005 total",,
LLY,Humalog,2006,1299.5,USD,worldwide,0000950152-09-001897,10-K,"Humalog | 888.0 | 586.6 | 1,474.6 | 1,299.5 | 13","row prints 2007 U.S., outside U.S., total, then 2006 total, % change; value is 2006 total",,
LLY,Humalog,2007,1474.6,USD,worldwide,0000950123-10-014958,10-K,"Humalog | 1,008.4 | 727.4 | 1,735.8 | 1,474.6 | 18","row prints 2008 U.S., outside U.S., total, then 2007 total, % change; value is 2007 total",,
LLY,Humalog,2008,1735.8,USD,worldwide,0001193125-11-041620,10-K,"Humalog | 1,208.4 | 750.6 | 1,959.0 | 1,735.8 | 13","row prints 2009 U.S., outside U.S., total, then 2008 total, % change; value is 2008 total",,
LLY,Humalog,2009,1959.0,USD,worldwide,0001193125-12-078393,10-K,"Humalog | 1,222.4 | 831.8 | 2,054.2 | 1,959.0 | 5","row prints 2010 U.S., outside U.S., total, then 2009 total, % change; value is 2009 total",,
LLY,Humalog,2010,2054.2,USD,worldwide,0000059478-13-000007,10-K,"Humalog | 1,398.9 | 968.7 | 2,367.6 | 2,054.2 | 15","row prints 2011 U.S., outside U.S., total, then 2010 total, % change; value is 2010 total",,
LLY,Humalog,2011,2367.6,USD,worldwide,0000059478-14-000078,10-K,"Humalog | 1,370.9 | 1,024.6 | 2,395.5 | 2,367.6 | 1","row prints 2012 U.S., outside U.S., total, then 2011 total, % change; value is 2011 total",,
LLY,Humalog,2012,2395.5,USD,worldwide,0000059478-15-000100,10-K,"Humalog ® | 2,785.2 | 2,611.2 | 2,395.5","row prints 2014, 2013, 2012; value is 2012",,
LLY,Humalog,2013,2611.2,USD,worldwide,0000059478-16-000321,10-K,"Humalog ® | 2,841.9 | 2,785.2 | 2,611.2","row prints 2015, 2014, 2013; value is 2013",,
LLY,Humalog,2014,2785.2,USD,worldwide,0000059478-17-000098,10-K,"Humalog ® | 2,768.8 | 2,841.9 | 2,785.2","row prints 2016, 2015, 2014; value is 2014",,
LLY,Humalog,2015,2841.9,USD,worldwide,0000059478-18-000089,10-K,"Humalog ® | 2,865.2 | 2,768.8 | 2,841.9","row prints 2017, 2016, 2015; value is 2015",,
LLY,Humalog,2016,2768.8,USD,worldwide,0000059478-19-000082,10-K,"Humalog | 1,717.8 | 1,147.4 | 2,865.2 | 2,768.8 | 3","row prints 2017 U.S., outside U.S., total, then 2016 total, % change; value is 2016 total",,
LLY,Humalog,2017,2865.2,USD,worldwide,0000059478-20-000057,10-K,"Humalog | 1,787.8 | 1,208.7 | 2,996.5 | 2,865.2 | 5","row prints 2018 U.S., outside U.S., total, then 2017 total, % change; value is 2017 total",,
LLY,Humalog,2018,2996.5,USD,worldwide,0000059478-20-000057,10-K,"Humalog | 1,787.8 | 1,208.7 | 2,996.5 | 2,865.2 | 5","row prints 2018 U.S., outside U.S., total, then 2017 total, % change; value is 2018 total",,
LLY,Humalog,2019,2820.7,USD,worldwide incl. insulin lispro,0000059478-21-000083,10-K,"Humalog (1) | 1,485.6 | 1,140.3 | 2,625.9 | 2,820.7 | (7)","Basis break: includes insulin lispro, the lower-priced version, from 2019. row prints 2020 U.S., outside U.S., total, then 2019 total, % change; value is 2019 total; footnote: Humalog revenue includes insulin lispro",1,
LLY,Humalog,2020,2625.9,USD,worldwide incl. insulin lispro,0000059478-22-000068,10-K,"Humalog (1) | 1,320.7 | 1,132.3 | 2,453.0 | 2,625.9 | (7)","row prints 2021 U.S., outside U.S., total, then 2020 total, % change; value is 2020 total; footnote: Humalog revenue includes insulin lispro",,
LLY,Humalog,2021,2453.0,USD,worldwide incl. insulin lispro,0000059478-23-000082,10-K,"Humalog (2) | 1,191.9 | 868.7 | 2,060.6 | 2,453.0 | (16)","row prints 2022 U.S., outside U.S., total, then 2021 total, % change; value is 2021 total; footnote: Humalog revenue includes insulin lispro",,
LLY,Humalog,2022,2060.6,USD,worldwide incl. insulin lispro,0000059478-24-000065,10-K,"Humalog (3) | 863.2 | 800.2 | 1,663.3 | 2,060.6 | (19)","row prints 2023 U.S., outside U.S., total, then 2022 total, % change; value is 2022 total; footnote: Humalog revenue includes insulin lispro",,
LLY,Humalog,2023,1663.3,USD,worldwide incl. insulin lispro,0000059478-25-000067,10-K,"Humalog (2) | 1,502.6 | 822.2 | 2,324.8 | 1,663.3 | 40","row prints 2024 U.S., outside U.S., total, then 2023 total, % change; value is 2023 total; footnote: Humalog revenue includes insulin lispro",,
LLY,Humalog,2024,2324.8,USD,worldwide incl. insulin lispro,0000059478-25-000067,10-K,"Humalog (2) | 1,502.6 | 822.2 | 2,324.8 | 1,663.3 | 40","row prints 2024 U.S., outside U.S., total, then 2023 total, % change; value is 2024 total; footnote: Humalog revenue includes insulin lispro",,
LLY,Trulicity,2014,10.2,USD,worldwide,0000059478-17-000098,10-K,Trulicity ® | 925.5 | 248.7 | 10.2,"row prints 2016, 2015, 2014; value is 2014; launch-year value, outside requested span, included for growth measurement",,
LLY,Trulicity,2015,248.7,USD,worldwide,0000059478-18-000089,10-K,"Trulicity ® | 2,029.8 | 925.5 | 248.7","row prints 2017, 2016, 2015; value is 2015",,
LLY,Trulicity,2016,925.5,USD,worldwide,0000059478-19-000082,10-K,"Trulicity | 1,609.8 | 419.9 | 2,029.8 | 925.5 | NM","row prints 2017 U.S., outside U.S., total, then 2016 total, % change; value is 2016 total",,
LLY,Trulicity,2017,2029.8,USD,worldwide,0000059478-20-000057,10-K,"Trulicity | 2,515.8 | 683.3 | 3,199.1 | 2,029.8 | 58","row prints 2018 U.S., outside U.S., total, then 2017 total, % change; value is 2017 total",,
LLY,Trulicity,2018,3199.1,USD,worldwide,0000059478-20-000057,10-K,"Trulicity | 2,515.8 | 683.3 | 3,199.1 | 2,029.8 | 58","row prints 2018 U.S., outside U.S., total, then 2017 total, % change; value is 2018 total",,
LLY,Trulicity,2019,4127.8,USD,worldwide,0000059478-21-000083,10-K,"Trulicity | 3,835.9 | 1,232.2 | 5,068.1 | 4,127.8 | 23","row prints 2020 U.S., outside U.S., total, then 2019 total, % change; value is 2019 total",,
LLY,Trulicity,2020,5068.1,USD,worldwide,0000059478-22-000068,10-K,"Trulicity | 4,914.4 | 1,557.6 | 6,471.9 | 5,068.1 | 28","row prints 2021 U.S., outside U.S., total, then 2020 total, % change; value is 2020 total",,
LLY,Trulicity,2021,6471.9,USD,worldwide,0000059478-23-000082,10-K,"Trulicity | 5,688.8 | 1,750.9 | 7,439.7 | 6,471.9 | 15","row prints 2022 U.S., outside U.S., total, then 2021 total, % change; value is 2021 total",,
LLY,Trulicity,2022,7439.7,USD,worldwide,0000059478-24-000065,10-K,"Trulicity | 5,433.3 | 1,699.2 | 7,132.6 | 7,439.7 | (4)","row prints 2023 U.S., outside U.S., total, then 2022 total, % change; value is 2022 total",,
LLY,Trulicity,2023,7132.6,USD,worldwide,0000059478-25-000067,10-K,"Trulicity | 3,693.8 | 1,559.7 | 5,253.5 | 7,132.6 | (26)","row prints 2024 U.S., outside U.S., total, then 2023 total, % change; value is 2023 total",,
LLY,Trulicity,2024,5253.5,USD,worldwide,0000059478-25-000067,10-K,"Trulicity | 3,693.8 | 1,559.7 | 5,253.5 | 7,132.6 | (26)","row prints 2024 U.S., outside U.S., total, then 2023 total, % change; value is 2024 total",,
LLY,Trulicity,2025,4276.0,USD,worldwide,0000059478-26-000013,10-K,"Trulicity | 2,914 | 3,694 | 5,433 | 1,362 | 1,560 | 1,699 | | Trulicity | 2,914 | 3,694 | 5,433 | 1,362 | 1,560 | 1,699 |","Sum of the printed U.S. and outside U.S. rows; the FY2025 10-K prints no worldwide total. FY2025 10-K prints no worldwide Trulicity total (MD&A table lists only Mounjaro, Zepbound, Verzenio); row prints U.S. 2025, 2024, 2023 then outside U.S. 2025, 2024, 2023, rounded to whole millions; no sum taken",,
LLY,Zyprexa,1997,730.2,USD,worldwide,0000950117-98-000598,10-K,Zyprexa  730.2  740%,"Appendix to Exhibit 13, graph data converted to table (Graph #2 Net Sales); value is 1997",,
LLY,Zyprexa,1998,1442.7,USD,worldwide,0000950131-99-001772,10-K,"Zyprexa  1,442.7  98%",Appendix to Exhibit 13 (Graph #3 Net Sales); value is 1998; FY1999 10-K narrative rounds it to $1.44 billion,,
LLY,Zyprexa,1999,1885.0,USD,worldwide,0000950131-00-002201,10-K,"Zyprexa  1,885.0  31%",Appendix to Exhibit 13 (Graph #2 Net Sales); value is 1999; FY2000 10-K narrative rounds it to $1.89 billion,,
LLY,Zyprexa,2000,2349.5,USD,worldwide,0000950134-05-004385,10-K,"Zyprexa | 2,349.5 | 3,086.6 | 3,688.9 | 4,276.9 | 4,419.8",Appendix graph row prints 2000 to 2004; value is 2000,,
LLY,Zyprexa,2001,3086.6,USD,worldwide,0000950134-05-004385,10-K,"Zyprexa | 2,349.5 | 3,086.6 | 3,688.9 | 4,276.9 | 4,419.8",Appendix graph row prints 2000 to 2004; value is 2001,,
LLY,Zyprexa,2002,3688.9,USD,worldwide,0000950134-05-004385,10-K,"Zyprexa | 2,645.5 | 1,631.4 | 4,276.9 | 3,688.9 | 16","row prints 2003 U.S., outside U.S., total, then 2002 total, % change; value is 2002 total",,
LLY,Zyprexa,2003,4276.9,USD,worldwide,0000950137-06-002395,10-K,"Zyprexa | 2,422.2 | 1,997.6 | 4,419.8 | 4,276.9 | 3","row prints 2004 U.S., outside U.S., total, then 2003 total, % change; value is 2003 total",,
LLY,Zyprexa,2004,4419.8,USD,worldwide,0000950137-07-003013,10-K,"Zyprexa | 2,034.9 | 2,167.4 | 4,202.3 | $ 4,419.8 | (5)","row prints 2005 U.S., outside U.S., total, then 2004 total, % change; value is 2004 total",,
LLY,Zyprexa,2005,4202.3,USD,worldwide,0000950137-08-003028,10-K,"Zyprexa | 2,106.2 | 2,257.4 | 4,363.6 | 4,202.3 | 4","row prints 2006 U.S., outside U.S., total, then 2005 total, % change; value is 2005 total",,
LLY,Zyprexa,2006,4363.6,USD,worldwide,0000950152-09-001897,10-K,"Zyprexa | 2,236.0 | 2,525.0 | 4,761.0 | 4,363.6 | 9","row prints 2007 U.S., outside U.S., total, then 2006 total, % change; value is 2006 total",,
LLY,Zyprexa,2007,4761.0,USD,worldwide,0000950123-10-014958,10-K,"Zyprexa | 2,202.5 | 2,493.6 | 4,696.1 | 4,761.0 | (1)","row prints 2008 U.S., outside U.S., total, then 2007 total, % change; value is 2007 total",,
LLY,Zyprexa,2008,4696.1,USD,worldwide,0001193125-11-041620,10-K,"Zyprexa | 2,331.7 | 2,583.9 | 4,915.7 | 4,696.1 | 5","row prints 2009 U.S., outside U.S., total, then 2008 total, % change; value is 2008 total",,
LLY,Zyprexa,2009,4915.7,USD,worldwide,0001193125-12-078393,10-K,"Zyprexa | 2,495.5 | 2,530.9 | 5,026.4 | 4,915.7 | 2","row prints 2010 U.S., outside U.S., total, then 2009 total, % change; value is 2009 total",,
LLY,Zyprexa,2010,5026.4,USD,worldwide,0000059478-13-000007,10-K,"Zyprexa | 2,165.3 | 2,456.7 | 4,622.0 | 5,026.4 | (8)","row prints 2011 U.S., outside U.S., total, then 2010 total, % change; value is 2010 total",,
LLY,Zyprexa,2011,4622.0,USD,worldwide,0000059478-14-000078,10-K,"Zyprexa | 360.4 | 1,341.0 | 1,701.4 | 4,622.0 | (63)","row prints 2012 U.S., outside U.S., total, then 2011 total, % change; value is 2011 total",,
LLY,Zyprexa,2012,1701.4,USD,worldwide,0000059478-15-000100,10-K,"Zyprexa ® | 1,037.3 | 1,194.8 | 1,701.4","row prints 2014, 2013, 2012; value is 2012",,
LLY,Zyprexa,2013,1194.8,USD,worldwide,0000059478-16-000321,10-K,"Zyprexa ® | 940.3 | 1,037.3 | 1,194.8","row prints 2015, 2014, 2013; value is 2013",,
LLY,Zyprexa,2014,1037.3,USD,worldwide,0000059478-17-000098,10-K,"Zyprexa | 725.3 | 940.3 | 1,037.3","row prints 2016, 2015, 2014; value is 2014",,
LLY,Zyprexa,2015,940.3,USD,worldwide,0000059478-18-000089,10-K,Zyprexa | 581.2 | 725.3 | 940.3,"row prints 2017, 2016, 2015; value is 2015",,
MRK,Gardasil/Gardasil 9,2006,234.8,USD,worldwide,0000950123-09-003688,10-K,"Gardasil | 1,402.8 | 1,480.6 | 234.8","row value columns: 2008 | 2007 | 2006; filed by legacy Merck & Co., Inc. (CIK 64978) before the Nov 2009 Schering-Plough merger; earliest year with a value in any 10-K table (earlier column shows — or the product is absent); Merck sales only; excludes European sales by the Sanofi Pasteur MSD joint venture (equity method, printed in a separate table); row labelled Gardasil",,
MRK,Gardasil/Gardasil 9,2007,1480.6,USD,worldwide,0000950123-10-018679,10-K,"Gardasil | 1,118.4 | 1,402.8 | 1,480.6","row value columns: 2009 | 2008 | 2007; Merck sales only; excludes European sales by the Sanofi Pasteur MSD joint venture (equity method, printed in a separate table); row labelled Gardasil",,
MRK,Gardasil/Gardasil 9,2008,1403,USD,worldwide,0000950123-11-019286,10-K,"Gardasil | 988 | 1,118 | 1,403","row value columns: 2010 | 2009 | 2008; Merck sales only; excludes European sales by the Sanofi Pasteur MSD joint venture (equity method, printed in a separate table); row labelled Gardasil; other printings within 1 (rounding or minor revision): 1,402.8 in the 2008 10-K, 1,402.8 in the 2009 10-K",,
MRK,Gardasil/Gardasil 9,2009,1118,USD,worldwide,0001193125-12-084319,10-K,"Gardasil | 1,209 | 988 | 1,118","row value columns: 2011 | 2010 | 2009; Merck sales only; excludes European sales by the Sanofi Pasteur MSD joint venture (equity method, printed in a separate table); row labelled Gardasil; other printings within 1 (rounding or minor revision): 1,118.4 in the 2009 10-K",,
MRK,Gardasil/Gardasil 9,2010,988,USD,worldwide,0001193125-13-084618,10-K,"Gardasil | 1,631 | 1,209 | 988","row value columns: 2012 | 2011 | 2010; Merck sales only; excludes European sales by the Sanofi Pasteur MSD joint venture (equity method, printed in a separate table); row labelled Gardasil",,
MRK,Gardasil/Gardasil 9,2011,1209,USD,worldwide,0000310158-14-000009,10-K,"Gardasil | 1,831 | 1,631 | 1,209","row value columns: 2013 | 2012 | 2011; Merck sales only; excludes European sales by the Sanofi Pasteur MSD joint venture (equity method, printed in a separate table); row labelled Gardasil",,
MRK,Gardasil/Gardasil 9,2012,1631,USD,worldwide,0000310158-15-000005,10-K,"Gardasil | 1,738 | 1,831 | 1,631","row value columns: 2014 | 2013 | 2012; Merck sales only; excludes European sales by the Sanofi Pasteur MSD joint venture (equity method, printed in a separate table); row labelled Gardasil",,
MRK,Gardasil/Gardasil 9,2013,1831,USD,worldwide,0000310158-16-000063,10-K,"Gardasil/Gardasil 9 | 1,908 | 1,738 | 1,831","row value columns: 2015 | 2014 | 2013; Merck sales only; excludes European sales by the Sanofi Pasteur MSD joint venture (equity method, printed in a separate table); row labelled Gardasil",,
MRK,Gardasil/Gardasil 9,2014,1738,USD,worldwide,0000310158-17-000010,10-K,"Gardasil/Gardasil 9 | 2,173 | 1,908 | 1,738","row value columns: 2016 | 2015 | 2014; Merck sales only; excludes European sales by the Sanofi Pasteur MSD joint venture (equity method, printed in a separate table); row labelled Gardasil",,
MRK,Gardasil/Gardasil 9,2015,1908,USD,worldwide,0000310158-18-000005,10-K,"Gardasil/Gardasil 9 | 1,565 | 743 | 2,308 | 1,780 | 393 | 2,173 | 1,520 | 388 | 1,908","row columns: U.S. | Int'l | Total for 2017, 2016, 2015; value is the 2015 Total; Merck sales only; excludes European sales by the Sanofi Pasteur MSD joint venture (equity method, printed in a separate table)",,
MRK,Gardasil/Gardasil 9,2016,2173,USD,worldwide,0000310158-19-000014,10-K,"Gardasil/Gardasil 9 | 1,873 | 1,279 | 3,151 | 1,565 | 743 | 2,308 | 1,780 | 393 | 2,173","row columns: U.S. | Int'l | Total for 2018, 2017, 2016; value is the 2016 Total; Merck sales only; excludes European sales by the Sanofi Pasteur MSD joint venture (equity method, printed in a separate table)",,
MRK,Gardasil/Gardasil 9,2017,2308,USD,worldwide,0000310158-20-000005,10-K,"Gardasil/Gardasil 9 | 1,831 | 1,905 | 3,737 | 1,873 | 1,279 | 3,151 | 1,565 | 743 | 2,308","Basis break: Merck books its former Sanofi joint venture's European sales directly from 2017. row columns: U.S. | Int'l | Total for 2019, 2018, 2017; value is the 2017 Total; basis change: SPMSD joint venture terminated 31 Dec 2016; from 2017 Merck records vaccine sales in former SPMSD European markets",1,
MRK,Gardasil/Gardasil 9,2018,3151,USD,worldwide,0000310158-21-000004,10-K,"Gardasil/Gardasil 9 | 1,755 | 2,184 | 3,938 | 1,831 | 1,905 | 3,737 | 1,873 | 1,279 | 3,151","row columns: U.S. | Int'l | Total for 2020, 2019, 2018; value is the 2018 Total",,
MRK,Gardasil/Gardasil 9,2019,3737,USD,worldwide,0000310158-22-000003,10-K,"Gardasil/Gardasil 9 | 1,881 | 3,792 | 5,673 | 1,755 | 2,184 | 3,938 | 1,831 | 1,905 | 3,737","row columns: U.S. | Int'l | Total for 2021, 2020, 2019; value is the 2019 Total",,
MRK,Gardasil/Gardasil 9,2020,3938,USD,worldwide,0001628280-23-005061,10-K,"Gardasil/Gardasil 9 | 2,065 | 4,832 | 6,897 | 1,881 | 3,792 | 5,673 | 1,755 | 2,184 | 3,938","row columns: U.S. | Int'l | Total for 2022, 2021, 2020; value is the 2020 Total",,
MRK,Gardasil/Gardasil 9,2021,5673,USD,worldwide,0001628280-24-006850,10-K,"Gardasil/Gardasil 9 | 2,083 | 6,803 | 8,886 | 2,065 | 4,832 | 6,897 | 1,881 | 3,792 | 5,673","row columns: U.S. | Int'l | Total for 2023, 2022, 2021; value is the 2021 Total",,
MRK,Gardasil/Gardasil 9,2022,6897,USD,worldwide,0001628280-25-007732,10-K,"Gardasil/Gardasil 9 | 2,425 | 6,158 | 8,583 | 2,083 | 6,803 | 8,886 | 2,065 | 4,832 | 6,897","row columns: U.S. | Int'l | Total for 2024, 2023, 2022; value is the 2022 Total",,
MRK,Gardasil/Gardasil 9,2023,8886,USD,worldwide,0000310158-26-000063,10-K,"Gardasil/Gardasil 9 | 2,641 | 2,592 | 5,233 | 2,425 | 6,158 | 8,583 | 2,083 | 6,803 | 8,886","row columns: U.S. | Int'l | Total for 2025, 2024, 2023; value is the 2023 Total",,
MRK,Gardasil/Gardasil 9,2024,8583,USD,worldwide,0000310158-26-000063,10-K,"Gardasil/Gardasil 9 | 2,641 | 2,592 | 5,233 | 2,425 | 6,158 | 8,583 | 2,083 | 6,803 | 8,886","row columns: U.S. | Int'l | Total for 2025, 2024, 2023; value is the 2024 Total",,
MRK,Gardasil/Gardasil 9,2025,5233,USD,worldwide,0000310158-26-000063,10-K,"Gardasil/Gardasil 9 | 2,641 | 2,592 | 5,233 | 2,425 | 6,158 | 8,583 | 2,083 | 6,803 | 8,886","row columns: U.S. | Int'l | Total for 2025, 2024, 2023; value is the 2025 Total",,
MRK,Isentress/Isentress HD,2007,41.3,USD,worldwide,0000950123-10-018679,10-K,Isentress | 751.8 | 361.1 | 41.3,row value columns: 2009 | 2008 | 2007; earliest year with a value in any 10-K table (earlier column shows — or the product is absent); row labelled Isentress in 10-Ks through 2016; label Isentress/Isentress HD from 2017 10-K with identical overlapping values,,
MRK,Isentress/Isentress HD,2008,361,USD,worldwide,0000950123-11-019286,10-K,"Isentress | 1,090 | 752 | 361","row value columns: 2010 | 2009 | 2008; row labelled Isentress in 10-Ks through 2016; label Isentress/Isentress HD from 2017 10-K with identical overlapping values; other printings within 1 (rounding or minor revision): 361.1 in the 2008 10-K, 361.1 in the 2009 10-K",,
MRK,Isentress/Isentress HD,2009,752,USD,worldwide,0001193125-12-084319,10-K,"Isentress | 1,359 | 1,090 | 752",row value columns: 2011 | 2010 | 2009; row labelled Isentress in 10-Ks through 2016; label Isentress/Isentress HD from 2017 10-K with identical overlapping values; other printings within 1 (rounding or minor revision): 751.8 in the 2009 10-K,,
MRK,Isentress/Isentress HD,2010,1090,USD,worldwide,0001193125-13-084618,10-K,"Isentress | 1,515 | 1,359 | 1,090",row value columns: 2012 | 2011 | 2010; row labelled Isentress in 10-Ks through 2016; label Isentress/Isentress HD from 2017 10-K with identical overlapping values,,
MRK,Isentress/Isentress HD,2011,1359,USD,worldwide,0000310158-14-000009,10-K,"Isentress | 1,643 | 1,515 | 1,359",row value columns: 2013 | 2012 | 2011; row labelled Isentress in 10-Ks through 2016; label Isentress/Isentress HD from 2017 10-K with identical overlapping values,,
MRK,Isentress/Isentress HD,2012,1515,USD,worldwide,0000310158-15-000005,10-K,"Isentress | 1,673 | 1,643 | 1,515",row value columns: 2014 | 2013 | 2012; row labelled Isentress in 10-Ks through 2016; label Isentress/Isentress HD from 2017 10-K with identical overlapping values,,
MRK,Isentress/Isentress HD,2013,1643,USD,worldwide,0000310158-16-000063,10-K,"Isentress | 1,511 | 1,673 | 1,643",row value columns: 2015 | 2014 | 2013; row labelled Isentress in 10-Ks through 2016; label Isentress/Isentress HD from 2017 10-K with identical overlapping values,,
MRK,Isentress/Isentress HD,2014,1673,USD,worldwide,0000310158-17-000010,10-K,"Isentress | 1,387 | 1,511 | 1,673",row value columns: 2016 | 2015 | 2014; row labelled Isentress in 10-Ks through 2016; label Isentress/Isentress HD from 2017 10-K with identical overlapping values,,
MRK,Isentress/Isentress HD,2015,1511,USD,worldwide,0000310158-18-000005,10-K,"Isentress/Isentress HD | 565 | 639 | 1,204 | 721 | 666 | 1,387 | 797 | 714 | 1,511","row columns: U.S. | Int'l | Total for 2017, 2016, 2015; value is the 2015 Total; row labelled Isentress in 10-Ks through 2016; label Isentress/Isentress HD from 2017 10-K with identical overlapping values",,
MRK,Isentress/Isentress HD,2016,1387,USD,worldwide,0000310158-19-000014,10-K,"Isentress/Isentress HD | 513 | 627 | 1,140 | 565 | 639 | 1,204 | 721 | 666 | 1,387","row columns: U.S. | Int'l | Total for 2018, 2017, 2016; value is the 2016 Total; row labelled Isentress in 10-Ks through 2016; label Isentress/Isentress HD from 2017 10-K with identical overlapping values",,
MRK,Isentress/Isentress HD,2017,1204,USD,worldwide,0000310158-20-000005,10-K,"Isentress/Isentress HD | 398 | 576 | 975 | 513 | 627 | 1,140 | 565 | 639 | 1,204","row columns: U.S. | Int'l | Total for 2019, 2018, 2017; value is the 2017 Total",,
MRK,Isentress/Isentress HD,2018,1140,USD,worldwide,0000310158-21-000004,10-K,"Isentress/Isentress HD | 326 | 531 | 857 | 398 | 576 | 975 | 513 | 627 | 1,140","row columns: U.S. | Int'l | Total for 2020, 2019, 2018; value is the 2018 Total",,
MRK,Isentress/Isentress HD,2019,975,USD,worldwide,0000310158-22-000003,10-K,Isentress/Isentress HD | 294 | 474 | 769 | 326 | 531 | 857 | 398 | 576 | 975,"row columns: U.S. | Int'l | Total for 2021, 2020, 2019; value is the 2019 Total",,
MRK,Isentress/Isentress HD,2020,857,USD,worldwide,0001628280-23-005061,10-K,Isentress/Isentress HD | 274 | 359 | 633 | 294 | 474 | 769 | 326 | 531 | 857,"row columns: U.S. | Int'l | Total for 2022, 2021, 2020; value is the 2020 Total",,
MRK,Isentress/Isentress HD,2021,769,USD,worldwide,0001628280-24-006850,10-K,Isentress/Isentress HD | 215 | 268 | 483 | 274 | 359 | 633 | 294 | 474 | 769,"row columns: U.S. | Int'l | Total for 2023, 2022, 2021; value is the 2021 Total",,
MRK,Isentress/Isentress HD,2022,633,USD,worldwide,0001628280-25-007732,10-K,Isentress/Isentress HD | 185 | 209 | 394 | 215 | 268 | 483 | 274 | 359 | 633,"row columns: U.S. | Int'l | Total for 2024, 2023, 2022; value is the 2022 Total",,
MRK,Isentress/Isentress HD,2023,483,USD,worldwide,0000310158-26-000063,10-K,Isentress/Isentress HD | 181 | 144 | 325 | 185 | 209 | 394 | 215 | 268 | 483,"row columns: U.S. | Int'l | Total for 2025, 2024, 2023; value is the 2023 Total",,
MRK,Isentress/Isentress HD,2024,394,USD,worldwide,0000310158-26-000063,10-K,Isentress/Isentress HD | 181 | 144 | 325 | 185 | 209 | 394 | 215 | 268 | 483,"row columns: U.S. | Int'l | Total for 2025, 2024, 2023; value is the 2024 Total",,
MRK,Isentress/Isentress HD,2025,325,USD,worldwide,0000310158-26-000063,10-K,Isentress/Isentress HD | 181 | 144 | 325 | 185 | 209 | 394 | 215 | 268 | 483,"row columns: U.S. | Int'l | Total for 2025, 2024, 2023; value is the 2025 Total",,
MRK,Janumet,2007,86.4,USD,worldwide,0000950123-10-018679,10-K,Janumet | 658.4 | 351.1 | 86.4,row value columns: 2009 | 2008 | 2007; earliest year with a value in any 10-K table (earlier column shows — or the product is absent),,
MRK,Janumet,2008,351,USD,worldwide,0000950123-11-019286,10-K,Janumet | 954 | 658 | 351,"row value columns: 2010 | 2009 | 2008; other printings within 1 (rounding or minor revision): 351.1 in the 2008 10-K, 351.1 in the 2009 10-K",,
MRK,Janumet,2009,658,USD,worldwide,0001193125-12-084319,10-K,"Janumet | 1,363 | 954 | 658",row value columns: 2011 | 2010 | 2009; other printings within 1 (rounding or minor revision): 658.4 in the 2009 10-K,,
MRK,Janumet,2010,954,USD,worldwide,0001193125-13-084618,10-K,"Janumet | 1,659 | 1,363 | 954",row value columns: 2012 | 2011 | 2010,,
MRK,Janumet,2011,1363,USD,worldwide,0000310158-14-000009,10-K,"Janumet | 1,829 | 1,659 | 1,363",row value columns: 2013 | 2012 | 2011,,
MRK,Janumet,2012,1659,USD,worldwide,0000310158-15-000005,10-K,"Janumet | 2,071 | 1,829 | 1,659",row value columns: 2014 | 2013 | 2012,,
MRK,Janumet,2013,1829,USD,worldwide,0000310158-16-000063,10-K,"Janumet | 2,151 | 2,071 | 1,829",row value columns: 2015 | 2014 | 2013,,
MRK,Janumet,2014,2071,USD,worldwide,0000310158-17-000010,10-K,"Janumet | 2,201 | 2,151 | 2,071",row value columns: 2016 | 2015 | 2014,,
MRK,Janumet,2015,2151,USD,worldwide,0000310158-18-000005,10-K,"Janumet | 863 | 1,296 | 2,158 | 984 | 1,217 | 2,201 | 976 | 1,175 | 2,151","row columns: U.S. | Int'l | Total for 2017, 2016, 2015; value is the 2015 Total",,
MRK,Janumet,2016,2201,USD,worldwide,0000310158-19-000014,10-K,"Janumet | 811 | 1,417 | 2,228 | 863 | 1,296 | 2,158 | 984 | 1,217 | 2,201","row columns: U.S. | Int'l | Total for 2018, 2017, 2016; value is the 2016 Total",,
MRK,Janumet,2017,2158,USD,worldwide,0000310158-20-000005,10-K,"Janumet | 589 | 1,452 | 2,041 | 811 | 1,417 | 2,228 | 863 | 1,296 | 2,158","row columns: U.S. | Int'l | Total for 2019, 2018, 2017; value is the 2017 Total",,
MRK,Janumet,2018,2228,USD,worldwide,0000310158-21-000004,10-K,"Janumet | 477 | 1,494 | 1,971 | 589 | 1,452 | 2,041 | 811 | 1,417 | 2,228","row columns: U.S. | Int'l | Total for 2020, 2019, 2018; value is the 2018 Total",,
MRK,Janumet,2019,2041,USD,worldwide,0000310158-22-000003,10-K,"Janumet | 367 | 1,597 | 1,964 | 477 | 1,494 | 1,971 | 589 | 1,452 | 2,041","row columns: U.S. | Int'l | Total for 2021, 2020, 2019; value is the 2019 Total",,
MRK,Janumet,2020,1971,USD,worldwide,0001628280-23-005061,10-K,"Janumet | 355 | 1,344 | 1,700 | 367 | 1,597 | 1,964 | 477 | 1,494 | 1,971","row columns: U.S. | Int'l | Total for 2022, 2021, 2020; value is the 2020 Total",,
MRK,Janumet,2021,1964,USD,worldwide,0001628280-24-006850,10-K,"Janumet | 223 | 954 | 1,177 | 355 | 1,344 | 1,700 | 367 | 1,597 | 1,964","row columns: U.S. | Int'l | Total for 2023, 2022, 2021; value is the 2021 Total",,
MRK,Janumet,2022,1700,USD,worldwide,0001628280-25-007732,10-K,"Janumet | 161 | 774 | 935 | 223 | 954 | 1,177 | 355 | 1,344 | 1,700","row columns: U.S. | Int'l | Total for 2024, 2023, 2022; value is the 2022 Total",,
MRK,Janumet,2023,1177,USD,worldwide,0000310158-26-000063,10-K,"Janumet | 268 | 672 | 940 | 161 | 774 | 935 | 223 | 954 | 1,177","row columns: U.S. | Int'l | Total for 2025, 2024, 2023; value is the 2023 Total",,
MRK,Janumet,2024,935,USD,worldwide,0000310158-26-000063,10-K,"Janumet | 268 | 672 | 940 | 161 | 774 | 935 | 223 | 954 | 1,177","row columns: U.S. | Int'l | Total for 2025, 2024, 2023; value is the 2024 Total",,
MRK,Janumet,2025,940,USD,worldwide,0000310158-26-000063,10-K,"Janumet | 268 | 672 | 940 | 161 | 774 | 935 | 223 | 954 | 1,177","row columns: U.S. | Int'l | Total for 2025, 2024, 2023; value is the 2025 Total",,
MRK,Januvia,2006,42.9,USD,worldwide,0000950123-09-003688,10-K,"Januvia | 1,397.1 | 667.5 | 42.9","row value columns: 2008 | 2007 | 2006; filed by legacy Merck & Co., Inc. (CIK 64978) before the Nov 2009 Schering-Plough merger; earliest year with a value in any 10-K table (earlier column shows — or the product is absent)",,
MRK,Januvia,2007,667.5,USD,worldwide,0000950123-10-018679,10-K,"Januvia | 1,922.1 | 1,397.1 | 667.5",row value columns: 2009 | 2008 | 2007,,
MRK,Januvia,2008,1397,USD,worldwide,0000950123-11-019286,10-K,"Januvia | 2,385 | 1,922 | 1,397","row value columns: 2010 | 2009 | 2008; other printings within 1 (rounding or minor revision): 1,397.1 in the 2008 10-K, 1,397.1 in the 2009 10-K",,
MRK,Januvia,2009,1922,USD,worldwide,0001193125-12-084319,10-K,"Januvia | 3,324 | 2,385 | 1,922","row value columns: 2011 | 2010 | 2009; other printings within 1 (rounding or minor revision): 1,922.1 in the 2009 10-K",,
MRK,Januvia,2010,2385,USD,worldwide,0001193125-13-084618,10-K,"Januvia | 4,086 | 3,324 | 2,385",row value columns: 2012 | 2011 | 2010,,
MRK,Januvia,2011,3324,USD,worldwide,0000310158-14-000009,10-K,"Januvia | 4,004 | 4,086 | 3,324",row value columns: 2013 | 2012 | 2011,,
MRK,Januvia,2012,4086,USD,worldwide,0000310158-15-000005,10-K,"Januvia | 3,931 | 4,004 | 4,086",row value columns: 2014 | 2013 | 2012,,
MRK,Januvia,2013,4004,USD,worldwide,0000310158-16-000063,10-K,"Januvia | 3,863 | 3,931 | 4,004",row value columns: 2015 | 2014 | 2013,,
MRK,Januvia,2014,3931,USD,worldwide,0000310158-17-000010,10-K,"Januvia | 3,908 | 3,863 | 3,931",row value columns: 2016 | 2015 | 2014,,
MRK,Januvia,2015,3863,USD,worldwide,0000310158-18-000005,10-K,"Januvia | 2,153 | 1,584 | 3,737 | 2,286 | 1,622 | 3,908 | 2,263 | 1,601 | 3,863","row columns: U.S. | Int'l | Total for 2017, 2016, 2015; value is the 2015 Total",,
MRK,Januvia,2016,3908,USD,worldwide,0000310158-19-000014,10-K,"Januvia | 1,969 | 1,718 | 3,686 | 2,153 | 1,584 | 3,737 | 2,286 | 1,622 | 3,908","row columns: U.S. | Int'l | Total for 2018, 2017, 2016; value is the 2016 Total",,
MRK,Januvia,2017,3737,USD,worldwide,0000310158-20-000005,10-K,"Januvia | 1,724 | 1,758 | 3,482 | 1,969 | 1,718 | 3,686 | 2,153 | 1,584 | 3,737","row columns: U.S. | Int'l | Total for 2019, 2018, 2017; value is the 2017 Total",,
MRK,Januvia,2018,3686,USD,worldwide,0000310158-21-000004,10-K,"Januvia | 1,470 | 1,836 | 3,306 | 1,724 | 1,758 | 3,482 | 1,969 | 1,718 | 3,686","row columns: U.S. | Int'l | Total for 2020, 2019, 2018; value is the 2018 Total",,
MRK,Januvia,2019,3482,USD,worldwide,0000310158-22-000003,10-K,"Januvia | 1,404 | 1,920 | 3,324 | 1,470 | 1,836 | 3,306 | 1,724 | 1,758 | 3,482","row columns: U.S. | Int'l | Total for 2021, 2020, 2019; value is the 2019 Total",,
MRK,Januvia,2020,3306,USD,worldwide,0001628280-23-005061,10-K,"Januvia | 1,248 | 1,565 | 2,813 | 1,404 | 1,920 | 3,324 | 1,470 | 1,836 | 3,306","row columns: U.S. | Int'l | Total for 2022, 2021, 2020; value is the 2020 Total",,
MRK,Januvia,2021,3324,USD,worldwide,0001628280-24-006850,10-K,"Januvia | 1,151 | 1,039 | 2,189 | 1,248 | 1,565 | 2,813 | 1,404 | 1,920 | 3,324","row columns: U.S. | Int'l | Total for 2023, 2022, 2021; value is the 2021 Total",,
MRK,Januvia,2022,2813,USD,worldwide,0001628280-25-007732,10-K,"Januvia | 469 | 865 | 1,334 | 1,151 | 1,039 | 2,189 | 1,248 | 1,565 | 2,813","row columns: U.S. | Int'l | Total for 2024, 2023, 2022; value is the 2022 Total",,
MRK,Januvia,2023,2189,USD,worldwide,0000310158-26-000063,10-K,"Januvia | 999 | 605 | 1,604 | 469 | 865 | 1,334 | 1,151 | 1,039 | 2,189","row columns: U.S. | Int'l | Total for 2025, 2024, 2023; value is the 2023 Total",,
MRK,Januvia,2024,1334,USD,worldwide,0000310158-26-000063,10-K,"Januvia | 999 | 605 | 1,604 | 469 | 865 | 1,334 | 1,151 | 1,039 | 2,189","row columns: U.S. | Int'l | Total for 2025, 2024, 2023; value is the 2024 Total",,
MRK,Januvia,2025,1604,USD,worldwide,0000310158-26-000063,10-K,"Januvia | 999 | 605 | 1,604 | 469 | 865 | 1,334 | 1,151 | 1,039 | 2,189","row columns: U.S. | Int'l | Total for 2025, 2024, 2023; value is the 2025 Total",,
MRK,Keytruda,2014,55,USD,worldwide,0000310158-17-000010,10-K,"Keytruda | 1,402 | 566 | 55",row value columns: 2016 | 2015 | 2014; earliest year with a value in any 10-K table (earlier column shows — or the product is absent),,
MRK,Keytruda,2015,566,USD,worldwide,0000310158-18-000005,10-K,"Keytruda | 2,309 | 1,500 | 3,809 | 792 | 610 | 1,402 | 393 | 173 | 566","row columns: U.S. | Int'l | Total for 2017, 2016, 2015; value is the 2015 Total",,
MRK,Keytruda,2016,1402,USD,worldwide,0000310158-19-000014,10-K,"Keytruda | 4,150 | 3,021 | 7,171 | 2,309 | 1,500 | 3,809 | 792 | 610 | 1,402","row columns: U.S. | Int'l | Total for 2018, 2017, 2016; value is the 2016 Total",,
MRK,Keytruda,2017,3809,USD,worldwide,0000310158-20-000005,10-K,"Keytruda | 6,305 | 4,779 | 11,084 | 4,150 | 3,021 | 7,171 | 2,309 | 1,500 | 3,809","row columns: U.S. | Int'l | Total for 2019, 2018, 2017; value is the 2017 Total",,
MRK,Keytruda,2018,7171,USD,worldwide,0000310158-21-000004,10-K,"Keytruda | 8,352 | 6,028 | 14,380 | 6,305 | 4,779 | 11,084 | 4,150 | 3,021 | 7,171","row columns: U.S. | Int'l | Total for 2020, 2019, 2018; value is the 2018 Total",,
MRK,Keytruda,2019,11084,USD,worldwide,0000310158-22-000003,10-K,"Keytruda | 9,765 | 7,421 | 17,186 | 8,352 | 6,028 | 14,380 | 6,305 | 4,779 | 11,084","row columns: U.S. | Int'l | Total for 2021, 2020, 2019; value is the 2019 Total",,
MRK,Keytruda,2020,14380,USD,worldwide,0001628280-23-005061,10-K,"Keytruda | 12,686 | 8,251 | 20,937 | 9,765 | 7,421 | 17,186 | 8,352 | 6,028 | 14,380","row columns: U.S. | Int'l | Total for 2022, 2021, 2020; value is the 2020 Total",,
MRK,Keytruda,2021,17186,USD,worldwide,0001628280-24-006850,10-K,"Keytruda | 15,114 | 9,897 | 25,011 | 12,686 | 8,251 | 20,937 | 9,765 | 7,421 | 17,186","row columns: U.S. | Int'l | Total for 2023, 2022, 2021; value is the 2021 Total",,
MRK,Keytruda,2022,20937,USD,worldwide,0001628280-25-007732,10-K,"Keytruda | 17,872 | 11,610 | 29,482 | 15,114 | 9,897 | 25,011 | 12,686 | 8,251 | 20,937","row columns: U.S. | Int'l | Total for 2024, 2023, 2022; value is the 2022 Total",,
MRK,Keytruda,2023,25011,USD,worldwide,0000310158-26-000063,10-K,"Keytruda | 18,829 | 12,812 | 31,641 | 17,872 | 11,610 | 29,482 | 15,114 | 9,897 | 25,011","row columns: U.S. | Int'l | Total for 2025, 2024, 2023; value is the 2023 Total",,
MRK,Keytruda,2024,29482,USD,worldwide,0000310158-26-000063,10-K,"Keytruda | 18,829 | 12,812 | 31,641 | 17,872 | 11,610 | 29,482 | 15,114 | 9,897 | 25,011","row columns: U.S. | Int'l | Total for 2025, 2024, 2023; value is the 2024 Total",,
MRK,Keytruda,2025,31641,USD,worldwide,0000310158-26-000063,10-K,"Keytruda | 18,829 | 12,812 | 31,641 | 17,872 | 11,610 | 29,482 | 15,114 | 9,897 | 25,011","row columns: U.S. | Int'l | Total for 2025, 2024, 2023; value is the 2025 Total; Keytruda line only; Keytruda Qlex printed separately (U.S. 38, Int'l 2, total 40); summary sales table prints Keytruda/Keytruda Qlex 31,680",,
NVO,Levemir,2008,3850,DKK,worldwide net sales,0001208646-11-000054,6-K (Annual Report 2010; incorporated by reference in 20-F 0001208646-11-000052),"Levemir ® | 6,880 | 5,223 | 3,850 |",Columns 2010/2009/2008. 2004-2007 not printed at product level in the 20-F or its incorporated annual reports (modern insulins total only).,,
NVO,Levemir,2009,5223,DKK,worldwide net sales,0001208646-12-000035,6-K (Annual Report 2011; incorporated by reference in 20-F 0001208646-12-000031 and 20-F/A 0001208646-12-000037),"Levemir ® | 7,683 | 6,880 | 5,223 |",Columns 2011/2010/2009.,,
NVO,Levemir,2010,6880,DKK,worldwide net sales,0000950103-13-004004,20-F/A (Annual Report 2012 included in the amended 20-F),"Levemir ® | 9,786 | 7,683 | 6,880 |",Columns 2012/2011/2010.,,
NVO,Levemir,2011,7683,DKK,worldwide net sales,0001208646-14-000044,6-K (Annual Report 2013; incorporated by reference in 20-F 0001208646-14-000046),"Levemir ® | 11,546 | 9,786 | 7,683 |",Columns 2013/2012/2011.,,
NVO,Levemir,2012,9786,DKK,worldwide net sales,0001171843-15-000624,6-K (Annual Report 2014; incorporated by reference in 20-F 0001171843-15-000625),"Levemir ® 14,217 11,546 9,786","Columns 2014/2013/2012; source text carries PDF spacing artefacts, quote de-spaced.",,
NVO,Levemir,2013,11546,DKK,worldwide net sales,0001171843-16-007794,6-K (Annual Report 2015; incorporated by reference in 20-F 0001171843-16-007795),"Levemir ® 18,300 14,217 11,546",Columns 2015/2014/2013.,,
NVO,Levemir,2014,14217,DKK,worldwide net sales,0001171843-17-000779,6-K (Annual Report 2016; incorporated by reference in 20-F 0001171843-17-000780),"Levemir ® 17,083 18,300 14,217",Columns 2016/2015/2014.,,
NVO,Levemir,2015,18300,DKK,worldwide net sales,0001628280-18-001261,6-K (Annual Report 2017; incorporated by reference in 20-F 0001628280-18-001266),"Levemir® 14,118 17,083 18,300",Columns 2017/2016/2015.,,
NVO,Levemir,2016,17083,DKK,worldwide net sales,0001628280-19-000870,6-K (Annual Report 2018; incorporated by reference in 20-F 0001628280-19-000875),"- of which Levemir® 11,195 14,118 17,083",Columns 2018/2017/2016; now under 'Long-acting insulin'.,,
NVO,Levemir,2017,14118,DKK,worldwide net sales,0001628280-20-001017,6-K (Annual Report 2019; incorporated by reference in 20-F 0001628280-20-001021),"- of which Levemir® 9,307 11,195 14,118",Columns 2019/2018/2017.,,
NVO,Levemir,2018,11195,DKK,worldwide net sales,0001628280-21-001358,6-K (Annual Report 2020; incorporated by reference in 20-F 0001628280-21-001364),"– of which Levemir ® | ... | 7,027 | 9,307 | 11,195 |",Total net sales 2020/2019/2018.,,
NVO,Levemir,2019,9307,DKK,worldwide net sales,0001628280-22-001639,20-F (Annual Report 2021 filed as document 2),"– of which Levemir ® | ... | 5,678 | 7,027 | 9,307 |",Total net sales 2021/2020/2019.,,
NVO,Levemir,2020,7027,DKK,worldwide net sales,0001628280-23-001868,20-F (Annual Report 2022 filed as document 2),"– of which Levemir ® | ... | 4,579 | 5,678 | 7,027 |",Total net sales 2022/2021/2020.,,
NVO,Levemir,2021,5678,DKK,worldwide net sales,0001628280-24-002635,20-F (Annual Report 2023 filed as document 2),"• of which Levemir ® | ... | 3,934 | 4,579 | 5,678 |",Total net sales 2023/2022/2021.,,
NVO,Levemir,2022,4579,DKK,worldwide net sales,0001628280-25-003920,20-F (Annual Report 2024 filed as document 2),"• of which Levemir ® | ... | 4,668 | 3,934 | 4,579 |",Total net sales 2024/2023/2022.,,
NVO,Levemir,2023,3934,DKK,worldwide net sales,0000353278-26-000012,20-F (Annual Report 2025 filed as document 2),"• of which Levemir ® | ... | 1,677 | 4,668 | 3,934 |","Total net sales 2025/2024/2023 (2024, 2023 footnoted restated for new geographical structure).",,
NVO,Levemir,2024,4668,DKK,worldwide net sales,0000353278-26-000012,20-F (Annual Report 2025 filed as document 2),"• of which Levemir ® | ... | 1,677 | 4,668 | 3,934 |","Beyond requested span; included for the tail. US column 2024 is 2,451 vs 1,273 in 2023.",,
NVO,Levemir,2025,1677,DKK,worldwide net sales,0000353278-26-000012,20-F (Annual Report 2025 filed as document 2),"• of which Levemir ® | ... | 1,677 | 4,668 | 3,934 |",Beyond requested span; US column 2025 is 6.,,
NVO,NovoRapid/NovoLog,2008,7830,DKK,worldwide net sales,0001208646-11-000054,6-K (Annual Report 2010; incorporated by reference in 20-F 0001208646-11-000052),"NovoRapid ® / NovoLog ® | 11,900 | 9,749 | 7,830 |","Segment note, columns 2010/2009/2008. First year the filer prints the product on its own; 2002-2007 reports give only the modern insulins (insulin analogues) total.",,
NVO,NovoRapid/NovoLog,2009,9749,DKK,worldwide net sales,0001208646-12-000035,6-K (Annual Report 2011; incorporated by reference in 20-F 0001208646-12-000031 and 20-F/A 0001208646-12-000037),"NovoRapid ® / NovoLog ® | 12,804 | 11,900 | 9,749 |","Segment note, columns 2011/2010/2009.",,
NVO,NovoRapid/NovoLog,2010,11900,DKK,worldwide net sales,0000950103-13-004004,20-F/A (Annual Report 2012 included in the amended 20-F),"NovoRapid ® / NovoLog ® | 15,693 | 12,804 | 11,900 |","Segment note, columns 2012/2011/2010.",,
NVO,NovoRapid/NovoLog,2011,12804,DKK,worldwide net sales,0001208646-14-000044,6-K (Annual Report 2013; incorporated by reference in 20-F 0001208646-14-000046),"NovoRapid ® / NovoLog ® | 16,848 | 15,693 | 12,804 |","Segment note, columns 2013/2012/2011.",,
NVO,NovoRapid/NovoLog,2012,15693,DKK,worldwide net sales,0001171843-15-000624,6-K (Annual Report 2014; incorporated by reference in 20-F 0001171843-15-000625),"NovoRapid ® / NovoLog ® 17,449 16,848 15,693","Segment note, columns 2014/2013/2012. Source text carries PDF spacing artefacts (printed as 'NovoRapi d ... 16,84 8'); quote de-spaced.",,
NVO,NovoRapid/NovoLog,2013,16848,DKK,worldwide net sales,0001171843-16-007794,6-K (Annual Report 2015; incorporated by reference in 20-F 0001171843-16-007795),"NovoRapid ® / NovoLog ® 20,720 17,449 16,848","Segment note, columns 2015/2014/2013.",,
NVO,NovoRapid/NovoLog,2014,17449,DKK,worldwide net sales,0001171843-17-000779,6-K (Annual Report 2016; incorporated by reference in 20-F 0001171843-17-000780),"NovoRapid ® /NovoLog ® 19,945 20,720 17,449","Segment note, columns 2016/2015/2014.",,
NVO,NovoRapid/NovoLog,2015,20720,DKK,worldwide net sales,0001628280-18-001261,6-K (Annual Report 2017; incorporated by reference in 20-F 0001628280-18-001266),"NovoRapid® / NovoLog® 20,025 19,945 20,720","Segment note, columns 2017/2016/2015.",,
NVO,NovoRapid/NovoLog,2016,19945,DKK,worldwide net sales,0001628280-19-000870,6-K (Annual Report 2018; incorporated by reference in 20-F 0001628280-19-000875),"- of which NovoRapid®/NovoLog® 18,763 20,025 19,945","Segment note, columns 2018/2017/2016. From 2018 the product sits under 'Fast-acting insulin'; comparatives restated to the new disaggregation, product figure unchanged.",,
NVO,NovoRapid/NovoLog,2017,20025,DKK,worldwide net sales,0001628280-20-001017,6-K (Annual Report 2019; incorporated by reference in 20-F 0001628280-20-001021),"- of which NovoRapid®/NovoLog® 18,060 18,763 20,025","Segment note, columns 2019/2018/2017.",,
NVO,NovoRapid/NovoLog,2018,18763,DKK,worldwide net sales,0001628280-21-001358,6-K (Annual Report 2020; incorporated by reference in 20-F 0001628280-21-001364),"– of which NovoRapid ® /NovoLog ® | ... | 16,928 | 18,060 | 18,763 |",Net sales by segment and geography note; last three columns are total Novo Nordisk 2020/2019/2018.,,
NVO,NovoRapid/NovoLog,2019,18060,DKK,worldwide net sales,0001628280-22-001639,20-F (Annual Report 2021 filed as document 2),"– of which NovoRapid ® | ... | 15,939 | 16,928 | 18,060 |",Last three columns are total net sales 2021/2020/2019.,,
NVO,NovoRapid/NovoLog,2020,16928,DKK,worldwide net sales,0001628280-23-001868,20-F (Annual Report 2022 filed as document 2),"– of which NovoRapid ® | ... | 15,460 | 15,939 | 16,928 |",Last three columns are total net sales 2022/2021/2020.,,
NVO,NovoRapid/NovoLog,2021,15939,DKK,worldwide net sales,0001628280-24-002635,20-F (Annual Report 2023 filed as document 2),"• of which NovoRapid ® | ... | 13,776 | 15,460 | 15,939 |",Last three columns are total net sales 2023/2022/2021.,,
NVO,NovoRapid/NovoLog,2022,15460,DKK,worldwide net sales,0001628280-25-003920,20-F (Annual Report 2024 filed as document 2),"• of which NovoRapid ® | ... | 16,653 | 13,776 | 15,460 |",Last three columns are total net sales 2024/2023/2022.,,
NVO,NovoRapid/NovoLog,2023,13776,DKK,worldwide net sales,0000353278-26-000012,20-F (Annual Report 2025 filed as document 2),"• of which NovoRapid ® | ... | 15,765 | 16,653 | 13,776 |",Last three columns are total net sales 2025/2024/2023; 2024 and 2023 carry footnote 1 (comparatives restated for the new geographical structure).,,
NVO,NovoRapid/NovoLog,2024,16653,DKK,worldwide net sales,0000353278-26-000012,20-F (Annual Report 2025 filed as document 2),"• of which NovoRapid ® | ... | 15,765 | 16,653 | 13,776 |",Total net sales column 2024 (footnote 1: restated for new geographical structure).,,
NVO,NovoRapid/NovoLog,2025,15765,DKK,worldwide net sales,0000353278-26-000012,20-F (Annual Report 2025 filed as document 2),"• of which NovoRapid ® | ... | 15,765 | 16,653 | 13,776 |",Total net sales column 2025.,,
NVO,Ozempic,2018,1796,DKK,worldwide net sales,0001628280-21-001358,6-K (Annual Report 2020; incorporated by reference in 20-F 0001628280-21-001364),"Ozempic ® | ... | 21,211 | 11,237 | 1,796 |",Total net sales 2020/2019/2018. US launch February 2018.,,
NVO,Ozempic,2019,11237,DKK,worldwide net sales,0001628280-22-001639,20-F (Annual Report 2021 filed as document 2),"Ozempic ® | ... | 33,705 | 21,211 | 11,237 |",Total net sales 2021/2020/2019.,,
NVO,Ozempic,2020,21211,DKK,worldwide net sales,0001628280-23-001868,20-F (Annual Report 2022 filed as document 2),"Ozempic ® | ... | 59,750 | 33,705 | 21,211 |",Total net sales 2022/2021/2020.,,
NVO,Ozempic,2021,33705,DKK,worldwide net sales,0001628280-24-002635,20-F (Annual Report 2023 filed as document 2),"Ozempic ® | ... | 95,718 | 59,750 | 33,705 |",Total net sales 2023/2022/2021.,,
NVO,Ozempic,2022,59750,DKK,worldwide net sales,0001628280-25-003920,20-F (Annual Report 2024 filed as document 2),"Ozempic ® | ... | 120,342 | 95,718 | 59,750 |",Total net sales 2024/2023/2022.,,
NVO,Ozempic,2023,95718,DKK,worldwide net sales,0000353278-26-000012,20-F (Annual Report 2025 filed as document 2),"Ozempic ® | ... | 127,089 | 120,342 | 95,718 |",Total net sales 2025/2024/2023.,,
NVO,Ozempic,2024,120342,DKK,worldwide net sales,0000353278-26-000012,20-F (Annual Report 2025 filed as document 2),"Ozempic ® | ... | 127,089 | 120,342 | 95,718 |",Total net sales 2024.,,
NVO,Ozempic,2025,127089,DKK,worldwide net sales,0000353278-26-000012,20-F (Annual Report 2025 filed as document 2),"Ozempic ® | ... | 127,089 | 120,342 | 95,718 |",Total net sales 2025.,,
NVO,Victoza,2009,87,DKK,worldwide net sales,0001208646-14-000044,6-K (Annual Report 2013; incorporated by reference in 20-F 0001208646-14-000046),"Victoza ® | 11,633 | 9,495 | 5,991 | 2,317 | 87 |",Five-year key figures row 2013..2009. Launched in Europe 2009.,,
NVO,Victoza,2010,2317,DKK,worldwide net sales,0001208646-14-000044,6-K (Annual Report 2013; incorporated by reference in 20-F 0001208646-14-000046),"Victoza ® | 11,633 | 9,495 | 5,991 | 2,317 | 87 |",Five-year key figures row 2013..2009.,,
NVO,Victoza,2011,5991,DKK,worldwide net sales,0001208646-14-000044,6-K (Annual Report 2013; incorporated by reference in 20-F 0001208646-14-000046),"Victoza ® | 11,633 | 9,495 | 5,991 |","Segment note, columns 2013/2012/2011.",,
NVO,Victoza,2012,9495,DKK,worldwide net sales,0001171843-15-000624,6-K (Annual Report 2014; incorporated by reference in 20-F 0001171843-15-000625),"Victoza ® 13,426 11,633 9,495","Segment note, columns 2014/2013/2012; source text carries PDF spacing artefacts ('V ictoz a ® 13,426 11,63 3 9,495'), quote de-spaced.",,
NVO,Victoza,2013,11633,DKK,worldwide net sales,0001171843-16-007794,6-K (Annual Report 2015; incorporated by reference in 20-F 0001171843-16-007795),"Victoza ® 18,027 13,426 11,633","Segment note, columns 2015/2014/2013.",,
NVO,Victoza,2014,13426,DKK,worldwide net sales,0001171843-17-000779,6-K (Annual Report 2016; incorporated by reference in 20-F 0001171843-17-000780),"Victoza ® 20,046 18,027 13,426","Segment note, columns 2016/2015/2014.",,
NVO,Victoza,2015,18027,DKK,worldwide net sales,0001628280-18-001261,6-K (Annual Report 2017; incorporated by reference in 20-F 0001628280-18-001266),"Victoza® 23,173 20,046 18,027","Segment note, columns 2017/2016/2015.",,
NVO,Victoza,2016,20046,DKK,worldwide net sales,0001628280-19-000870,6-K (Annual Report 2018; incorporated by reference in 20-F 0001628280-19-000875),"Victoza® 24,333 23,173 20,046","Segment note, columns 2018/2017/2016.",,
NVO,Victoza,2017,23173,DKK,worldwide net sales,0001628280-20-001017,6-K (Annual Report 2019; incorporated by reference in 20-F 0001628280-20-001021),"Victoza® 21,934 24,333 23,173","Segment note, columns 2019/2018/2017.",,
NVO,Victoza,2018,24333,DKK,worldwide net sales,0001628280-21-001358,6-K (Annual Report 2020; incorporated by reference in 20-F 0001628280-21-001364),"Victoza ® | ... | 18,747 | 21,934 | 24,333 |",Total net sales 2020/2019/2018.,,
NVO,Victoza,2019,21934,DKK,worldwide net sales,0001628280-22-001639,20-F (Annual Report 2021 filed as document 2),"Victoza ® | ... | 15,054 | 18,747 | 21,934 |",Total net sales 2021/2020/2019.,,
NVO,Victoza,2020,18747,DKK,worldwide net sales,0001628280-23-001868,20-F (Annual Report 2022 filed as document 2),"Victoza ® | ... | 12,322 | 15,054 | 18,747 |",Total net sales 2022/2021/2020.,,
NVO,Victoza,2021,15054,DKK,worldwide net sales,0001628280-24-002635,20-F (Annual Report 2023 filed as document 2),"Victoza ® | ... | 8,664 | 12,322 | 15,054 |",Total net sales 2023/2022/2021.,,
NVO,Victoza,2022,12322,DKK,worldwide net sales,0001628280-25-003920,20-F (Annual Report 2024 filed as document 2),"Victoza ® | ... | 5,482 | 8,664 | 12,322 |",Total net sales 2024/2023/2022.,,
NVO,Victoza,2023,8664,DKK,worldwide net sales,0000353278-26-000012,20-F (Annual Report 2025 filed as document 2),"Victoza ® | ... | 3,020 | 5,482 | 8,664 |",Total net sales 2025/2024/2023.,,
NVO,Victoza,2024,5482,DKK,worldwide net sales,0000353278-26-000012,20-F (Annual Report 2025 filed as document 2),"Victoza ® | ... | 3,020 | 5,482 | 8,664 |",Total net sales 2024.,,
NVO,Victoza,2025,3020,DKK,worldwide net sales,0000353278-26-000012,20-F (Annual Report 2025 filed as document 2),"Victoza ® | ... | 3,020 | 5,482 | 8,664 |",Total net sales 2025.,,
NVS,Cosentyx,2015,261,USD,worldwide net sales,0001047469-16-009872,20-F,Cosentyx | 261 | 0 | nm | 0 | nm |,"Product net sales note, 2015 column (launch year).",,
NVS,Cosentyx,2016,1128,USD,worldwide net sales,0001370368-19-000002,20-F,"Cosentyx | Immunology, Hepatology and Dermatology | Psoriasis, ankylosing spondylitis and psoriatic arthritis | 765 | 363 | 1 128 |","Note table of top products, US / rest of world / total, for this year.",,
NVS,Cosentyx,2017,2071,USD,worldwide net sales,0001370368-20-000003,20-F,"Cosentyx | Immunology, Hepatology and Dermatology | Psoriasis, ankylosing spondylitis and psoriatic arthritis | 1 275 | 796 | 2 071 |","Note table of top products, US / rest of world / total, for this year.",,
NVS,Cosentyx,2018,2837,USD,worldwide net sales,0001370368-21-000006,20-F,"Cosentyx | Immunology, Hepatology and Dermatology | Psoriasis, ankylosing spondylitis and psoriatic arthritis | 1 674 | 1 163 | 2 837 |","Note table of top products, US / rest of world / total, for this year.",,
NVS,Cosentyx,2019,3551,USD,worldwide net sales,0001370368-22-000010,20-F,"Cosentyx | Immunology, Hepatology and Dermatology | Psoriasis, ankylosing spondylitis and psoriatic arthritis | 2 220 | 1 331 | 3 551 |","Note table of top products, US / rest of world / total, for this year.",,
NVS,Cosentyx,2020,3995,USD,worldwide net sales,0001370368-23-000048,20-F/A,"Cosentyx | Immunology | Psoriasis (PsO), ankylosing spondylitis (AS), psoriatic arthritis (PsA) | 2 516 | 1 479 | 3 995 |","Note table of top products, US / rest of world / total, for this year. Taken from the 20-F/A filed 2023-05-15, the latest filing printing this year; the original 2022 20-F (0001370368-23-000006) prints the same figure.",,
NVS,Cosentyx,2021,4718,USD,worldwide net sales,0001370368-24-000004,20-F,"Cosentyx | Immunology | Psoriasis (PsO), ankylosing spondylitis (AS), psoriatic arthritis (PsA), non-radiographic axial spondyloarthritis (nr-axSPA) | 2 883 | 1 835 | 4 718 |","Note table of top products, US / rest of world / total, for this year.",,
NVS,Cosentyx,2022,4788,USD,worldwide net sales,0001370368-25-000004,20-F,"Cosentyx | Immunology | Psoriasis (PsO), ankylosing spondylitis (AS), psoriatic arthritis (PsA), non-radiographic axial spondyloarthritis (nr-axSPA) | 2 770 | 2 018 | 4 788 |","Note table of top products, US / rest of world / total, for this year.",,
NVS,Cosentyx,2023,4980,USD,worldwide net sales,0001114448-26-000004,20-F,"Cosentyx | ... Psoriasis (PsO), ankylosing spondylitis (AS), psoriatic arthritis (PsA), non-radiographic axial spondyloarthritis (nr-axSPA), hidradenitis suppurativa (HS) | 2 636 | 2 344 | 4 980 |","Note table of top products, US / rest of world / total, for this year.",,
NVS,Cosentyx,2024,6141,USD,worldwide net sales,0001114448-26-000004,20-F,"Cosentyx | ... Psoriasis (PsO), ankylosing spondylitis (AS), psoriatic arthritis (PsA), non-radiographic axial spondyloarthritis (nr-axSPA), hidradenitis suppurativa (HS) | 3 530 | 2 611 | 6 141 |","Note table of top products, US / rest of world / total, for this year.",,
NVS,Cosentyx,2025,6668,USD,worldwide net sales,0001114448-26-000004,20-F,"Cosentyx | ... Psoriasis (PsO), ankylosing spondylitis (AS), psoriatic arthritis (PsA), non-radiographic axial spondyloarthritis (nr-axSPA), hidradenitis suppurativa (HS) | 3 839 | 2 829 | 6 668 |","Note table of top products, US / rest of world / total, for this year.",,
NVS,Diovan (Diovan/Co-Diovan; Diovan Group from 2018),2002,1662,USD,worldwide net sales,0001047469-05-001778,20-F,"Diovan | 3,093 | 2,425 | 1,662 |","Consolidated financial statements note, pharmaceuticals net sales by product (three years). First USD year; the 2002 20-F had printed CHF 2,580 m for 2002.",,
NVS,Diovan (Diovan/Co-Diovan; Diovan Group from 2018),2003,2425,USD,worldwide net sales,0001047469-06-001059,20-F,"Diovan | 3,676 | 3,093 | 2,425 |","Consolidated financial statements note, pharmaceuticals net sales by product (three years).",,
NVS,Diovan (Diovan/Co-Diovan; Diovan Group from 2018),2004,3093,USD,worldwide net sales,0001047469-07-000510,20-F,"Diovan | 4,223 | 3,676 | 15 | 3,093 | 19 |","Consolidated financial statements note, pharmaceuticals net sales by product (three years).",,
NVS,Diovan (Diovan/Co-Diovan; Diovan Group from 2018),2005,3654,USD,worldwide net sales,0001047469-08-000606,20-F,"Diovan (1) | 5,012 | 4,223 | 19 | 3,654 | 16 |","Consolidated financial statements note, pharmaceuticals net sales by product (three years). 2005 comparative restated in the 2007 20-F: footnote says 2005 includes a prior-year sales rebate accounting adjustment (earlier 20-Fs printed a different 2005 figure). The 2006 20-F printed 3,676.",,
NVS,Diovan (Diovan/Co-Diovan; Diovan Group from 2018),2006,4223,USD,worldwide net sales,0001047469-09-000435,20-F,"Diovan | 5,740 | 5,012 | 15 | 4,223 | 19 |","Consolidated financial statements note, pharmaceuticals net sales by product (three years).",,
NVS,Diovan (Diovan/Co-Diovan; Diovan Group from 2018),2007,5012,USD,worldwide net sales,0001047469-10-000310,20-F,"Diovan | 6,013 | 5,740 | 5 | 5,012 | 15 |","Consolidated financial statements note, pharmaceuticals net sales by product (three years).",,
NVS,Diovan (Diovan/Co-Diovan; Diovan Group from 2018),2008,5740,USD,worldwide net sales,0001047469-11-000325,20-F,"Diovan | 6,053 | 6,013 | 1 | 0 | 5,740 | 5 | 6 |","Consolidated financial statements note, pharmaceuticals net sales by product (three years). 2010 20-F footnotes 2008: includes a one-time US government rebate provision reversal that may lift individual brand sales.",,
NVS,Diovan (Diovan/Co-Diovan; Diovan Group from 2018),2009,6013,USD,worldwide net sales,0001047469-12-000354,20-F,"Diovan | 5,665 | 6,053 | (6 | ) | 6,013 | 1 |","Consolidated financial statements note, pharmaceuticals net sales by product (three years).",,
NVS,Diovan (Diovan/Co-Diovan; Diovan Group from 2018),2010,6053,USD,worldwide net sales,0001047469-13-000377,20-F,"Diovan | 4,417 | 5,665 | (22 | ) | 6,053 | (6 | ) |","Consolidated financial statements note, pharmaceuticals net sales by product (three years).",,
NVS,Diovan (Diovan/Co-Diovan; Diovan Group from 2018),2011,5665,USD,worldwide net sales,0001047469-14-000415,20-F,"Diovan | 3,524 | 4,417 | (20 | ) | 5,665 | (22 | ) |","Consolidated financial statements note, pharmaceuticals net sales by product (three years).",,
NVS,Diovan (Diovan/Co-Diovan; Diovan Group from 2018),2012,4417,USD,worldwide net sales,0001047469-15-000433,20-F,"Diovan | 2,345 | 3,524 | (33 | ) | 4,417 | (20 | ) |","Consolidated financial statements note, pharmaceuticals net sales by product (three years).",,
NVS,Diovan (Diovan/Co-Diovan; Diovan Group from 2018),2013,3524,USD,worldwide net sales,0001047469-16-009872,20-F,"Diovan | 1,284 | 2,345 | (45 | ) | 3,524 | (33 | ) |","Consolidated financial statements note, pharmaceuticals net sales by product (three years).",,
NVS,Diovan (Diovan/Co-Diovan; Diovan Group from 2018),2014,2345,USD,worldwide net sales,0001047469-16-009872,20-F,"Diovan | 1,284 | 2,345 | (45 | ) | 3,524 | (33 | ) |","Consolidated financial statements note, pharmaceuticals net sales by product (three years).",,
NVS,Diovan (Diovan/Co-Diovan; Diovan Group from 2018),2015,1284,USD,worldwide net sales,0001047469-17-000338,20-F,"Diovan/Co-Diovan | Established Medicines | Hypertension | 254 | (74 | ) | 1,030 | (17 | ) | 1,284 | (45 | ) | (40 | ) |",Item 5 top products table for the prior year (US / rest of world / total); latest filing that prints this year.,,
NVS,Diovan (Diovan/Co-Diovan; Diovan Group from 2018),2016,1073,USD,worldwide net sales,0001370368-19-000002,20-F,Diovan Group | Established Medicines | Hypertension | 147 | 926 | 1 073 |,"Note table of top products, US / rest of world / total, for this year. Label 'Diovan Group' from the 2018 20-F; 2016 restated for divisional product transfers, value unchanged.",,
NVS,Diovan (Diovan/Co-Diovan; Diovan Group from 2018),2017,957,USD,worldwide net sales,0001370368-20-000003,20-F,Diovan Group | Established Medicines | Hypertension | 87 | 870 | 957 |,"Note table of top products, US / rest of world / total, for this year.",,
NVS,Diovan (Diovan/Co-Diovan; Diovan Group from 2018),2018,1023,USD,worldwide net sales,0001370368-21-000006,20-F,Diovan Group | Established Medicines | Hypertension | 84 | 939 | 1 023 |,"Note table of top products, US / rest of world / total, for this year.",,
NVS,Diovan (Diovan/Co-Diovan; Diovan Group from 2018),2019,1064,USD,worldwide net sales,0001370368-22-000010,20-F,Diovan Group | Established Medicines | Hypertension | 86 | 978 | 1 064 |,"Note table of top products, US / rest of world / total, for this year.",,
NVS,Diovan (Diovan/Co-Diovan; Diovan Group from 2018),2020,1003,USD,worldwide net sales,0001370368-23-000048,20-F/A,Diovan Group | Established Brands | Hypertension | 124 | 879 | 1 003 |,"Note table of top products, US / rest of world / total, for this year. Taken from the 20-F/A filed 2023-05-15, the latest filing printing this year; the original 2022 20-F (0001370368-23-000006) prints the same figure.",,
NVS,Diovan (Diovan/Co-Diovan; Diovan Group from 2018),2021,773,USD,worldwide net sales,0001370368-24-000004,20-F,Diovan Group | Established brands | Hypertension | 51 | 722 | 773 |,"Note table of top products, US / rest of world / total, for this year.",,
NVS,Diovan (Diovan/Co-Diovan; Diovan Group from 2018),2022,652,USD,worldwide net sales,0001370368-25-000004,20-F,Diovan Group | Established brands | Hypertension | 55 | 597 | 652 |,"Note table of top products, US / rest of world / total, for this year.",,
NVS,Diovan (Diovan/Co-Diovan; Diovan Group from 2018),2023,613,USD,worldwide net sales,0001114448-26-000004,20-F,Diovan Group | Established brands | Hypertension | 52 | 561 | 613 |,"Note table of top products, US / rest of world / total, for this year.",,
NVS,Diovan (Diovan/Co-Diovan; Diovan Group from 2018),2024,590,USD,worldwide net sales,0001114448-26-000004,20-F,Diovan Group | Established brands | Hypertension | 28 | 562 | 590 |,"Note table of top products, US / rest of world / total, for this year.",,
NVS,Diovan (Diovan/Co-Diovan; Diovan Group from 2018),2025,604,USD,worldwide net sales,0001114448-26-000004,20-F,Diovan Group | Established brands | Hypertension | 35 | 569 | 604 |,"Note table of top products, US / rest of world / total, for this year.",,
NVS,Entresto,2015,21,USD,worldwide net sales,0001047469-16-009872,20-F,Entresto | 21 | 0 | nm | 0 | nm |,"Product net sales note, 2015 column (launch year).",,
NVS,Entresto,2016,170,USD,worldwide net sales,0001370368-19-000002,20-F,Entresto | 1 028 | 507 | 103 | 170 | 198 |,"Product net sales note, three years 2018/2017/2016.",,
NVS,Entresto,2017,507,USD,worldwide net sales,0001370368-20-000003,20-F,"Entresto | Cardiovascular, Renal and Metabolism | Chronic heart failure | 297 | 210 | 507 |","Note table of top products, US / rest of world / total, for this year.",,
NVS,Entresto,2018,1028,USD,worldwide net sales,0001370368-21-000006,20-F,"Entresto | Cardiovascular, Renal and Metabolism | Chronic heart failure | 556 | 472 | 1 028 |","Note table of top products, US / rest of world / total, for this year.",,
NVS,Entresto,2019,1726,USD,worldwide net sales,0001370368-22-000010,20-F,"Entresto | Cardiovascular, Renal and Metabolism | Chronic heart failure | 925 | 801 | 1 726 |","Note table of top products, US / rest of world / total, for this year.",,
NVS,Entresto,2020,2497,USD,worldwide net sales,0001370368-23-000048,20-F/A,Entresto | Cardiovascular | Chronic heart failure | 1 277 | 1 220 | 2 497 |,"Note table of top products, US / rest of world / total, for this year. Taken from the 20-F/A filed 2023-05-15, the latest filing printing this year; the original 2022 20-F (0001370368-23-000006) prints the same figure.",,
NVS,Entresto,2021,3548,USD,worldwide net sales,0001370368-24-000004,20-F,"Entresto | Cardiovascular, renal and metabolic | Chronic heart failure | 1 712 | 1 836 | 3 548 |","Note table of top products, US / rest of world / total, for this year.",,
NVS,Entresto,2022,4644,USD,worldwide net sales,0001370368-25-000004,20-F,"Entresto | Cardiovascular, renal and metabolic | Chronic heart failure, hypertension | 2 354 | 2 290 | 4 644 |","Note table of top products, US / rest of world / total, for this year.",,
NVS,Entresto,2023,6035,USD,worldwide net sales,0001114448-26-000004,20-F,"Entresto | Cardiovascular, renal and metabolic | Chronic heart failure, hypertension | 3 067 | 2 968 | 6 035 |","Note table of top products, US / rest of world / total, for this year.",,
NVS,Entresto,2024,7822,USD,worldwide net sales,0001114448-26-000004,20-F,"Entresto | Cardiovascular, renal and metabolic | Chronic heart failure, hypertension | 4 052 | 3 770 | 7 822 |","Note table of top products, US / rest of world / total, for this year.",,
NVS,Entresto,2025,7748,USD,worldwide net sales,0001114448-26-000004,20-F,"Entresto | Cardiovascular, renal and metabolic | Chronic heart failure, hypertension | 3 285 | 4 463 | 7 748 |","Note table of top products, US / rest of world / total, for this year. US sales fell in 2025 (3,285 vs 4,052).",,
NVS,Gilenya,2010,15,USD,worldwide net sales,0001047469-13-000377,20-F,"Gilenya | 1,195 | 494 | 142 | 15 | nm |","Consolidated financial statements note, pharmaceuticals net sales by product (three years).",,
NVS,Gilenya,2011,494,USD,worldwide net sales,0001047469-14-000415,20-F,"Gilenya | 1,934 | 1,195 | 62 | 494 | nm |","Consolidated financial statements note, pharmaceuticals net sales by product (three years).",,
NVS,Gilenya,2012,1195,USD,worldwide net sales,0001047469-15-000433,20-F,"Gilenya | 2,477 | 1,934 | 28 | 1,195 | 62 |","Consolidated financial statements note, pharmaceuticals net sales by product (three years).",,
NVS,Gilenya,2013,1934,USD,worldwide net sales,0001047469-16-009872,20-F,"Gilenya | 2,776 | 2,477 | 12 | 1,934 | 28 |","Consolidated financial statements note, pharmaceuticals net sales by product (three years).",,
NVS,Gilenya,2014,2477,USD,worldwide net sales,0001047469-16-009872,20-F,"Gilenya | 2,776 | 2,477 | 12 | 1,934 | 28 |","Consolidated financial statements note, pharmaceuticals net sales by product (three years).",,
NVS,Gilenya,2015,2776,USD,worldwide net sales,0001047469-17-000338,20-F,"Gilenya | Neuroscience | Relapsing multiple sclerosis | 1,497 | 26 | 1,279 | 17 | 2,776 | 12 | 21 |",Item 5 top products table for the prior year (US / rest of world / total); latest filing that prints this year.,,
NVS,Gilenya,2016,3109,USD,worldwide net sales,0001370368-19-000002,20-F,Gilenya | Neuroscience | Relapsing multiple sclerosis | 1 683 | 1 426 | 3 109 |,"Note table of top products, US / rest of world / total, for this year.",,
NVS,Gilenya,2017,3185,USD,worldwide net sales,0001370368-20-000003,20-F,Gilenya | Neuroscience | Relapsing multiple sclerosis | 1 709 | 1 476 | 3 185 |,"Note table of top products, US / rest of world / total, for this year.",,
NVS,Gilenya,2018,3341,USD,worldwide net sales,0001370368-21-000006,20-F,Gilenya | Neuroscience | Relapsing multiple sclerosis | 1 765 | 1 576 | 3 341 |,"Note table of top products, US / rest of world / total, for this year.",,
NVS,Gilenya,2019,3223,USD,worldwide net sales,0001370368-22-000010,20-F,Gilenya | Neuroscience | Relapsing multiple sclerosis | 1 736 | 1 487 | 3 223 |,"Note table of top products, US / rest of world / total, for this year.",,
NVS,Gilenya,2020,3003,USD,worldwide net sales,0001370368-23-000048,20-F/A,Gilenya | Neuroscience | Relapsing multiple sclerosis (RMS) | 1 562 | 1 441 | 3 003 |,"Note table of top products, US / rest of world / total, for this year. Taken from the 20-F/A filed 2023-05-15, the latest filing printing this year; the original 2022 20-F (0001370368-23-000006) prints the same figure.",,
NVS,Gilenya,2021,2787,USD,worldwide net sales,0001370368-24-000004,20-F,Gilenya 2 | Established brands | Relapsing multiple sclerosis (RMS) | 1 427 | 1 360 | 2 787 |,"Note table of top products, US / rest of world / total, for this year.",,
NVS,Gilenya,2022,2013,USD,worldwide net sales,0001370368-25-000004,20-F,Gilenya | Established brands | Relapsing multiple sclerosis (RMS) | 1 153 | 860 | 2 013 |,"Note table of top products, US / rest of world / total, for this year.",,
NVS,Gilenya,2023,925,USD,worldwide net sales,0001114448-26-000004,20-F,Gilenya | Established brands | Relapsing multiple sclerosis (RMS) | 359 | 566 | 925 |,"Note table of top products, US / rest of world / total, for this year.",,
NVS,Gilenya,2024,552,USD,worldwide net sales,0001370368-25-000004,20-F,Gilenya | 552 | 925 | - 40 | 2 013 | - 54 |,"Pharmaceuticals net sales by product note, 2024 column. 2025 is not printed: Gilenya drops out of the 2025 20-F tables.",,
NVS,Gleevec/Glivec,2002,614,USD,worldwide net sales,0001047469-05-001778,20-F,"Gleevec/Glivec | 1,634 | 1,128 | 614 |","Consolidated financial statements note, pharmaceuticals net sales by product (three years). First USD year; the 2002 20-F had printed CHF 953 m.",,
NVS,Gleevec/Glivec,2003,1128,USD,worldwide net sales,0001047469-06-001059,20-F,"Gleevec/Glivec | 2,170 | 1,634 | 1,128 |","Consolidated financial statements note, pharmaceuticals net sales by product (three years).",,
NVS,Gleevec/Glivec,2004,1634,USD,worldwide net sales,0001047469-07-000510,20-F,"Gleevec/Glivec | 2,554 | 2,170 | 18 | 1,634 | 33 |","Consolidated financial statements note, pharmaceuticals net sales by product (three years).",,
NVS,Gleevec/Glivec,2005,2169,USD,worldwide net sales,0001047469-08-000606,20-F,"Gleevec/Glivec (1) | 3,050 | 2,554 | 19 | 2,169 | 18 |","Consolidated financial statements note, pharmaceuticals net sales by product (three years). 2005 comparative restated in the 2007 20-F: footnote says 2005 includes a prior-year sales rebate accounting adjustment (earlier 20-Fs printed a different 2005 figure). The 2006 20-F printed 2,170.",,
NVS,Gleevec/Glivec,2006,2554,USD,worldwide net sales,0001047469-09-000435,20-F,"Gleevec/Glivec | 3,670 | 3,050 | 20 | 2,554 | 19 |","Consolidated financial statements note, pharmaceuticals net sales by product (three years).",,
NVS,Gleevec/Glivec,2007,3050,USD,worldwide net sales,0001047469-10-000310,20-F,"Gleevec/Glivec | 3,944 | 3,670 | 7 | 3,050 | 20 |","Consolidated financial statements note, pharmaceuticals net sales by product (three years).",,
NVS,Gleevec/Glivec,2008,3670,USD,worldwide net sales,0001047469-11-000325,20-F,"Gleevec/Glivec | 4,265 | 3,944 | 8 | 7 | 3,670 | 7 | 12 |","Consolidated financial statements note, pharmaceuticals net sales by product (three years). 2010 20-F footnotes 2008: includes a one-time US government rebate provision reversal that may lift individual brand sales.",,
NVS,Gleevec/Glivec,2009,3944,USD,worldwide net sales,0001047469-12-000354,20-F,"Gleevec/Glivec | 4,659 | 4,265 | 9 | 3,944 | 8 |","Consolidated financial statements note, pharmaceuticals net sales by product (three years).",,
NVS,Gleevec/Glivec,2010,4265,USD,worldwide net sales,0001047469-13-000377,20-F,"Gleevec/Glivec | 4,675 | 4,659 | 0 | 4,265 | 9 |","Consolidated financial statements note, pharmaceuticals net sales by product (three years).",,
NVS,Gleevec/Glivec,2011,4659,USD,worldwide net sales,0001047469-14-000415,20-F,"Gleevec/Glivec | 4,693 | 4,675 | 0 | 4,659 | 0 |","Consolidated financial statements note, pharmaceuticals net sales by product (three years).",,
NVS,Gleevec/Glivec,2012,4675,USD,worldwide net sales,0001047469-15-000433,20-F,"Gleevec/Glivec | 4,746 | 4,693 | 1 | 4,675 | 0 |","Consolidated financial statements note, pharmaceuticals net sales by product (three years).",,
NVS,Gleevec/Glivec,2013,4693,USD,worldwide net sales,0001047469-16-009872,20-F,"Gleevec/Glivec | 4,658 | 4,746 | (2 | ) | 4,693 | 1 |","Consolidated financial statements note, pharmaceuticals net sales by product (three years).",,
NVS,Gleevec/Glivec,2014,4746,USD,worldwide net sales,0001047469-16-009872,20-F,"Gleevec/Glivec | 4,658 | 4,746 | (2 | ) | 4,693 | 1 |","Consolidated financial statements note, pharmaceuticals net sales by product (three years).",,
NVS,Gleevec/Glivec,2015,4658,USD,worldwide net sales,0001047469-17-000338,20-F,"Gleevec/Glivec | Oncology | Chronic myeloid leukemia and GIST | 2,533 | 17 | 2,125 | (5 | ) | 4,658 | (2 | ) | 5 |",Item 5 top products table for the prior year (US / rest of world / total); latest filing that prints this year.,,
NVS,Gleevec/Glivec,2016,3323,USD,worldwide net sales,0001370368-19-000002,20-F,Gleevec/Glivec | Oncology | Chronic myeloid leukemia and GIST | 1 214 | 2 109 | 3 323 |,"Note table of top products, US / rest of world / total, for this year.",,
NVS,Gleevec/Glivec,2017,1943,USD,worldwide net sales,0001370368-20-000003,20-F,Gleevec/Glivec | Oncology | Chronic myeloid leukemia and GIST | 627 | 1 316 | 1 943 |,"Note table of top products, US / rest of world / total, for this year.",,
NVS,Gleevec/Glivec,2018,1561,USD,worldwide net sales,0001370368-21-000006,20-F,Gleevec/Glivec | Oncology | Chronic myeloid leukemia and GIST | 440 | 1 121 | 1 561 |,"Note table of top products, US / rest of world / total, for this year.",,
NVS,Gleevec/Glivec,2019,1263,USD,worldwide net sales,0001370368-22-000010,20-F,Gleevec/Glivec | Hematology | Chronic myeloid leukemia and GIST | 334 | 929 | 1 263 |,"Note table of top products, US / rest of world / total, for this year.",,
NVS,Gleevec/Glivec,2020,1188,USD,worldwide net sales,0001370368-23-000048,20-F/A,"Gleevec/Glivec | Established Brands | Chronic myeloid leukemia (CML), gastrointestinal stromal tumors (GIST) | 315 | 873 | 1 188 |","Note table of top products, US / rest of world / total, for this year. Taken from the 20-F/A filed 2023-05-15, the latest filing printing this year; the original 2022 20-F (0001370368-23-000006) prints the same figure.",,
NVS,Gleevec/Glivec,2021,1024,USD,worldwide net sales,0001370368-24-000004,20-F,"Gleevec/Glivec | Established brands | Chronic myeloid leukemia (CML), gastrointestinal stromal tumors (GIST) | 263 | 761 | 1 024 |","Note table of top products, US / rest of world / total, for this year.",,
NVS,Gleevec/Glivec,2022,745,USD,worldwide net sales,0001370368-25-000004,20-F,"Gleevec/Glivec | Established brands | Chronic myeloid leukemia (CML), gastrointestinal stromal tumors (GIST) | 205 | 540 | 745 |","Note table of top products, US / rest of world / total, for this year.",,
NVS,Gleevec/Glivec,2023,561,USD,worldwide net sales,0001114448-26-000004,20-F,"Gleevec/Glivec | Established brands | Chronic myeloid leukemia (CML), gastrointestinal stromal tumors (GIST) | 150 | 411 | 561 |","Note table of top products, US / rest of world / total, for this year. 2024 and 2025 are not printed: Gleevec drops out of the product tables in the 2024 and 2025 20-Fs.",,
NVS,Lucentis,2006,19,USD,net sales booked by Novartis (ex-US; Genentech/Roche sells Lucentis in the US),0001047469-09-000435,20-F,Lucentis | 886 | 393 | 125 | 19 | NM |,"Consolidated financial statements note, pharmaceuticals net sales by product (three years). Launch year, before the requested span.",,
NVS,Lucentis,2007,393,USD,net sales booked by Novartis (ex-US; Genentech/Roche sells Lucentis in the US),0001047469-10-000310,20-F,"Lucentis | 1,232 | 886 | 39 | 393 | 125 |","Consolidated financial statements note, pharmaceuticals net sales by product (three years).",,
NVS,Lucentis,2008,886,USD,net sales booked by Novartis (ex-US; Genentech/Roche sells Lucentis in the US),0001047469-11-000325,20-F,"Lucentis | 1,533 | 1,232 | 24 | 24 | 886 | 39 | 47 |","Consolidated financial statements note, pharmaceuticals net sales by product (three years). 2010 20-F footnotes 2008: includes a one-time US government rebate provision reversal that may lift individual brand sales.",,
NVS,Lucentis,2009,1232,USD,net sales booked by Novartis (ex-US; Genentech/Roche sells Lucentis in the US),0001047469-12-000354,20-F,"Lucentis | 2,050 | 1,533 | 34 | 1,232 | 24 |","Consolidated financial statements note, pharmaceuticals net sales by product (three years).",,
NVS,Lucentis,2010,1533,USD,net sales booked by Novartis (ex-US; Genentech/Roche sells Lucentis in the US),0001047469-13-000377,20-F,"Lucentis | 2,398 | 2,050 | 17 | 1,533 | 34 |","Consolidated financial statements note, pharmaceuticals net sales by product (three years).",,
NVS,Lucentis,2011,2050,USD,net sales booked by Novartis (ex-US; Genentech/Roche sells Lucentis in the US),0001047469-14-000415,20-F,"Lucentis | 2,383 | 2,398 | (1 | ) | 2,050 | 17 |","Consolidated financial statements note, pharmaceuticals net sales by product (three years).",,
NVS,Lucentis,2012,2398,USD,net sales booked by Novartis (ex-US; Genentech/Roche sells Lucentis in the US),0001047469-15-000433,20-F,"Lucentis | 2,441 | 2,383 | 2 | 2,398 | (1 | ) |","Consolidated financial statements note, pharmaceuticals net sales by product (three years).",,
NVS,Lucentis,2013,2383,USD,net sales booked by Novartis (ex-US; Genentech/Roche sells Lucentis in the US),0001047469-16-009872,20-F,"Lucentis | 2,060 | 2,441 | (16 | ) | 2,383 | 2 |","Consolidated financial statements note, pharmaceuticals net sales by product (three years).",,
NVS,Lucentis,2014,2441,USD,net sales booked by Novartis (ex-US; Genentech/Roche sells Lucentis in the US),0001047469-16-009872,20-F,"Lucentis | 2,060 | 2,441 | (16 | ) | 2,383 | 2 |","Consolidated financial statements note, pharmaceuticals net sales by product (three years).",,
NVS,Lucentis,2015,2060,USD,net sales booked by Novartis (ex-US; Genentech/Roche sells Lucentis in the US),0001047469-17-000338,20-F,"Lucentis | Ophthalmology | Age-related macular degeneration | 2,060 | (2 | ) | 2,060 | (16 | ) | (2 | ) |",Item 5 top products table for the prior year (US / rest of world / total); latest filing that prints this year.,,
NVS,Lucentis,2016,1835,USD,net sales booked by Novartis (ex-US; Genentech/Roche sells Lucentis in the US),0001370368-19-000002,20-F,Lucentis | Ophthalmology | Age-related macular degeneration | 1 835 | 1 835 |,"Note table of top products, US / rest of world / total, for this year.",,
NVS,Lucentis,2017,1888,USD,net sales booked by Novartis (ex-US; Genentech/Roche sells Lucentis in the US),0001370368-20-000003,20-F,Lucentis | Ophthalmology | Age-related macular degeneration | 1 888 | 1 888 |,"Note table of top products, US / rest of world / total, for this year.",,
NVS,Lucentis,2018,2046,USD,net sales booked by Novartis (ex-US; Genentech/Roche sells Lucentis in the US),0001370368-21-000006,20-F,Lucentis | Ophthalmology | Age-related macular degeneration | 2 046 | 2 046 |,"Note table of top products, US / rest of world / total, for this year.",,
NVS,Lucentis,2019,2086,USD,net sales booked by Novartis (ex-US; Genentech/Roche sells Lucentis in the US),0001370368-22-000010,20-F,Lucentis | Ophthalmology | Age-related macular degeneration | 2 086 | 2 086 |,"Note table of top products, US / rest of world / total, for this year.",,
NVS,Lucentis,2020,1933,USD,net sales booked by Novartis (ex-US; Genentech/Roche sells Lucentis in the US),0001370368-23-000048,20-F/A,Lucentis | Other Promoted Brands | Age-related macular degeneration (AMD) | 1 933 | 1 933 |,"Note table of top products, US / rest of world / total, for this year. Taken from the 20-F/A filed 2023-05-15, the latest filing printing this year; the original 2022 20-F (0001370368-23-000006) prints the same figure.",,
NVS,Lucentis,2021,2160,USD,net sales booked by Novartis (ex-US; Genentech/Roche sells Lucentis in the US),0001370368-24-000004,20-F,Lucentis 2 | Established brands | Age-related macular degeneration (AMD) | 2 160 | 2 160 |,"Note table of top products, US / rest of world / total, for this year.",,
NVS,Lucentis,2022,1874,USD,net sales booked by Novartis (ex-US; Genentech/Roche sells Lucentis in the US),0001370368-25-000004,20-F,"Lucentis | Established brands | Age-related macular degeneration (AMD), diabetic macular edema (DME), retinal vein occlusion (RVO) | 1 874 | 1 874 |","Note table of top products, US / rest of world / total, for this year.",,
NVS,Lucentis,2023,1475,USD,net sales booked by Novartis (ex-US; Genentech/Roche sells Lucentis in the US),0001114448-26-000004,20-F,"Lucentis | Established brands | Age-related macular degeneration (AMD), diabetic macular edema (DME), retinal vein occlusion (RVO) | 1 475 | 1 475 |","Note table of top products, US / rest of world / total, for this year.",,
NVS,Lucentis,2024,1044,USD,net sales booked by Novartis (ex-US; Genentech/Roche sells Lucentis in the US),0001114448-26-000004,20-F,"Lucentis | Established brands | Age-related macular degeneration (AMD), diabetic macular edema (DME), retinal vein occlusion (RVO) | 1 044 | 1 044 |","Note table of top products, US / rest of world / total, for this year.",,
NVS,Lucentis,2025,643,USD,net sales booked by Novartis (ex-US; Genentech/Roche sells Lucentis in the US),0001114448-26-000004,20-F,"Lucentis | Established brands | Age-related macular degeneration (AMD), diabetic macular edema (DME), retinal vein occlusion (RVO) | 643 | 643 |","Note table of top products, US / rest of world / total, for this year.",,
PFE,Ibrance,2015,723,USD,worldwide,0000078003-18-000027,10-K,"Ibrance | Advanced breast cancer | 3,126 | 2,135 | 723","row value columns: 2017 | 2016 | 2015; earliest year with a value in any 10-K table (earlier column shows — or the product is absent); table is in Exhibit 13 (annual report/financial report) of the 10-K filing, document pfe-exhibit13x12312017x10k.htm",,
PFE,Ibrance,2016,2135,USD,worldwide,0000078003-19-000015,10-K,"Ibrance | Advanced breast cancer | 4,118 | 3,126 | 2,135","row value columns: 2018 | 2017 | 2016; table is in Exhibit 13 (annual report/financial report) of the 10-K filing, document pfe-exhibit13x12312018x10k.htm",,
PFE,Ibrance,2017,3126,USD,worldwide,0000078003-20-000014,10-K,"Ibrance | Metastatic breast cancer | 4,961 | 4,118 | 3,126","row value columns: 2019 | 2018 | 2017; table is in Exhibit 13 (annual report/financial report) of the 10-K filing, document pfe-exhibit13x12312019.htm",,
PFE,Ibrance,2018,4118,USD,worldwide,0000078003-21-000038,10-K,"Ibrance | Metastatic breast cancer | 5,392 | 4,961 | 4,118",row value columns: 2020 | 2019 | 2018,,
PFE,Ibrance,2019,4961,USD,worldwide,0000078003-22-000027,10-K,"Ibrance | HR-positive/HER2-negative metastatic breast cancer | 5,437 | 5,392 | 4,961",row value columns: 2021 | 2020 | 2019,,
PFE,Ibrance,2020,5392,USD,worldwide,0000078003-23-000024,10-K,"Ibrance | HR-positive/HER2-negative metastatic breast cancer | 5,120 | 5,437 | 5,392",row value columns: 2022 | 2021 | 2020,,
PFE,Ibrance,2021,5437,USD,worldwide,0000078003-24-000039,10-K,"Ibrance | HR-positive/HER2-negative metastatic breast cancer | 4,753 | 5,120 | 5,437",row value columns: 2023 | 2022 | 2021,,
PFE,Ibrance,2022,5120,USD,worldwide,0000078003-25-000054,10-K,"Ibrance | HR-positive/HER2-negative metastatic breast cancer | 4,367 | 4,753 | 5,120",row value columns: 2024 | 2023 | 2022,,
PFE,Ibrance,2023,4753,USD,worldwide,0000078003-26-000026,10-K,"Ibrance | HR-positive/HER2-negative metastatic breast cancer | 4,122 | 4,367 | 4,753",row value columns: 2025 | 2024 | 2023,,
PFE,Ibrance,2024,4367,USD,worldwide,0000078003-26-000026,10-K,"Ibrance | HR-positive/HER2-negative metastatic breast cancer | 4,122 | 4,367 | 4,753",row value columns: 2025 | 2024 | 2023,,
PFE,Ibrance,2025,4122,USD,worldwide,0000078003-26-000026,10-K,"Ibrance | HR-positive/HER2-negative metastatic breast cancer | 4,122 | 4,367 | 4,753",row value columns: 2025 | 2024 | 2023,,
PFE,Lipitor,1998,2208,USD,worldwide,0000950123-01-002716,10-K405,"Lipitor | 5,031 | 3,795 | 2,208","row value columns: 2000 | 1999 | 1998; restated for the June 2000 Warner-Lambert merger (pooling of interests); Pfizer's original 1998 and 1999 10-Ks print no Lipitor revenue line, only co-promotion alliance revenue; table is in Exhibit 13 (annual report/financial report) of the 10-K filing, document y46668ex13-a.htm",,
PFE,Lipitor,1999,3795,USD,worldwide,0000950123-02-003116,10-K,"Lipitor | 6,449 | 5,030 | 3,795","row value columns: 2001 | 2000 | 1999; restated for the June 2000 Warner-Lambert merger (pooling of interests); Pfizer's original 1998 and 1999 10-Ks print no Lipitor revenue line, only co-promotion alliance revenue; table is in Exhibit 13 (annual report/financial report) of the 10-K filing, document y58494ex13.htm",,
PFE,Lipitor,2000,5028,USD,worldwide,0000950123-03-003360,10-K,"Lipitor | 7,972 | 6,448 | 5,028","row value columns: 2002 | 2001 | 2000; table is in Exhibit 13 (annual report/financial report) of the 10-K filing, document y83976exv13.htm; restated: earlier printings 5,031 in the 2000 10-K, 5,030 in the 2001 10-K",,
PFE,Lipitor,2001,6448,USD,worldwide,0000950123-04-003064,10-K,"Lipitor | 9,231 | 7,972 | 6,448","row value columns: 2003 | 2002 | 2001; table is in Exhibit 13 (annual report/financial report) of the 10-K filing, document y94722exv13.htm; other printings within 1 (rounding or minor revision): 6,449 in the 2001 10-K",,
PFE,Lipitor,2002,7972,USD,worldwide,0000950123-05-002379,10-K,"Lipitor | Reduction of LDL cholesterol | 10,862 | 9,231 | 7,972","row value columns: 2004 | 2003 | 2002; table is in Exhibit 13 (annual report/financial report) of the 10-K filing, document y06124exv13.htm",,
PFE,Lipitor,2003,9231,USD,worldwide,0000930413-06-001567,10-K,"Lipitor | Reduction of LDL cholesterol | 12,187 | 10,862 | 9,231","row value columns: 2005 | 2004 | 2003; table is in Exhibit 13 (annual report/financial report) of the 10-K filing, document c40966_ex13.htm",,
PFE,Lipitor,2004,10862,USD,worldwide,0000930413-07-001807,10-K,"Lipitor | Reduction of LDL cholesterol | 12,886 | 12,187 | 10,862","row value columns: 2006 | 2005 | 2004; table is in Exhibit 13 (annual report/financial report) of the 10-K filing, document c46660_ex13.htm",,
PFE,Lipitor,2005,12187,USD,worldwide,0000930413-08-001360,10-K,"Lipitor | Reduction of LDL cholesterol | 12,675 | 12,886 | 12,187","row value columns: 2007 | 2006 | 2005; table is in Exhibit 13 (annual report/financial report) of the 10-K filing, document c52104_ex13.htm",,
PFE,Lipitor,2006,12886,USD,worldwide,0001193125-09-040568,10-K,"Lipitor | Reduction of LDL cholesterol | 12,401 | 12,675 | 12,886","row value columns: 2008 | 2007 | 2006; table is in Exhibit 13 (annual report/financial report) of the 10-K filing, document dex13.htm",,
PFE,Lipitor,2007,12675,USD,worldwide,0001193125-10-042425,10-K,"Lipitor | Reduction of LDL cholesterol | 11,434 | 12,401 | 12,675","row value columns: 2009 | 2008 | 2007; table is in Exhibit 13 (annual report/financial report) of the 10-K filing, document dex13.htm",,
PFE,Lipitor,2008,12401,USD,worldwide,0001193125-11-048877,10-K,"Lipitor | Reduction of LDL cholesterol | 10,733 | 11,434 | 12,401","row value columns: 2010 | 2009 | 2008; table is in Exhibit 13 (annual report/financial report) of the 10-K filing, document dex13.htm",,
PFE,Lipitor,2009,11434,USD,worldwide,0001193125-12-085703,10-K,"Lipitor | Reduction of LDL cholesterol | 9,577 | 10,733 | 11,434","row value columns: 2011 | 2010 | 2009; table is in Exhibit 13 (annual report/financial report) of the 10-K filing, document d278590dex13.htm",,
PFE,Lipitor,2010,10733,USD,worldwide,0000078003-13-000006,10-K,"Lipitor | Reduction of LDL cholesterol | 3,948 | 9,577 | 10,733","row value columns: 2012 | 2011 | 2010; table is in Exhibit 13 (annual report/financial report) of the 10-K filing, document pfe-12312012xex13.htm",,
PFE,Lipitor,2011,9577,USD,worldwide,0000078003-14-000018,10-K,"Lipitor | Reduction of LDL cholesterol | 2,315 | 3,948 | 9,577","row value columns: 2013 | 2012 | 2011; table is in Exhibit 13 (annual report/financial report) of the 10-K filing, document pfe-12312013xex13.htm",,
PFE,Lipitor,2012,3948,USD,worldwide,0000078003-15-000014,10-K,"Lipitor | Reduction of LDL cholesterol | GEP | 2,061 | 2,315 | 3,948","row value columns: 2014 | 2013 | 2012; table is in Exhibit 13 (annual report/financial report) of the 10-K filing, document pfe-12312014xex13.htm",,
PFE,Lipitor,2013,2315,USD,worldwide,0000078003-16-000077,10-K,"Lipitor | Reduction of LDL cholesterol | 1,860 | 2,061 | 2,315","row value columns: 2015 | 2014 | 2013; table is in Exhibit 13 (annual report/financial report) of the 10-K filing, document pfe-12312015x10kexhibit13.htm",,
PFE,Lipitor,2014,2061,USD,worldwide,0000078003-17-000014,10-K,"Lipitor | Reduction of LDL cholesterol | 1,758 | 1,860 | 2,061","row value columns: 2016 | 2015 | 2014; table is in Exhibit 13 (annual report/financial report) of the 10-K filing, document pfe-12312016x10kexhibit13.htm",,
PFE,Lipitor,2015,1860,USD,worldwide,0000078003-18-000027,10-K,"Lipitor | Reduction of LDL cholesterol | 1,915 | 1,758 | 1,860","row value columns: 2017 | 2016 | 2015; table is in Exhibit 13 (annual report/financial report) of the 10-K filing, document pfe-exhibit13x12312017x10k.htm",,
PFE,Lipitor,2016,1758,USD,worldwide,0000078003-19-000015,10-K,"Lipitor | Reduction of LDL cholesterol | 2,062 | 1,915 | 1,758","row value columns: 2018 | 2017 | 2016; table is in Exhibit 13 (annual report/financial report) of the 10-K filing, document pfe-exhibit13x12312018x10k.htm",,
PFE,Lipitor,2017,1915,USD,worldwide,0000078003-20-000014,10-K,"Lipitor | Reduction of LDL cholesterol | 1,973 | 2,062 | 1,915","row value columns: 2019 | 2018 | 2017; table is in Exhibit 13 (annual report/financial report) of the 10-K filing, document pfe-exhibit13x12312019.htm",,
PFE,Lipitor,2018,2062,USD,worldwide,0000078003-20-000014,10-K,"Lipitor | Reduction of LDL cholesterol | 1,973 | 2,062 | 1,915","row value columns: 2019 | 2018 | 2017; table is in Exhibit 13 (annual report/financial report) of the 10-K filing, document pfe-exhibit13x12312019.htm",,
PFE,Lipitor,2019,1973,USD,worldwide,0000078003-20-000014,10-K,"Lipitor | Reduction of LDL cholesterol | 1,973 | 2,062 | 1,915","row value columns: 2019 | 2018 | 2017; last year printed; from the 2020 10-K the Upjohn business (incl. Lipitor) is discontinued operations after the 16 Nov 2020 combination with Mylan; table is in Exhibit 13 (annual report/financial report) of the 10-K filing, document pfe-exhibit13x12312019.htm",,
PFE,Lyrica,2004,13,USD,worldwide,0000930413-07-001807,10-K,"Lyrica | Epilepsy, post-herpetic neuralgia and diabetic peripheral neuropathy | 1,156 | 291 | 13","row value columns: 2006 | 2005 | 2004; earliest year with a value in any 10-K table (earlier column shows — or the product is absent); table is in Exhibit 13 (annual report/financial report) of the 10-K filing, document c46660_ex13.htm",,
PFE,Lyrica,2005,291,USD,worldwide,0000930413-08-001360,10-K,"Lyrica | Epilepsy, post-herpetic neuralgia and diabetic peripheral neuropathy, fibromyalgia | 1,829 | 1,156 | 291","row value columns: 2007 | 2006 | 2005; table is in Exhibit 13 (annual report/financial report) of the 10-K filing, document c52104_ex13.htm",,
PFE,Lyrica,2006,1156,USD,worldwide,0001193125-09-040568,10-K,"Lyrica | Epilepsy, post-herpetic neuralgia and diabetic peripheral neuropathy, fibromyalgia | 2,573 | 1,829 | 1,156","row value columns: 2008 | 2007 | 2006; table is in Exhibit 13 (annual report/financial report) of the 10-K filing, document dex13.htm",,
PFE,Lyrica,2007,1829,USD,worldwide,0001193125-10-042425,10-K,"Lyrica | Epilepsy, post-herpetic neuralgia and diabetic peripheral neuropathy, fibromyalgia | 2,840 | 2,573 | 1,829","row value columns: 2009 | 2008 | 2007; table is in Exhibit 13 (annual report/financial report) of the 10-K filing, document dex13.htm",,
PFE,Lyrica,2008,2573,USD,worldwide,0001193125-11-048877,10-K,"Lyrica | Epilepsy, post-herpetic neuralgia and diabetic peripheral neuropathy, fibromyalgia | 3,063 | 2,840 | 2,573","row value columns: 2010 | 2009 | 2008; table is in Exhibit 13 (annual report/financial report) of the 10-K filing, document dex13.htm",,
PFE,Lyrica,2009,2840,USD,worldwide,0001193125-12-085703,10-K,"Lyrica | Epilepsy, post-herpetic neuralgia and diabetic peripheral neuropathy, fibromyalgia | 3,693 | 3,063 | 2,840","row value columns: 2011 | 2010 | 2009; table is in Exhibit 13 (annual report/financial report) of the 10-K filing, document d278590dex13.htm",,
PFE,Lyrica,2010,3063,USD,worldwide,0000078003-13-000006,10-K,"Lyrica | Epilepsy, post-herpetic neuralgia and diabetic peripheral neuropathy, fibromyalgia, neuropathic pain due to spinal cord injury | 4,158 | 3,693 | 3,063","row value columns: 2012 | 2011 | 2010; table is in Exhibit 13 (annual report/financial report) of the 10-K filing, document pfe-12312012xex13.htm",,
PFE,Lyrica,2011,3693,USD,worldwide,0000078003-14-000018,10-K,"Lyrica | Epilepsy, post-herpetic neuralgia and diabetic peripheral neuropathy, fibromyalgia and neuropathic pain due to spinal cord injury | 4,595 | 4,158 | 3,693","row value columns: 2013 | 2012 | 2011; table is in Exhibit 13 (annual report/financial report) of the 10-K filing, document pfe-12312013xex13.htm",,
PFE,Lyrica,2012,4158,USD,worldwide,0000078003-15-000014,10-K,"Lyrica (b) | Epilepsy, post-herpetic neuralgia and diabetic peripheral neuropathy, fibromyalgia, neuropathic pain due to spinal cord injury | GEP/GIP | 5,168 | 4,595 | 4,158","row value columns: 2014 | 2013 | 2012; table is in Exhibit 13 (annual report/financial report) of the 10-K filing, document pfe-12312014xex13.htm",,
PFE,Lyrica,2013,4595,USD,worldwide,0000078003-16-000077,10-K,"Total Lyrica (b) | Epilepsy, post-herpetic neuralgia and diabetic peripheral neuropathy, fibromyalgia and neuropathic pain due to spinal cord injury | 4,839 | 5,168 | 4,595","row value columns: 2015 | 2014 | 2013; value from the Total Lyrica row (Lyrica IH/GIP plus Lyrica EH/GEP segment lines); table is in Exhibit 13 (annual report/financial report) of the 10-K filing, document pfe-12312015x10kexhibit13.htm",,
PFE,Lyrica,2014,5168,USD,worldwide,0000078003-17-000014,10-K,"Total Lyrica (b) | Epilepsy, post-herpetic neuralgia and diabetic peripheral neuropathy, fibromyalgia, neuropathic pain due to spinal cord injury | 4,966 | 4,839 | 5,168","row value columns: 2016 | 2015 | 2014; value from the Total Lyrica row (Lyrica IH/GIP plus Lyrica EH/GEP segment lines); table is in Exhibit 13 (annual report/financial report) of the 10-K filing, document pfe-12312016x10kexhibit13.htm",,
PFE,Lyrica,2015,4839,USD,worldwide,0000078003-18-000027,10-K,"Total Lyrica (b) | Epilepsy, post-herpetic neuralgia and diabetic peripheral neuropathy, fibromyalgia, neuropathic pain due to spinal cord injury | 5,065 | 4,966 | 4,839","row value columns: 2017 | 2016 | 2015; value from the Total Lyrica row (Lyrica IH/GIP plus Lyrica EH/GEP segment lines); table is in Exhibit 13 (annual report/financial report) of the 10-K filing, document pfe-exhibit13x12312017x10k.htm",,
PFE,Lyrica,2016,4966,USD,worldwide,0000078003-19-000015,10-K,"Total Lyrica (b) | Epilepsy, post-herpetic neuralgia and diabetic peripheral neuropathy, fibromyalgia, neuropathic pain due to spinal cord injury | 4,970 | 5,065 | 4,966","row value columns: 2018 | 2017 | 2016; value from the Total Lyrica row (Lyrica IH/GIP plus Lyrica EH/GEP segment lines); table is in Exhibit 13 (annual report/financial report) of the 10-K filing, document pfe-exhibit13x12312018x10k.htm",,
PFE,Lyrica,2017,5065,USD,worldwide,0000078003-20-000014,10-K,"Lyrica | Epilepsy, post-herepetic neuralgia and diabetic peripheral neuropathy, fibromyalgia, neuropathic pain due to spinal cord injury | 3,321 | 4,970 | 5,065","row value columns: 2019 | 2018 | 2017; table is in Exhibit 13 (annual report/financial report) of the 10-K filing, document pfe-exhibit13x12312019.htm",,
PFE,Lyrica,2018,4970,USD,worldwide,0000078003-20-000014,10-K,"Lyrica | Epilepsy, post-herepetic neuralgia and diabetic peripheral neuropathy, fibromyalgia, neuropathic pain due to spinal cord injury | 3,321 | 4,970 | 5,065","row value columns: 2019 | 2018 | 2017; table is in Exhibit 13 (annual report/financial report) of the 10-K filing, document pfe-exhibit13x12312019.htm",,
PFE,Lyrica,2019,3321,USD,worldwide,0000078003-20-000014,10-K,"Lyrica | Epilepsy, post-herepetic neuralgia and diabetic peripheral neuropathy, fibromyalgia, neuropathic pain due to spinal cord injury | 3,321 | 4,970 | 5,065","row value columns: 2019 | 2018 | 2017; last year printed; Lyrica moved with Upjohn to discontinued operations in the 2020 10-K; table is in Exhibit 13 (annual report/financial report) of the 10-K filing, document pfe-exhibit13x12312019.htm",,
PFE,Prevnar family,2011,4145,USD,worldwide,0000078003-14-000018,10-K,"Prevnar family | Vaccine for prevention of pneumococcal disease | 3,974 | 4,117 | 4,145","row value columns: 2013 | 2012 | 2011; earliest year printed under the Prevnar family label (2013 10-K); for 2010 see the separate 13-valent and 7-valent rows; family = Prevnar 13/Prevenar 13 plus Prevnar/Prevenar (7-valent) per 2013 10-K; table is in Exhibit 13 (annual report/financial report) of the 10-K filing, document pfe-12312013xex13.htm",,
PFE,Prevnar family,2012,4117,USD,worldwide,0000078003-15-000014,10-K,"Prevnar family | Vaccines for prevention of pneumococcal disease | V | 4,464 | 3,974 | 4,117","row value columns: 2014 | 2013 | 2012; family = Prevnar 13/Prevenar 13 plus Prevnar/Prevenar (7-valent) per 2013 10-K; table is in Exhibit 13 (annual report/financial report) of the 10-K filing, document pfe-12312014xex13.htm",,
PFE,Prevnar family,2013,3974,USD,worldwide,0000078003-16-000077,10-K,"Prevnar family (f) | Vaccines for prevention of pneumococcal disease | 6,245 | 4,464 | 3,974","row value columns: 2015 | 2014 | 2013; family = Prevnar 13/Prevenar 13 plus Prevnar/Prevenar (7-valent) per 2013 10-K; table is in Exhibit 13 (annual report/financial report) of the 10-K filing, document pfe-12312015x10kexhibit13.htm",,
PFE,Prevnar family,2014,4464,USD,worldwide,0000078003-17-000014,10-K,"Prevnar 13/Prevenar 13 | Vaccines for prevention of pneumococcal disease | 5,718 | 6,245 | 4,464","row value columns: 2016 | 2015 | 2014; row labelled Prevnar 13/Prevenar 13 in 2016-2020 10-Ks; same values as Prevnar family rows where years overlap (2015 10-K footnote: 2015 revenues all Prevnar 13, 2014 and 2013 the Prevnar family); table is in Exhibit 13 (annual report/financial report) of the 10-K filing, document pfe-12312016x10kexhibit13.htm",,
PFE,Prevnar family,2015,6245,USD,worldwide,0000078003-18-000027,10-K,"Prevnar 13/Prevenar 13 | Vaccines for prevention of pneumococcal disease | 5,601 | 5,718 | 6,245","row value columns: 2017 | 2016 | 2015; row labelled Prevnar 13/Prevenar 13 in 2016-2020 10-Ks; same values as Prevnar family rows where years overlap (2015 10-K footnote: 2015 revenues all Prevnar 13, 2014 and 2013 the Prevnar family); table is in Exhibit 13 (annual report/financial report) of the 10-K filing, document pfe-exhibit13x12312017x10k.htm",,
PFE,Prevnar family,2016,5718,USD,worldwide,0000078003-19-000015,10-K,"Prevnar 13/Prevenar 13 | Vaccines for prevention of pneumococcal disease | 5,802 | 5,601 | 5,718","row value columns: 2018 | 2017 | 2016; row labelled Prevnar 13/Prevenar 13 in 2016-2020 10-Ks; same values as Prevnar family rows where years overlap (2015 10-K footnote: 2015 revenues all Prevnar 13, 2014 and 2013 the Prevnar family); table is in Exhibit 13 (annual report/financial report) of the 10-K filing, document pfe-exhibit13x12312018x10k.htm",,
PFE,Prevnar family,2017,5601,USD,worldwide,0000078003-20-000014,10-K,"Prevnar 13/Prevenar 13 | Pneumococcal disease | 5,847 | 5,802 | 5,601","row value columns: 2019 | 2018 | 2017; row labelled Prevnar 13/Prevenar 13 in 2016-2020 10-Ks; same values as Prevnar family rows where years overlap (2015 10-K footnote: 2015 revenues all Prevnar 13, 2014 and 2013 the Prevnar family); table is in Exhibit 13 (annual report/financial report) of the 10-K filing, document pfe-exhibit13x12312019.htm",,
PFE,Prevnar family,2018,5802,USD,worldwide,0000078003-21-000038,10-K,"Prevnar 13/Prevenar 13 | Pneumococcal disease | 5,850 | 5,847 | 5,802","row value columns: 2020 | 2019 | 2018; row labelled Prevnar 13/Prevenar 13 in 2016-2020 10-Ks; same values as Prevnar family rows where years overlap (2015 10-K footnote: 2015 revenues all Prevnar 13, 2014 and 2013 the Prevnar family)",,
PFE,Prevnar family,2019,5847,USD,worldwide,0000078003-22-000027,10-K,"Prevnar family (c) | Pneumococcal disease | 5,272 | 5,850 | 5,847",row value columns: 2021 | 2020 | 2019,,
PFE,Prevnar family,2020,5850,USD,worldwide,0000078003-23-000024,10-K,"Prevnar family | Active immunization to prevent invasive disease caused by Streptococcus pneumoniae serotypes | 6,337 | 5,272 | 5,850",row value columns: 2022 | 2021 | 2020,,
PFE,Prevnar family,2021,5272,USD,worldwide,0000078003-24-000039,10-K,"Prevnar family | Active immunization to prevent pneumonia, invasive disease and otitis media caused by Streptococcus pneumoniae | 6,440 | 6,337 | 5,272",row value columns: 2023 | 2022 | 2021; Prevnar family includes Prevnar 13/Prevenar 13 and Prevnar 20 (2021 10-K footnote),,
PFE,Prevnar family,2022,6342,USD,worldwide,0000078003-25-000054,10-K,"Prevnar family | Active immunization to prevent pneumonia, invasive disease and otitis media caused by Streptococcus pneumoniae | 6,411 | 6,501 | 6,342","row value columns: 2024 | 2023 | 2022; Prevnar family includes Prevnar 13/Prevenar 13 and Prevnar 20 (2021 10-K footnote); restated in 2024 10-K (2022: 6,337 -> 6,342; 2023: 6,440 -> 6,501), the year Pfizer recast prior periods to present royalty revenues within total revenues; the product table gives no line-specific reason",,
PFE,Prevnar family,2023,6501,USD,worldwide,0000078003-26-000026,10-K,"Prevnar family | Active immunization to prevent pneumonia, invasive disease and otitis media caused by Streptococcus pneumoniae | 6,494 | 6,411 | 6,501","row value columns: 2025 | 2024 | 2023; Prevnar family includes Prevnar 13/Prevenar 13 and Prevnar 20 (2021 10-K footnote); restated in 2024 10-K (2022: 6,337 -> 6,342; 2023: 6,440 -> 6,501), the year Pfizer recast prior periods to present royalty revenues within total revenues; the product table gives no line-specific reason",,
PFE,Prevnar family,2024,6411,USD,worldwide,0000078003-26-000026,10-K,"Prevnar family | Active immunization to prevent pneumonia, invasive disease and otitis media caused by Streptococcus pneumoniae | 6,494 | 6,411 | 6,501",row value columns: 2025 | 2024 | 2023; Prevnar family includes Prevnar 13/Prevenar 13 and Prevnar 20 (2021 10-K footnote),,
PFE,Prevnar family,2025,6494,USD,worldwide,0000078003-26-000026,10-K,"Prevnar family | Active immunization to prevent pneumonia, invasive disease and otitis media caused by Streptococcus pneumoniae | 6,494 | 6,411 | 6,501",row value columns: 2025 | 2024 | 2023; Prevnar family includes Prevnar 13/Prevenar 13 and Prevnar 20 (2021 10-K footnote),,
PFE,Xeljanz,2012,6,USD,worldwide,0000078003-15-000014,10-K,Xeljanz | Rheumatoid arthritis | GIP | 308 | 114 | 6,"row value columns: 2014 | 2013 | 2012; earliest year with a value in any 10-K table (earlier column shows — or the product is absent); table is in Exhibit 13 (annual report/financial report) of the 10-K filing, document pfe-12312014xex13.htm",,
PFE,Xeljanz,2013,114,USD,worldwide,0000078003-16-000077,10-K,Xeljanz | Rheumatoid arthritis | 523 | 308 | 114,"row value columns: 2015 | 2014 | 2013; table is in Exhibit 13 (annual report/financial report) of the 10-K filing, document pfe-12312015x10kexhibit13.htm",,
PFE,Xeljanz,2014,308,USD,worldwide,0000078003-17-000014,10-K,Xeljanz | Rheumatoid arthritis | 927 | 523 | 308,"row value columns: 2016 | 2015 | 2014; table is in Exhibit 13 (annual report/financial report) of the 10-K filing, document pfe-12312016x10kexhibit13.htm",,
PFE,Xeljanz,2015,523,USD,worldwide,0000078003-18-000027,10-K,"Xeljanz | Rheumatoid arthritis; psoriatic arthritis | 1,345 | 927 | 523","row value columns: 2017 | 2016 | 2015; table is in Exhibit 13 (annual report/financial report) of the 10-K filing, document pfe-exhibit13x12312017x10k.htm",,
PFE,Xeljanz,2016,927,USD,worldwide,0000078003-19-000015,10-K,"Xeljanz | RA, PsA, ulcerative colitis | 1,774 | 1,345 | 927","row value columns: 2018 | 2017 | 2016; table is in Exhibit 13 (annual report/financial report) of the 10-K filing, document pfe-exhibit13x12312018x10k.htm",,
PFE,Xeljanz,2017,1345,USD,worldwide,0000078003-20-000014,10-K,"Xeljanz | RA, PsA, UC | 2,242 | 1,774 | 1,345","row value columns: 2019 | 2018 | 2017; table is in Exhibit 13 (annual report/financial report) of the 10-K filing, document pfe-exhibit13x12312019.htm",,
PFE,Xeljanz,2018,1774,USD,worldwide,0000078003-21-000038,10-K,"Xeljanz | RA, PsA, UC, active polyarticular course juvenile idiopathic arthritis | 2,437 | 2,242 | 1,774",row value columns: 2020 | 2019 | 2018,,
PFE,Xeljanz,2019,2242,USD,worldwide,0000078003-22-000027,10-K,"Xeljanz | RA, PsA, UC, active polyarticular course juvenile idiopathic arthritis, ankylosing spondylitis | 2,455 | 2,437 | 2,242",row value columns: 2021 | 2020 | 2019,,
PFE,Xeljanz,2020,2437,USD,worldwide,0000078003-23-000024,10-K,"Xeljanz | RA, PsA, UC, active polyarticular course juvenile idiopathic arthritis, ankylosing spondylitis | 1,796 | 2,455 | 2,437",row value columns: 2022 | 2021 | 2020,,
PFE,Xeljanz,2021,2455,USD,worldwide,0000078003-24-000039,10-K,"Xeljanz | RA, PsA, UC, active polyarticular course juvenile idiopathic arthritis, ankylosing spondylitis | 1,703 | 1,796 | 2,455",row value columns: 2023 | 2022 | 2021,,
PFE,Xeljanz,2022,1796,USD,worldwide,0000078003-25-000054,10-K,"Xeljanz | RA, PsA, UC, active polyarticular course juvenile idiopathic arthritis, ankylosing spondylitis | 1,168 | 1,703 | 1,796",row value columns: 2024 | 2023 | 2022,,
PFE,Xeljanz,2023,1703,USD,worldwide,0000078003-26-000026,10-K,"Xeljanz | RA, PsA, UC, active polyarticular course juvenile idiopathic arthritis, ankylosing spondylitis | 1,087 | 1,168 | 1,703",row value columns: 2025 | 2024 | 2023,,
PFE,Xeljanz,2024,1168,USD,worldwide,0000078003-26-000026,10-K,"Xeljanz | RA, PsA, UC, active polyarticular course juvenile idiopathic arthritis, ankylosing spondylitis | 1,087 | 1,168 | 1,703",row value columns: 2025 | 2024 | 2023,,
PFE,Xeljanz,2025,1087,USD,worldwide,0000078003-26-000026,10-K,"Xeljanz | RA, PsA, UC, active polyarticular course juvenile idiopathic arthritis, ankylosing spondylitis | 1,087 | 1,168 | 1,703",row value columns: 2025 | 2024 | 2023,,
REGN,Eylea,2011,24.8,USD,U.S. net product sales only (Bayer records ex-U.S. sales; Regeneron shares ex-U.S. profit),0001532176-14-000008,10-K,"Net product sales of EYLEA in the United States were $1,408.7 million in 2013, $837.9 million in 2012, and $24.8 million in 2011","Launch year: FDA approval Nov 2011, all sales in Q4 2011.",,
REGN,Eylea,2012,837.9,USD,U.S. net product sales only (Bayer records ex-U.S. sales; Regeneron shares ex-U.S. profit),0001532176-15-000008,10-K,"Net product sales of EYLEA in the United States were $1,736.4 million in 2014, $1,408.7 million in 2013, and $837.9 million in 2012",,,
REGN,Eylea,2013,1408.7,USD,U.S. net product sales only (Bayer records ex-U.S. sales; Regeneron shares ex-U.S. profit),0001532176-16-000045,10-K,"Net product sales of EYLEA in the United States were $2,676.0 million in 2015, compared to $1,736.4 million in 2014 and $1,408.7 million in 2013",,,
REGN,Eylea,2014,1736.4,USD,U.S. net product sales only (Bayer records ex-U.S. sales; Regeneron shares ex-U.S. profit),0001532176-17-000008,10-K,"Net product sales of EYLEA in the United States were $3,323.1 million in 2016, compared to $2,676.0 million in 2015 and $1,736.4 million in 2014",,,
REGN,Eylea,2015,2676.0,USD,U.S. net product sales only (Bayer records ex-U.S. sales; Regeneron shares ex-U.S. profit),0001532176-18-000013,10-K,"EYLEA in the United States $ 3,701.9 $ 3,323.1 $ 2,676.0",,,
REGN,Eylea,2016,3323.1,USD,U.S. net product sales only (Bayer records ex-U.S. sales; Regeneron shares ex-U.S. profit),0001532176-19-000009,10-K,"EYLEA $ 4,076.7 $ 3,701.9 $ 3,323.1 $ 374.8 $ 378.8",,,
REGN,Eylea,2017,3701.9,USD,U.S. net product sales only (Bayer records ex-U.S. sales; Regeneron shares ex-U.S. profit),0001532176-20-000008,10-K,"EYLEA $ 4,644.2 $ 4,076.7 $ 3,701.9 $ 567.5 $ 374.8",,,
REGN,Eylea,2018,4076.7,USD,U.S. net product sales only (Bayer records ex-U.S. sales; Regeneron shares ex-U.S. profit),0001804220-21-000008,10-K,"EYLEA $ 4,947.2 $ 4,644.2 $ 4,076.7 $ 303.0 $ 567.5",,,
REGN,Eylea,2019,4644.2,USD,U.S. net product sales only (Bayer records ex-U.S. sales; Regeneron shares ex-U.S. profit),0001804220-22-000007,10-K,"EYLEA $ 5,792.3 $ 4,947.2 $ 4,644.2 $ 845.1 $ 303.0",,,
REGN,Eylea,2020,4947.2,USD,U.S. net product sales only (Bayer records ex-U.S. sales; Regeneron shares ex-U.S. profit),0001804220-23-000008,10-K,"EYLEA - U.S. $ 6,264.6 $ 5,792.3 $ 4,947.2 $ 472.3 $ 845.1",,,
REGN,Eylea,2021,5792.3,USD,U.S. net product sales only (Bayer records ex-U.S. sales; Regeneron shares ex-U.S. profit),0001804220-24-000009,10-K,"EYLEA - U.S. 5,719.6 6,264.6 5,792.3 (545.0) 472.3",,,
REGN,Eylea,2022,6264.6,USD,U.S. net product sales only (Bayer records ex-U.S. sales; Regeneron shares ex-U.S. profit),0001804220-25-000011,10-K,"EYLEA - U.S. 4,767.1 5,719.6 6,264.6 (952.5) (545.0)",,,
REGN,Eylea,2023,5885.4,USD,"U.S. net product sales only (Bayer records ex-U.S. sales; Regeneron shares ex-U.S. profit); EYLEA 2 mg only, excludes EYLEA HD",0000872589-26-000008,10-K,"EYLEA - U.S. 2,747.8 4,767.1 5,719.6 (2,019.3) (952.5) | EYLEA HD - U.S. $ 1,636.9 $ 1,201.1 $ 165.8 $ 435.8 $ 1,035.3","Sum of printed EYLEA and EYLEA HD U.S. rows: patients moved from one to the other, so the two are one franchise. From 2023 EYLEA (2 mg) and EYLEA HD (8 mg) are printed separately; combined U.S. 5,885.4.",,
REGN,Eylea,2024,5968.2,USD,"U.S. net product sales only (Bayer records ex-U.S. sales; Regeneron shares ex-U.S. profit); EYLEA 2 mg only, excludes EYLEA HD",0000872589-26-000008,10-K,"EYLEA - U.S. 2,747.8 4,767.1 5,719.6 (2,019.3) (952.5) | EYLEA HD - U.S. $ 1,636.9 $ 1,201.1 $ 165.8 $ 435.8 $ 1,035.3","Sum of printed EYLEA and EYLEA HD U.S. rows: patients moved from one to the other, so the two are one franchise. Combined U.S. EYLEA HD + EYLEA 5,968.2; FY2024 10-K cites patients moving from EYLEA to EYLEA HD.",,
REGN,Eylea,2025,4384.7,USD,"U.S. net product sales only (Bayer records ex-U.S. sales; Regeneron shares ex-U.S. profit); EYLEA 2 mg only, excludes EYLEA HD",0000872589-26-000008,10-K,"EYLEA - U.S. 2,747.8 4,767.1 5,719.6 (2,019.3) (952.5) | EYLEA HD - U.S. $ 1,636.9 $ 1,201.1 $ 165.8 $ 435.8 $ 1,035.3","Sum of printed EYLEA and EYLEA HD U.S. rows: patients moved from one to the other, so the two are one franchise. Combined U.S. EYLEA HD + EYLEA 4,384.7.",,
SNY,Dupixent,2017,219,EUR,worldwide consolidated net sales,0001121404-20-000006,20-F,"| Dupixent ® | 200 | 1,669 | 205 | 2,074 | 75 | 660 | 53 | 788 | 2 | 216 | 1 | 219 |",Segment note net sales by product: Europe / United States / Other countries / total for three years; value is this year's total. Launch year. Net sales as booked by Sanofi (Regeneron collaboration described in Note C.1).,,
SNY,Dupixent,2018,788,EUR,worldwide consolidated net sales,0001121404-21-000004,20-F,"| Dupixent ® | 386 | 2,808 | 340 | 3,534 | 204 | 1,669 | 201 | 2,074 | 75 | 660 | 53 | 788 |",Segment note net sales by product: Europe / United States / Other countries / total for three years; value is this year's total.,,
SNY,Dupixent,2019,2074,EUR,worldwide consolidated net sales,0001121404-22-000007,20-F,"| Dupixent ® | 649 | 3,971 | 629 | 5,249 | 386 | 2,808 | 340 | 3,534 | 204 | 1,669 | 201 | 2,074 |",Segment note net sales by product: Europe / United States / Other countries / total for three years; value is this year's total.,,
SNY,Dupixent,2020,3534,EUR,worldwide consolidated net sales,0001121404-23-000008,20-F,"Dupixent ® | 940 | 6,346 | 1,007 | 8,293 | 649 | 3,971 | 629 | 5,249 | 386 | 2,808 | 340 | 3,534 |",Segment note net sales by product: Europe / United States / Other countries / total for three years; value is this year's total.,,
SNY,Dupixent,2021,5249,EUR,worldwide consolidated net sales,0001121404-24-000009,20-F,"of which | DUPIXENT | 1,224 | 8,145 | 1,346 | 10,715 | 940 | 6,346 | 1,007 | 8,293 | 649 | 3,971 | 629 | 5,249 |",Segment note net sales by product: Europe / United States / Other countries / total for three years; value is this year's total.,,
SNY,Dupixent,2022,8292,EUR,worldwide consolidated net sales,0001121404-25-000010,20-F,"of which | Dupixent | 1,618 | 9,544 | 1,910 | 13,072 | 1,224 | 8,145 | 1,346 | 10,715 | 940 | 6,346 | 1,006 | 8,292 |","Segment note net sales by product: Europe / United States / Other countries / total for three years; value is this year's total. 2022 re-presented for Opella as discontinued operation (the 2022 and 2023 20-Fs printed 8,293).",,
SNY,Dupixent,2023,10715,EUR,worldwide consolidated net sales,0001628280-26-008403,20-F,"of which | Dupixent | 1,957 | 11,538 | 2,219 | 15,714 | 1,618 | 9,544 | 1,910 | 13,072 | 1,224 | 8,145 | 1,346 | 10,715 |",Segment note net sales by product: Europe / United States / Other countries / total for three years; value is this year's total.,,
SNY,Dupixent,2024,13072,EUR,worldwide consolidated net sales,0001628280-26-008403,20-F,"of which | Dupixent | 1,957 | 11,538 | 2,219 | 15,714 | 1,618 | 9,544 | 1,910 | 13,072 | 1,224 | 8,145 | 1,346 | 10,715 |",Segment note net sales by product: Europe / United States / Other countries / total for three years; value is this year's total.,,
SNY,Dupixent,2025,15714,EUR,worldwide consolidated net sales,0001628280-26-008403,20-F,"of which | Dupixent | 1,957 | 11,538 | 2,219 | 15,714 | 1,618 | 9,544 | 1,910 | 13,072 | 1,224 | 8,145 | 1,346 | 10,715 |",Segment note net sales by product: Europe / United States / Other countries / total for three years; value is this year's total.,,
SNY,Lantus,2003,498,EUR,pro forma worldwide net sales (Aventis pre-acquisition),0001193125-05-073750,20-F,Lantus ® | Diabetes | 498 | 469 | 843 | +69.3 | % | +79.7 | % |,"Pro forma reported 2003 (includes Aventis, which owned Lantus and was acquired in August 2004). French GAAP. Only pre-merger year printed in a Sanofi 20-F; Aventis's own 20-Fs are a different registrant and were not used.",,
SNY,Lantus,2004,832,EUR,pro forma worldwide net sales,0001193125-07-072848,20-F,"Lantus ® | Diabetes | 1,214 | 832 | 823 | +45.9 | % | +47.5 | % |",Basis break: IFRS from 2004 as restated; 2003 is French GAAP pro forma. '2004 Pro forma reported' under IFRS in the 2006 20-F (2004 20-F printed 843 pro forma under French GAAP). Pro forma includes Aventis for the full year although it was consolidated only from 20 August 2004.,1,
SNY,Lantus,2005,1214,EUR,worldwide consolidated net sales,0001193125-08-049502,20-F,"Lantus ® | Diabetes | 2,031 | 1,666 | 1,214 |","Consolidated financial statements segment note, net sales by product, three years.",,
SNY,Lantus,2006,1666,EUR,worldwide consolidated net sales,0001193125-09-044756,20-F,"Lantus ® | Diabetes | 2,450 | 2,031 | 1,666 |","Consolidated financial statements segment note, net sales by product, three years.",,
SNY,Lantus,2007,2031,EUR,worldwide consolidated net sales,0001193125-10-054671,20-F,"Lantus ® | 3,080 | 2,450 | 2,031 |","Consolidated financial statements segment note, net sales by product, three years.",,
SNY,Lantus,2008,2450,EUR,worldwide consolidated net sales,0001193125-11-050947,20-F,"Lantus ® | 3,510 | 3,080 | 2,450 |","Consolidated financial statements segment note, net sales by product, three years.",,
SNY,Lantus,2009,3080,EUR,worldwide consolidated net sales,0001193125-12-098598,20-F,"Lantus ® | 3,916 | 3,510 | 3,080 |","Consolidated financial statements segment note, net sales by product, three years.",,
SNY,Lantus,2010,3510,EUR,worldwide consolidated net sales,0001047469-13-002333,20-F,"Lantus® | 4,960 | 3,916 | 3,510 |","Consolidated financial statements segment note, net sales by product, three years.",,
SNY,Lantus,2011,3916,EUR,worldwide consolidated net sales,0001047469-14-001951,20-F,"Lantus® | 5,715 | 4,960 | 3,916 |","Consolidated financial statements segment note, net sales by product, three years.",,
SNY,Lantus,2012,4960,EUR,worldwide consolidated net sales,0001047469-15-001974,20-F,"Lantus® | Diabetes | 5,715 | 4,960 | +15.2% | +20.0% |",Item 5 net sales by product table (current and prior year); latest filing printing this year.,,
SNY,Lantus,2013,5715,EUR,worldwide consolidated net sales,0001193125-16-493072,20-F,"Lantus ® | Diabetes | 6,344 | 5,715 | +11.0% | +12.1% |",Item 5 net sales by product table (current and prior year); latest filing printing this year.,,
SNY,Lantus,2014,6344,EUR,worldwide consolidated net sales,0001193125-17-069257,20-F,"Lantus ® | Diabetes | 6,390 | 6,344 | +0.7% | -10.8% |",Item 5 net sales by product table (current and prior year); latest filing printing this year.,,
SNY,Lantus,2015,6390,EUR,worldwide consolidated net sales,0001193125-18-073307,20-F,"Lantus ® | Diabetes | 5,714 | 6,390 | -10.6% | -9.4% |",Item 5 net sales by product table (current and prior year); latest filing printing this year.,,
SNY,Lantus,2016,5714,EUR,worldwide consolidated net sales,0001193125-19-068926,20-F,"| Lantus ® | 760 | 2,542 | 1,320 | 4,622 | 878 | 3,528 | 1,308 | 5,714 |",Segment note net sales by product: Europe / United States / Other countries / total for three years; value is this year's total.,,
SNY,Lantus,2017,4625,EUR,worldwide consolidated net sales,0001121404-20-000006,20-F,"| of which | Lantus ® | 584 | 1,149 | 1,279 | 3,012 | 684 | 1,614 | 1,267 | 3,565 | 760 | 2,542 | 1,323 | 4,625 |","Segment note net sales by product: Europe / United States / Other countries / total for three years; value is this year's total. 2017 restated for IFRS 15 first-time application (the 2017 20-F printed 4,622). Toujeo is reported as a separate line throughout.",,
SNY,Lantus,2018,3565,EUR,worldwide consolidated net sales,0001121404-21-000004,20-F,"of which | Lantus ® | 537 | 929 | 1,195 | 2,661 | 599 | 1,149 | 1,264 | 3,012 | 684 | 1,614 | 1,267 | 3,565 |",Segment note net sales by product: Europe / United States / Other countries / total for three years; value is this year's total.,,
SNY,Lantus,2019,3012,EUR,worldwide consolidated net sales,0001121404-22-000007,20-F,"of which | Lantus ® | 474 | 861 | 1,159 | 2,494 | 537 | 929 | 1,195 | 2,661 | 599 | 1,149 | 1,264 | 3,012 |",Segment note net sales by product: Europe / United States / Other countries / total for three years; value is this year's total.,,
SNY,Lantus,2020,2661,EUR,worldwide consolidated net sales,0001121404-23-000008,20-F,"of which | Lantus ® | 426 | 757 | 1,076 | 2,259 | 474 | 861 | 1,159 | 2,494 | 537 | 929 | 1,195 | 2,661 |",Segment note net sales by product: Europe / United States / Other countries / total for three years; value is this year's total.,,
SNY,Lantus,2021,2494,EUR,worldwide consolidated net sales,0001121404-24-000009,20-F,"of which | LANTUS | 357 | 281 | 782 | 1,420 | 426 | 757 | 1,076 | 2,259 | 474 | 861 | 1,159 | 2,494 |",Segment note net sales by product: Europe / United States / Other countries / total for three years; value is this year's total. 2021 column not restated for the 2023 organisation (footnote b).,,
SNY,Lantus,2022,2259,EUR,worldwide consolidated net sales,0001121404-24-000009,20-F,"of which | LANTUS | 357 | 281 | 782 | 1,420 | 426 | 757 | 1,076 | 2,259 | 474 | 861 | 1,159 | 2,494 |",Segment note net sales by product: Europe / United States / Other countries / total for three years; value is this year's total. 2022 column adjusted for the 2023 segment change (footnote a).,,
SNY,Lantus,2023,1420,EUR,worldwide consolidated net sales,0001121404-25-000010,20-F,"Lantus | 1,420 | -32.0% | -36.9% | 281 | -62.6% | 357 | -15.7% | 782 | -16.9% |","Item 5 net sales by product, 2023 vs 2022 section of the 2024 20-F. Filing: US -62.6% CER on lower net selling prices (reimbursement channel mix) and an inventory adjustment ahead of the announced 2024 US list price cut.",,
SNY,Lantus,2024,1628,EUR,worldwide consolidated net sales,0001121404-25-000010,20-F,"Lantus | 1,628 | +14.6% | +20.8% | 638 | +127.0% | 340 | -4.8% | 650 | -5.8% |","Item 5 net sales by product, 2024. The 2025 20-F does not reprint 2024 for Lantus. Filing: US +127.0% CER after a competing medicine was withdrawn and against a low net-price base.",,
SNY,Lantus,2025,1733,EUR,worldwide consolidated net sales,0001628280-26-008403,20-F,"Lantus | 1,733 | +6.4% | +10.3% | 808 | +32.1% | 297 | -12.4% | 628 | +0.8% |","Item 5 net sales by product, 2025. Filing: US +32.1% CER while competing medicines were unavailable; demand expected to normalise in 2026.",,
SNY,Plavix/Iscover,2000,437,EUR,consolidated net sales (Sanofi books; excludes BMS-consolidated alliance sales),0000950109-03-003612,20-F,Plavix ® | 987 | 705 | 437 |,"Consolidated financial statements segment note, net sales by product, three years. Sanofi-Synthelabo, French GAAP.",,
SNY,Plavix/Iscover,2001,705,EUR,consolidated net sales (Sanofi books; excludes BMS-consolidated alliance sales),0001193125-04-056369,20-F,"Plavix ® | 1,325 | 987 | 705 |","Consolidated financial statements segment note, net sales by product, three years. Sanofi-Synthelabo, French GAAP.",,
SNY,Plavix/Iscover,2002,987,EUR,consolidated net sales (Sanofi books; excludes BMS-consolidated alliance sales),0001193125-05-073750,20-F,"Plavix ® | Cardiovascular/Thrombosis | 987 | 964 | 1,325 | 34.2 | % | 37.4 | % |","2003 vs 2002 net sales table (2002 reported 987, comparable 964). Sanofi-Synthelabo, French GAAP.",,
SNY,Plavix/Iscover,2003,1325,EUR,consolidated net sales (Sanofi books; excludes BMS-consolidated alliance sales),0001193125-05-073750,20-F,"Plavix ® | Atherothrombosis | 1,325 | 1,314 | 1,694 | +27.8 | % | +28.9 | % |","2004 20-F pro forma table, 2003 pro forma reported (Plavix is a legacy Sanofi product, so pro forma equals reported). French GAAP. The same 20-F prints BMS-inclusive 'developed sales' separately (not used).",,
SNY,Plavix/Iscover,2004,1670,EUR,consolidated net sales (Sanofi books; excludes BMS-consolidated alliance sales),0001193125-07-072848,20-F,"Plavix ® | Atherothrombosis | 2,026 | 1,670 | 1,685 | +21.3 | % | +20.2 | % |","Basis break: IFRS from 2004 as restated; 2003 and before are French GAAP. 2005 vs 2004 table, '2004 Pro forma reported' under IFRS (the 2004 20-F printed 1,694 under French GAAP). IFRS from 2005.",1,
SNY,Plavix/Iscover,2005,2026,EUR,consolidated net sales (Sanofi books; excludes BMS-consolidated alliance sales),0001193125-08-049502,20-F,"Plavix ® | Atherothrombosis | 2,424 | 2,229 | 2,026 |","Consolidated financial statements segment note, net sales by product, three years.",,
SNY,Plavix/Iscover,2006,2229,EUR,consolidated net sales (Sanofi books; excludes BMS-consolidated alliance sales),0001193125-09-044756,20-F,"Plavix ® | Atherothrombosis | 2,616 | 2,424 | 2,229 |","Consolidated financial statements segment note, net sales by product, three years.",,
SNY,Plavix/Iscover,2007,2424,EUR,consolidated net sales (Sanofi books; excludes BMS-consolidated alliance sales),0001193125-10-054671,20-F,"Plavix ® | 2,623 | 2,609 | 2,424 |","Consolidated financial statements segment note, net sales by product, three years.",,
SNY,Plavix/Iscover,2008,2609,EUR,consolidated net sales (Sanofi books; excludes BMS-consolidated alliance sales),0001193125-11-050947,20-F,"Plavix ® | 2,083 | 2,623 | 2,609 |","Consolidated financial statements segment note, net sales by product, three years. Restated: the 2009 20-F moved part of 2008 product sales to Consumer Health Care and Generics lines; the 2008 20-F printed 2,616.",,
SNY,Plavix/Iscover,2009,2623,EUR,consolidated net sales (Sanofi books; excludes BMS-consolidated alliance sales),0001193125-12-098598,20-F,"Plavix ® | 2,040 | 2,083 | 2,623 |","Consolidated financial statements segment note, net sales by product, three years.",,
SNY,Plavix/Iscover,2010,2083,EUR,consolidated net sales (Sanofi books; excludes BMS-consolidated alliance sales),0001047469-13-002333,20-F,"Plavix® | 2,066 | 2,040 | 2,083 |","Consolidated financial statements segment note, net sales by product, three years.",,
SNY,Plavix/Iscover,2011,2040,EUR,consolidated net sales (Sanofi books; excludes BMS-consolidated alliance sales),0001047469-14-001951,20-F,"Plavix® | 1,857 | 2,066 | 2,040 |","Consolidated financial statements segment note, net sales by product, three years.",,
SNY,Plavix/Iscover,2012,2066,EUR,consolidated net sales (Sanofi books; excludes BMS-consolidated alliance sales),0001047469-15-001974,20-F,"Plavix® | Atherothrombosis | 1,857 | 2,066 | -10.1% | +1.1% |",Item 5 net sales by product table (current and prior year); latest filing printing this year.,,
SNY,Plavix/Iscover,2013,1857,EUR,consolidated net sales (Sanofi books; excludes BMS-consolidated alliance sales),0001193125-16-493072,20-F,"Plavix ® | Atherothrombosis | 1,862 | 1,857 | +0.3% | +4.7% |",Item 5 net sales by product table (current and prior year); latest filing printing this year.,,
SNY,Plavix/Iscover,2014,1862,EUR,consolidated net sales (Sanofi books; excludes BMS-consolidated alliance sales),0001193125-17-069257,20-F,"Plavix ® | Atherothrombosis | 1,929 | 1,862 | +3.6% | -4.1% |",Item 5 net sales by product table (current and prior year); latest filing printing this year.,,
SNY,Plavix/Iscover,2015,1929,EUR,consolidated net sales (Sanofi books; excludes BMS-consolidated alliance sales),0001193125-18-073307,20-F,"Plavix ® | Atherothrombosis | 1,544 | 1,929 | -20.0% | -18.8% |",Item 5 net sales by product table (current and prior year); latest filing printing this year.,,
SNY,Plavix/Iscover,2016,1544,EUR,consolidated net sales (Sanofi books; excludes BMS-consolidated alliance sales),0001193125-19-068926,20-F,"| Plavix ® | 150 | 1 | 1,320 | 1,471 | 162 | 1 | 1,381 | 1,544 |",Segment note net sales by product: Europe / United States / Other countries / total for three years; value is this year's total.,,
SNY,Plavix/Iscover,2017,1470,EUR,consolidated net sales (Sanofi books; excludes BMS-consolidated alliance sales),0001121404-20-000006,20-F,"| Plavix ® | 139 | — | 1,195 | 1,334 | 147 | — | 1,293 | 1,440 | 150 | 1 | 1,319 | 1,470 |","Segment note net sales by product: Europe / United States / Other countries / total for three years; value is this year's total. 2017 restated for IFRS 15 first-time application (the 2017 20-F printed 1,471).",,
SNY,Plavix/Iscover,2018,1440,EUR,consolidated net sales (Sanofi books; excludes BMS-consolidated alliance sales),0001121404-21-000004,20-F,"| Plavix ® | 129 | 10 | 777 | 916 | 142 | — | 1,192 | 1,334 | 147 | — | 1,293 | 1,440 |",Segment note net sales by product: Europe / United States / Other countries / total for three years; value is this year's total.,,
SNY,Plavix/Iscover,2019,1333,EUR,consolidated net sales (Sanofi books; excludes BMS-consolidated alliance sales),0001121404-22-000007,20-F,"| Plavix ® (a) | 115 | 9 | 805 | 929 | 126 | 10 | 777 | 913 | 141 | — | 1,192 | 1,333 |","Segment note net sales by product: Europe / United States / Other countries / total for three years; value is this year's total. Industrial sales split out from product lines from 2021 (20-F 2021 footnote (a)), which trimmed 2019 and 2020 figures slightly. The 2019 and 2020 20-Fs printed 1,334.",,
SNY,Plavix/Iscover,2020,913,EUR,consolidated net sales (Sanofi books; excludes BMS-consolidated alliance sales),0001121404-23-000008,20-F,| Plavix ® | 101 | 9 | 873 | 983 | 115 | 9 | 805 | 929 | 126 | 10 | 777 | 913 |,"Segment note net sales by product: Europe / United States / Other countries / total for three years; value is this year's total. Industrial sales split out from product lines from 2021 (20-F 2021 footnote (a)), which trimmed 2019 and 2020 figures slightly. The 2020 20-F printed 916.",,
SNY,Plavix/Iscover,2021,929,EUR,consolidated net sales (Sanofi books; excludes BMS-consolidated alliance sales),0001121404-24-000009,20-F,PLAVIX | 96 | 8 | 844 | 948 | 101 | 9 | 873 | 983 | 115 | 9 | 805 | 929 |,Segment note net sales by product: Europe / United States / Other countries / total for three years; value is this year's total. 2021 column not restated for the 2023 organisation (footnote b).,,
SNY,Plavix/Iscover,2022,983,EUR,consolidated net sales (Sanofi books; excludes BMS-consolidated alliance sales),0001121404-24-000009,20-F,PLAVIX | 96 | 8 | 844 | 948 | 101 | 9 | 873 | 983 | 115 | 9 | 805 | 929 |,Segment note net sales by product: Europe / United States / Other countries / total for three years; value is this year's total. 2022 column adjusted for the 2023 segment change (footnote a).,,
SNY,Plavix/Iscover,2023,948,EUR,consolidated net sales (Sanofi books; excludes BMS-consolidated alliance sales),0001121404-25-000010,20-F,Plavix | 948 | +4.5% | -3.5% | 8 | -11.1% | 96 | -5.0% | 844 | +5.7% |,"Item 5 net sales by product, 2023 vs 2022 section of the 2024 20-F.",,
SNY,Plavix/Iscover,2024,914,EUR,consolidated net sales (Sanofi books; excludes BMS-consolidated alliance sales),0001121404-25-000010,20-F,Plavix | 914 | -3.6% | -0.4% | 6 | -25.0% | 91 | -5.2% | 817 | +0.4% |,"Item 5 net sales by product, 2024. The 2025 20-F does not reprint 2024 for Plavix.",,
SNY,Plavix/Iscover,2025,910,EUR,consolidated net sales (Sanofi books; excludes BMS-consolidated alliance sales),0001628280-26-008403,20-F,Plavix | 910 | -0.4% | +3.1% | 6 | —% | 88 | -3.3% | 816 | +3.8% |,"Item 5 net sales by product, 2025.",,
VRTX,Kalydeco,2012,171.645,USD,Worldwide net product revenues,0000875320-17-000017,10-K,"KALYDECO product revenues, net $ 703,432 $ 631,674 $ 463,750 $ 371,285 $ 171,645","Printed in thousands (171,645), converted to millions. Launch year: approved in Q1 2012.",,
VRTX,Kalydeco,2013,371.285,USD,Worldwide net product revenues,0000875320-18-000009,10-K,"KALYDECO product revenues, net 844,630 703,432 631,674 463,750 371,285","Printed in thousands in the five-year selected data, converted to millions.",,
VRTX,Kalydeco,2014,463.750,USD,Worldwide net product revenues,0000875320-18-000009,10-K,"KALYDECO product revenues, net 844,630 703,432 631,674 463,750 371,285","Printed in thousands in the five-year selected data, converted to millions.",,
VRTX,Kalydeco,2015,631.674,USD,Worldwide net product revenues,0000875320-18-000009,10-K,"KALYDECO product revenues, net 844,630 703,432 631,674 463,750 371,285","Printed in thousands in the five-year selected data, converted to millions.",,
VRTX,Kalydeco,2016,703.432,USD,Worldwide net product revenues,0000875320-19-000006,10-K,"KALYDECO 1,007,502 844,630 703,432","Printed in thousands (703,432), converted to millions.",,
VRTX,Kalydeco,2017,844.630,USD,Worldwide net product revenues,0000875320-20-000007,10-K,"KALYDECO 991,062 1,007,502 844,630","Printed in thousands (844,630), converted to millions.",,
VRTX,Kalydeco,2018,1007.502,USD,Worldwide net product revenues,0000875320-21-000006,10-K,"KALYDECO 802,870 991,062 1,007,502","Printed in thousands (1,007,502), converted to millions.",,
VRTX,Kalydeco,2019,991.0,USD,Worldwide net product revenues,0000875320-22-000007,10-K,KALYDECO 684.2 (15)% 802.9 (19)% 991.0,"FY2021 10-K prints 991.0; FY2020 10-K printed 991,062 thousand (991.1). The 0.1 gap is rounding to foot the millions table, not a restatement.",,
VRTX,Kalydeco,2020,802.9,USD,Worldwide net product revenues,0000875320-23-000007,10-K,KALYDECO 553.2 (19)% 684.2 (15)% 802.9,,,
VRTX,Kalydeco,2021,684.2,USD,Worldwide net product revenues,0000875320-24-000062,10-K,KALYDECO 475.5 (14)% 553.2 (19)% 684.2,,,
VRTX,Kalydeco,2022,553.2,USD,Worldwide net product revenues,0000875320-24-000062,10-K,KALYDECO 475.5 (14)% 553.2 (19)% 684.2,,,
VRTX,Kalydeco,2023,475.5,USD,Worldwide net product revenues,0000875320-24-000062,10-K,KALYDECO 475.5 (14)% 553.2 (19)% 684.2,Last year printed. FY2024 and FY2025 10-Ks fold Kalydeco into 'Other product revenues'.,,
VRTX,Trikafta/Kaftrio,2019,420.1,USD,Worldwide net product revenues,0000875320-22-000007,10-K,"TRIKAFTA/KAFTRIO $ 5,697.2 47% $ 3,863.8 820% $ 420.1","Launch year: FDA approval Oct 2019, all 2019 revenue in Q4 (U.S. only; product then named TRIKAFTA).",,
VRTX,Trikafta/Kaftrio,2020,3863.8,USD,Worldwide net product revenues,0000875320-23-000007,10-K,"TRIKAFTA/KAFTRIO $ 7,686.8 35% $ 5,697.2 47% $ 3,863.8",,,
VRTX,Trikafta/Kaftrio,2021,5697.2,USD,Worldwide net product revenues,0000875320-24-000062,10-K,"TRIKAFTA/KAFTRIO $ 8,944.7 16% $ 7,686.8 35% $ 5,697.2",,,
VRTX,Trikafta/Kaftrio,2022,7686.8,USD,Worldwide net product revenues,0000875320-25-000053,10-K,"TRIKAFTA/KAFTRIO $ 10,238.6 14% $ 8,944.7 16% $ 7,686.8",,,
VRTX,Trikafta/Kaftrio,2023,8944.7,USD,Worldwide net product revenues,0000875320-26-000056,10-K,"TRIKAFTA/KAFTRIO $10,312.7 1% $10,238.6 14% $8,944.7",,,
VRTX,Trikafta/Kaftrio,2024,10238.6,USD,Worldwide net product revenues,0000875320-26-000056,10-K,"TRIKAFTA/KAFTRIO $10,312.7 1% $10,238.6 14% $8,944.7",,,
VRTX,Trikafta/Kaftrio,2025,10312.7,USD,Worldwide net product revenues,0000875320-26-000056,10-K,"TRIKAFTA/KAFTRIO $10,312.7 1% $10,238.6 14% $8,944.7",FY2025 10-K prints ALYFTREK separately for the first time (837.8 in 2025).,,
