# Acquisitions of commercial-stage biopharma companies, 2015 to 2026, for the takeover
# lens of the fair value view (backend/fair_value.py). Every number is read from a filing
# and quoted with its accession: the announcement 8-K, the merger proxy or tender offer,
# and the target's last 10-K or 10-Q before announcement.
#
# Enterprise value is the stated one where a release states it, otherwise equity value
# less the target's cash and marketable securities plus its debt from its last balance
# sheet (ev_basis says which). Contingent value rights are left out of every offer value.
# Liabilities from selling future royalties are left out of debt; the note gives the
# enterprise value with them. revenue_ttm_musd is the twelve months to the last 10-Q
# before announcement, computed from filed figures only, where one exists.
#
# Judgement calls, each in its note: Pfizer's $11.6bn for Biohaven may already include
# retiring its debt and preferred stock; Sucampo's and Zogenix's stated values include
# repaying their notes, so their debt is set to nil; Shire's value was stated only in
# pounds and is converted at the rate the same announcement sentence gives; Salix's
# figures are as originally filed, before it said they should not be relied on; Baxalta's
# revenue is from its spin-off registration statement. Avadel has no enterprise value,
# since its only stated value assumes a contingent payment.
acquirer,target,announced,offer_per_share_usd,equity_value_musd,enterprise_value_musd,ev_basis,target_cash_musd,target_debt_musd,balance_sheet_date,revenue_fy_musd,revenue_fy_year,revenue_ttm_musd,ttm_end,premium_pct,accessions,quotes,note
Shire,NPS Pharmaceuticals,2015-01-11,46,5200,5137.9,computed: equity less cash plus debt,169.3,107.3,2014-09-30,155.6,2013,211.8,2014-09-30,51,0001104659-15-001685;0001047469-15-000380;0001136261-14-000082;0001136261-14-000479,"[0001104659-15-001685 a15-2148_1ex99d1.htm] ""Shire will acquire all the outstanding shares of NPS Pharma for $46.00 per share in cash, for a total consideration of approximately $5.2 billion.""; [0001104659-15-001685 a15-2148_1ex99d1.htm] ""The $46.00 per share price in the transaction represents a 51% premium to NPS Pharma's unaffected share price of $30.47 on December 16, 2014.""; [0001047469-15-000380 a2222816zsc14d9.htm] ""a premium of 54% to the closing Share price on November 13, 2014""; [0001136261-14-000082 form10k.htm] ""Product sales, net | 31,752 | - | 99""; [0001136261-14-000082 form10k.htm] ""Royalties | 123,804 | 105,587 | 96,502""; [0001136261-14-000082 form10k.htm] ""Total revenues | 155,592 | 130,644 | 101,645""; [0001136261-14-000479 body10q.htm] ""Nine Months Ended September 30, | September 30, 2014 | 2013 | 2014 | 2013""; [0001136261-14-000479 body10q.htm] ""Product sales, net | 28,091 | 11,037 | 67,917 | 16,492""; [0001136261-14-000479 body10q.htm] ""Royalties | 29,109 | 28,129 | 89,450 | 84,613""; [0001136261-14-000479 body10q.htm] ""Total revenues | 57,200 | 39,202 | 157,367 | 101,141""; [0001136261-14-000479 body10q.htm] ""Cash and cash equivalents | 53,368 | 51,204""; [0001136261-14-000479 body10q.htm] ""Marketable investment securities | 115,979 | 129,270""; [0001136261-14-000479 body10q.htm] ""Convertible notes payable | - | 16,545""; [0001136261-14-000479 body10q.htm] ""Current portion of non-recourse debt | 7,270 | 8,752""; [0001136261-14-000479 body10q.htm] ""Non-recourse debt, less current portion | 100,007 | 123,635""; [0001136261-14-000479 body10q.htm] ""Non-recourse debt | 107,277 | 132,387""; [0001136261-14-000479 body10q.htm] ""Sensipar- and Mimpara-Secured Non-recourse Debt""; [0001136261-14-000479 body10q.htm] ""rhPTH 1-84-Secured Non-recourse Debt""; [0001136261-14-000479 body10q.htm] ""REGPARA-Secured Non-recourse Debt""","All-cash tender offer at $46.00 per share. Equity value is the stated total consideration of approximately $5.2bn; the filings give no separate fully diluted equity or enterprise value figure. Premium 51% to the unaffected close of $30.47 on December 16 2014 as stated in the press release (the SC 14D9 also gives 54% to the November 13 2014 close). Revenue is total revenues. Product sales are a minority: FY2013 product sales $31,752k of $155,592k total, with royalties $123,804k the majority; TTM product sales = 31,752 + 67,917 - 16,492 = 83,177 of TTM total 211,818. TTM = FY2013 155,592 + 9M 2014 157,367 - 9M 2013 101,141 (USD thousands); the 10-Q row columns are Q3 2014, Q3 2013, 9M 2014, 9M 2013. Cash = cash and equivalents $53,368k + marketable investment securities $115,979k at Sep 30 2014. Debt = current portion of non-recourse debt $7,270k + non-recourse debt less current portion $100,007k; this is royalty-based debt (total non-recourse debt $107,277k, secured solely by Sensipar and Mimpara, rhPTH 1-84 and REGPARA royalties), included as debt. Convertible notes payable were nil at Sep 30 2014."
Valeant,Salix Pharmaceuticals,2015-02-22,158,10382,14500,stated,,,,933.8,2013,1378.7,2014-09-30,31.5,0001193125-15-057077;0001193125-15-057297;0001193125-15-079935;0001193125-14-076204;0001193125-14-402053,"[0001193125-15-057077 d878661dex991.htm] ""Valeant will acquire all of the outstanding common stock of Salix for $158.00 per share in cash, or a total enterprise value of approximately $14.5 billion.""; [0001193125-15-057297 d878630dex991.htm] ""Salix Equity (65.7M fully diluted shares at $158/share) $10,382""; [0001193125-15-057297 d878630dex991.htm] ""Total enterprise value ~$14,500""; [0001193125-15-079935 d884202dsc14d9.htm] ""the fact that the Offer Price represents a 31.5% premium over the trading price at which the Shares closed on January 16, 2015, the last trading day before Reuters reported that the Company was working with Centerview to explore its options, including a potential sale""; [0001193125-15-079935 d884202dsc14d9.htm] ""Also on January 28, 2015, the Company announced that the Audit Committee, after discussion with management and the Company's independent registered public accounting firm, Ernst & Young LLP (""EY""), concluded that the Company's previously issued audited consolidated financial statements for the year ended December 31, 2013 and the previously issued unaudited consolidated financial statements for the fiscal quarters ended March 31, June 30, and September 30, 2014, and the disclosures and related communications for each of those periods, required correction of certain errors and should no longer be relied upon.""; [0001193125-15-079935 d884202dsc14d9.htm] ""the Company would restate the financial results contained in the Company's Annual Report on Form 10-K for the fiscal year ended December 31, 2013 and the previously unaudited financial statements and other financial information contained in the""; [0001193125-14-076204 d638628d10k.htm] ""Net product revenues | 933,838 | 735,444 | 540,488""; [0001193125-14-402053 d796453d10q.htm] ""Three months ended September 30, | Nine months ended September 30, 2014 | 2013 | 2014 | 2013 Revenues: Net product revenues | 354,719 | 238,184 | 1,121,093 | 676,226""","All-cash tender offer at $158.00 per share. Enterprise value approximately $14.5bn as stated in the press release. Equity value $10,382m is the Valeant investor presentation figure for 65.7m fully diluted shares at $158, filed as a deal communication on the Salix docket. Premium 31.5% to the January 16 2015 close, the last trading day before Reuters reported Salix was exploring a sale (SC 14D9); the press release states no premium. JUDGEMENT FLAG: revenue uses the as-filed FY2013 10-K and Q3 2014 10-Q, the last periodic reports filed before announcement. On January 28 2015, before announcement, Salix announced that its audit committee had concluded those statements should no longer be relied upon (SC 14D9; also 8-K Item 4.02, accession 0001193125-15-023798), and restated FY2013 and 2014 quarterly figures were filed on 2015-03-02, after announcement, so the FY and TTM figures here are pre-restatement and should be read as such. Net product revenues is the only revenue line and is the total. TTM = FY2013 933,838 + 9M 2014 1,121,093 - 9M 2013 676,226 (USD thousands); the 10-Q row columns are Q3 2014, Q3 2013, 9M 2014, 9M 2013. Cash and debt are not recorded because the enterprise value is stated."
AbbVie,Pharmacyclics,2015-03-04,261.25,21000,20143,computed: equity less cash plus debt,857,0,2014-12-31,729.7,2014,,,39,0001104659-15-016944;0001104659-15-017209;0001628280-15-000826,"[0001104659-15-016944 a15-6032_1ex99d1.htm] ""Under the terms of the transaction, AbbVie will pay $261.25 per share comprised of a mix of cash and AbbVie equity.""; [0001104659-15-016944 a15-6032_1ex99d1.htm] ""The transaction values Pharmacyclics at approximately $21 billion and was approved by the Boards of Directors of both companies.""; [0001104659-15-017209 a15-6032_2425.htm] ""The purchase price will be funded with cash of $152.25 per share, representing approximately 58% of the consideration; and $109 per share in AbbVie stock, representing approximately 42% of the consideration.""; [0001104659-15-017209 a15-6032_2425.htm] ""Represents 39% premium to the Pharmacyclics closing price on February 24, 2015 Implies transaction value of approximately $20.2BN net of cash acquired""; [0001628280-15-000826 pcyc20141231-10xk.htm] ""Total revenue | 729,729 | 260,169 | 160,658 | 81,990""; [0001628280-15-000826 pcyc20141231-10xk.htm] ""Product revenue, net | 492,418 | 13,573 | - | -""; [0001628280-15-000826 pcyc20141231-10xk.htm] ""Cash and cash equivalents | 845,035 | 623,956""; [0001628280-15-000826 pcyc20141231-10xk.htm] ""Marketable securities | 11,952 | 11,672""; [0001628280-15-000826 pcyc20141231-10xk.htm] ""Total liabilities | 230,942 | 141,128""","Announced Mar 4 2015 after market (filings dated Mar 5). Offer $261.25 per share: $152.25 cash plus $109 in AbbVie stock, with holder elections prorated to about 58% cash / 42% stock. Equity value is the stated approximately $21bn. AbbVie's investor slides (425) state 'transaction value of approximately $20.2BN net of cash acquired', consistent with the computed EV. Premium 39% to the Feb 24 2015 close (425 slides). No 10-Q after FY2014 before announcement, so no TTM; balance sheet is the FY2014 10-K. Cash = cash and equivalents $845,035k + marketable securities $11,952k. No borrowings on the balance sheet, so debt is 0. FY2014 net product revenue was $492,418k of $729,729k total revenue; the rest was collaboration and license revenue. 10-K row columns: 2014, 2013, 6M to Dec 2012, FY Jun 2012."
Horizon Pharma,Hyperion Therapeutics,2015-03-30,46,1100,971.6,computed: equity less cash plus debt,146.5,18.1,2014-12-31,113.6,2014,,,7.6,0001193125-15-112089;0001193125-15-124299;0001193125-15-076774,"[0001193125-15-112089 d899299dex991.htm] ""Horizon Pharma will acquire all of the issued and outstanding shares of Hyperion's common stock for $46.00 per share in cash or approximately $1.1 billion on a fully diluted basis.""; [0001193125-15-112089 d899299dex991.htm] ""The per share consideration represents a premium of approximately 35 percent to Hyperion's volume weighted average price for the trailing 60-days.""; [0001193125-15-124299 d905321dsc14d9.htm] ""The Company Board considered that the Offer Price of $46.00 per Share represents a premium of (a) 7.6% compared to the closing price of the Common Stock on March 27, 2015""; [0001193125-15-124299 d905321dsc14d9.htm] ""(c) 58% compared to the average closing sales price of the Common Stock of $29.11 per Share over the three-month period ended March 27, 2015""; [0001193125-15-076774 d847402d10k.htm] ""Net product revenue | 113,584 | 42,204 | -""; [0001193125-15-076774 d847402d10k.htm] ""Cash and cash equivalents | 102,796 | 74,232""; [0001193125-15-076774 d847402d10k.htm] ""Short-term investments | 34,487 | 28,045""; [0001193125-15-076774 d847402d10k.htm] ""Long-term investments | 9,226 | 15,780""; [0001193125-15-076774 d847402d10k.htm] ""Notes payable, current portion | - | 5,652""; [0001193125-15-076774 d847402d10k.htm] ""Notes payable, net of current portion | 18,124 | 2,621""","All-cash tender offer at $46.00 per share, approximately $1.1bn on a fully diluted basis. Premium 7.6% to the March 27 2015 close, the last trading day before announcement (SC 14D9); the press release instead cites approximately 35% to the trailing 60-day VWAP, and the SC 14D9 gives 58% to the three-month average close. No leak or rumour is described in the SC 14D9. Net product revenue is the only revenue line and is the total. No 10-Q was filed between the FY2014 10-K and announcement, so no TTM and the balance sheet is Dec 31 2014. Cash = cash and equivalents $102,796k + short-term investments $34,487k + long-term investments $9,226k. Debt = notes payable net of current portion $18,124k (current portion nil). USD thousands in the filing."
Shire,Dyax,2015-11-02,37.3,5900,5588,computed: equity less cash plus debt,394.2,82.1,2015-06-30,81.7,2014,94.8,2015-06-30,35,0001193125-15-362586;0001193125-15-402574;0001144204-15-012718;0001628280-15-005609,"[0001193125-15-362586 d74734dex991.htm] ""Shire will acquire Dyax for $37.30 in cash per Dyax share, for aggregate upfront consideration of approximately $5.9 billion.""; [0001193125-15-362586 d74734dex991.htm] ""a non-tradable contingent value right (CVR) that will pay $4.00 in cash per Dyax share upon approval of DX-2930 in HAE, representing a potential additional $646 million in aggregate contingent consideration.""; [0001193125-15-362586 d74734dex991.htm] ""if approved prior to December 31, 2019""; [0001193125-15-402574 d63203ddefm14a.htm] ""The cash consideration of $37.30 per Dyax share represents an approximately 35% premium over Dyax's closing share price on October 30, 2015, the last trading day before the transaction was announced""; [0001144204-15-012718 v401127_10k.htm] ""Product sales, net | 68,272 | 40,526 | 39,783""; [0001144204-15-012718 v401127_10k.htm] ""Total revenues | 81,723 | 53,926 | 54,650""; [0001628280-15-005609 dyax10q6302015.htm] ""Product sales, net | 17,760 | 16,582 | 33,773 | 29,089""; [0001628280-15-005609 dyax10q6302015.htm] ""Total revenues, net | 26,373 | 19,585 | 46,791 | 33,702""; [0001628280-15-005609 dyax10q6302015.htm] ""Cash and cash equivalents | 127,237 | 19,392""; [0001628280-15-005609 dyax10q6302015.htm] ""Short-term investments | 266,920 | 165,260""; [0001628280-15-005609 dyax10q6302015.htm] ""Restricted cash | 1,100 | 1,100""; [0001628280-15-005609 dyax10q6302015.htm] ""Notes payable | 82,111 | 82,165""; [0001628280-15-005609 dyax10q6302015.htm] ""Notes Payable - HealthCare Royalty Partners""; [0001628280-15-005609 dyax10q6302015.htm] ""our loan agreement with HC Royalty, which is secured by certain assets associated with our LFRP""","Cash merger at $37.30 per share plus one non-tradable CVR paying $4.00 per share on FDA approval of DX-2930 in HAE before December 31 2019, a potential additional $646m in aggregate; offer and equity exclude the CVR. Equity value is the stated aggregate upfront consideration of approximately $5.9bn. Premium approximately 35% to the October 30 2015 close, the last trading day before announcement, on the $37.30 cash consideration (DEFM14A). Revenue is total revenues; product sales are the majority (FY2014 $68,272k of $81,723k). TTM = FY2014 81,723 + 6M 2015 46,791 - 6M 2014 33,702 (USD thousands); the 10-Q row columns are Q2 2015, Q2 2014, 6M 2015, 6M 2014. Cash = cash and equivalents $127,237k + short-term investments $266,920k at Jun 30 2015; restricted cash $1,100k excluded. Debt = notes payable $82,111k, the HealthCare Royalty Partners loan secured by LFRP assets, included as royalty-based debt."
Shire,Baxalta,2016-01-11,45.57,32000,35868,computed: equity less cash plus debt,1411,5279,2015-09-30,5952,2014,6068,2015-09-30,37.5,0001047469-16-009625;0001193125-15-214952;0001193125-15-375898,"[0001047469-16-009625 a2227083zex-99_1.htm] ""Under the agreement, Baxalta shareholders will receive $18.00 in cash and 0.1482 Shire ADS per Baxalta share. Based on Shire's closing ADS price on January 8, 2016, this implies a total current value of $45.57 per Baxalta share, representing an aggregate consideration of approximately $32 billion.""; [0001047469-16-009625 a2227083zex-99_1.htm] ""The value of the offer, as of Shire's January 8, 2016 closing ADS price, represents a premium of approximately 37.5% to Baxalta's unaffected share price on August 3, 2015, the day prior to the public announcement of Shire's initial offer for Baxalta.""; [0001193125-15-214952 d829725dex991.htm] ""COMBINED STATEMENTS OF INCOME years ended December 31 (in millions) | 2014 | 2013 | 2012 Net sales | 5,952 | 5,555 | 5,310""; [0001193125-15-375898 d80515d10q.htm] ""Three months ended September 30, | Nine months ended September 30, (in millions, except per share data) | 2015 | 2014 | 2015 | 2014 Net sales | $ 1,595 | $1,488 | $ 4,385 | $ 4,269""; [0001193125-15-375898 d80515d10q.htm] ""Cash and equivalents | $ 1,328 | $ -""; [0001193125-15-375898 d80515d10q.htm] ""Equity securities | 67 | 67 | - | -""; [0001193125-15-375898 d80515d10q.htm] ""Foreign government debt securities | 16 | - | 16 | -""; [0001193125-15-375898 d80515d10q.htm] ""Current maturities of long-term debt and lease obligations | $ 2 | $ -""; [0001193125-15-375898 d80515d10q.htm] ""Long-term debt and capital lease obligations | 5,277 | 275""; [0001193125-15-375898 d80515d10q.htm] ""Contingent payments related to acquisitions | $445""","Cash and stock merger: $18.00 cash plus 0.1482 Shire ADS per Baxalta share, a total value of $45.57 per share at Shire's January 8 2016 ADS close (the offer figure uses that value; the stock part is per Shire ADS). Equity value is the stated aggregate consideration of approximately $32bn at that price. Premium approximately 37.5% to the unaffected August 3 2015 close, the day before Shire's initial offer became public. JUDGEMENT FLAG: Baxalta was spun from Baxter in July 2015 and filed no 10-K before announcement. FY2014 net sales of $5,952m come from the combined statements of income in its Form 10 information statement (EX-99.1 to the 10-12B/A filed 2015-06-05), carve-out figures prepared while it was part of Baxter. TTM = FY2014 5,952 + 9M 2015 4,385 - 9M 2014 4,269 (USD millions); the 10-Q row columns are Q3 2015, Q3 2014, 9M 2015, 9M 2014. Cash = cash and equivalents $1,328m + available-for-sale equity securities $67m + foreign government debt securities $16m at Sep 30 2015 (both from the fair value table in the notes, not separate balance sheet lines). Debt = current maturities of long-term debt and lease obligations $2m + long-term debt and capital lease obligations $5,277m. Contingent payments related to acquisitions ($445m) excluded."
Pfizer,Anacor Pharmaceuticals,2016-05-16,99.25,,5200,stated,,,,82.4,2015,84.6,2016-03-31,55,0000950103-16-013361;0001193125-16-603833;0001193125-16-603880;0001047469-16-010583;0001104659-16-119730,"[0000950103-16-013361 dp65732_ex9901.htm] ""Pfizer will acquire Anacor for $99.25 per Anacor share, in cash, for a total transaction value, net of cash, of approximately $5.2 billion, which assumes the conversion of Anacor's outstanding convertible notes.""; [0001193125-16-603833 d359116dex99a1a.htm] ""is approximately $5.2 billion, net of Anacor's cash and cash equivalents.""; [0001193125-16-603880 d319707dsc14d9.htm] ""a 55.0% premium over the closing price of the Shares on the NASDAQ on May 13, 2016, the trading day immediately prior to the date of the Merger Agreement""; [0001047469-16-010583 a2227469z10-k.htm] ""Distribution and commercialization agreement | 69,706 | 7,550 | - Research contracts | 12,649 | 13,136 | 17,228 Total revenues | 82,355 | 20,686 | 17,228""; [0001047469-16-010583 a2227469z10-k.htm] ""Revenue from gross profit sharing | 60,469 | 4,700 Revenue from product sales | 6,120 | 1,434""; [0001047469-16-010583 a2227469z10-k.htm] ""including revenues from gross profit sharing payments, product sales of KERYDIN to Sandoz and the amortization of upfront payments""; [0001104659-16-119730 a16-6524_110q.htm] ""Distribution and commercialization agreement | 14,707 | 12,069 Research contracts | 2,828 | 3,195 Total revenues | 17,535 | 15,264""; [0001104659-16-119730 a16-6524_110q.htm] ""Revenue from gross profit sharing | 13,000 | 10,120 Revenue from product sales | 928 | 1,170""","All-cash tender offer at $99.25 per share. Enterprise value is the stated total transaction value, net of cash, of approximately $5.2bn, which assumes conversion of Anacor's convertible notes; the offer to purchase gives the same $5.2bn as total funds required net of Anacor's cash. Equity is left blank: no deal document states an equity value, and the only aggregate figures are stated net of cash. Premium 55.0% to the May 13 2016 close, the trading day before the merger agreement (SC 14D9). JUDGEMENT FLAG: product revenue is a small minority. Revenue is total revenues (distribution and commercialization agreement revenue plus research contracts). Anacor's own product sales line, sales of KERYDIN to its distributor Sandoz, was $6,120k in FY2015 and $928k in Q1 2016 against $1,170k in Q1 2015, so TTM product sales = 6,120 + 928 - 1,170 = 5,878; most revenue is gross profit sharing from Sandoz ($60,469k in FY2015). The deal is included because that product sales line exists. TTM = FY2015 82,355 + Q1 2016 17,535 - Q1 2015 15,264 (USD thousands). Cash and debt are not recorded because the enterprise value is stated."
Galenica,Relypsa,2016-07-21,32,1530,1340.6,computed: equity less cash plus debt,205.3,15.9,2016-03-31,18.6,2015,30.9,2016-03-31,59,0001193125-16-653088;0001193125-16-671841;0001193125-16-653831;0001564590-16-013394;0001564590-16-017655,"[0001193125-16-653088 d180740dex991.htm] ""Galenica will pay $32 per share in cash, or a total of approximately $1.53 billion.""; [0001193125-16-653088 d180740dex991.htm] ""The implied fully-diluted equity value of the offer amounts to $1.53 billion.""; [0001193125-16-671841 d343483dsc14d9.htm] ""approximately 59% over the closing price per Share on July 20, 2016, the last trading day before the announcement of the execution of the Merger Agreement""; [0001193125-16-653831 d228571dsc14d9c.htm] ""The $32 per share purchase price represents a premium of approximately 60% over the closing price of Relypsa's common stock on July 20, 2016.""; [0001564590-16-013394 rlyp-10k_20151231.htm] ""Revenues: Collaboration and license revenue | 18,550 | - | - Operating expenses""; [0001564590-16-017655 rlyp-10q_20160331.htm] ""Revenues: Net product revenues | 592 | - Collaboration and license revenue | 11,790 | - Total revenues | 12,382 | -""; [0001564590-16-017655 rlyp-10q_20160331.htm] ""Cash and cash equivalents | 67,741 | 63,723""; [0001564590-16-017655 rlyp-10q_20160331.htm] ""Short-term investments | 137,525 | 176,993""; [0001564590-16-017655 rlyp-10q_20160331.htm] ""Restricted cash | 1,436 | 1,436""; [0001564590-16-017655 rlyp-10q_20160331.htm] ""Line of credit, current portion | 191 | 301""; [0001564590-16-017655 rlyp-10q_20160331.htm] ""Capital loan, current portion | 1,379 | -""; [0001564590-16-017655 rlyp-10q_20160331.htm] ""Capital loan | 14,340 | 15,592""","All-cash tender offer at $32 per share; implied fully diluted equity value of $1.53bn as stated. Premium approximately 59% to the July 20 2016 close, the last trading day before announcement (SC 14D9); Relypsa's employee FAQ on the announcement day rounds it to approximately 60%. JUDGEMENT FLAG: product revenue is a small minority. FY2015 revenue was collaboration and license revenue only ($18,550k; the FY2015 statement of operations has no product revenue line). Q1 2016 total revenues $12,382k = net product revenues $592k + collaboration and license revenue $11,790k, so TTM product revenue is $592k of TTM total 30,932. TTM = FY2015 18,550 + Q1 2016 12,382 - Q1 2015 0 (the Q1 2015 column shows no revenue) (USD thousands). Cash = cash and equivalents $67,741k + short-term investments $137,525k at Mar 31 2016; restricted cash $1,436k excluded. Debt = line of credit current portion $191k + capital loan current portion $1,379k + capital loan $14,340k."
Pfizer,Medivation,2016-08-22,81.5,,14000,stated,,,,943.3,2015,1027.1,2016-06-30,56.6,0001193125-16-686961;0001193125-16-696911;0001564590-16-013460;0001193125-16-676789,"[0001193125-16-686961 d245915dex991.htm] ""Pfizer will acquire Medivation, a biopharmaceutical company focused on developing and commercializing small molecules for oncology, for $81.50 a share in cash for a total enterprise value of approximately $14 billion.""; [0001193125-16-696911 d234696dsc14d9.htm] ""the cash Offer Price of $81.50 per Share represents a compelling premium to historical market prices of the Shares, including (1) a 56.6% 23 Table of Contents premium to the closing price of the Shares on April 27, 2016, the last full trading day prior to the public announcement of the initial unsolicited proposal by Sanofi""; [0001564590-16-013460 mdvn-10k_20151231.htm] ""Collaboration revenue | 943,258 | 710,487 | 272,942""; [0001193125-16-676789 d164409d10q.htm] ""Collaboration revenue | 206,165 | 175,657 | 388,662 | 304,845""","All-cash tender offer. The press release states only enterprise value (approximately $14bn); no equity value stated, so equity is blank. Premium 56.6% to the Apr 27 2016 close, before Sanofi's unsolicited proposal (SC 14D9). Revenue is collaboration revenue (the income statement has no product sales line), not product sales. TTM = FY2015 943,258 + 6M2016 388,662 - 6M2015 304,845 (USD thousands). 10-Q row columns: 3M2016, 3M2015, 6M2016, 6M2015."
Takeda,ARIAD Pharmaceuticals,2017-01-09,24,5400,5200,stated,,,,118.8,2015,186.2,2016-09-30,74.7,0001193125-17-005862;0001104659-17-001532;0001193125-17-013271;0001193125-17-013286;0001193125-16-485544;0000884731-16-000114,"[0001193125-17-005862 d298624dex991.htm] ""Takeda will acquire all of the outstanding shares in ARIAD for $24.00 per share in cash, or a total enterprise value of approximately $5.2 billion, representing a premium of approximately 75 percent over ARIAD's closing price on January 6, 2017.""; [0001104659-17-001532 a17-1652_2ex99d1.htm] ""Acquisition amount (Aggregate tender offer price) | Approximately $5.4 billion enterprise value (estimate) * The amount is an estimated amount calculated by multiplying the number of the target company's shares (fully diluted basis) by the tender offer price per share.""; [0001193125-17-013271 d327284dex99a1a.htm] ""(ii) for the payment in respect of outstanding in the money Stock Options (as defined below) and other equity awards and (iii) to settle the repurchase and make-whole obligations with respect to ARIAD's outstanding convertible notes, will be approximately $5.4 billion.""; [0001193125-17-013286 d281553dsc14d9.htm] ""a 74.7% premium to the closing price of the Shares on January 6, 2017, the last full trading day prior to the public announcement of the transaction""; [0001193125-16-485544 d19643d10k.htm] ""Total revenue | 118,804 | 105,412 | 45,561""; [0001193125-16-485544 d19643d10k.htm] ""Product revenue, net | 112,527 | 55,720 | 45,238""; [0000884731-16-000114 a2016q310-q.htm] ""Product revenue, net | 34,300 | 27,543 | 133,260 | 79,262""; [0000884731-16-000114 a2016q310-q.htm] ""Total revenue | 46,016 | 29,070 | 149,739 | 82,300""; [0000884731-16-000114 a2016q310-q.htm] ""This transaction did not qualify as a discontinued operation as it was not considered to be a strategic shift by the Company.""; [0000884731-16-000114 a2016q310-q.htm] ""In connection with the closing of the transactions on June 1, 2016""; [0000884731-16-000114 a2016q310-q.htm] ""relate to the Incyte transaction, including the sale of ARIAD's European operations.""","All-cash tender offer at $24.00 per share. EV is the stated total enterprise value of approximately $5.2bn (ARIAD press release). JUDGEMENT FLAG on equity: no equity value is stated as such. Equity is the approximately $5.4bn that Takeda's release gives as the aggregate tender offer price, calculated as fully diluted shares times the offer price, which that release labels 'enterprise value (estimate)'; the offer to purchase gives the same $5.4bn as total funds for the shares, in-the-money options and other equity awards, and settlement of the repurchase and make-whole obligations on ARIAD's convertible notes. The stated $5.4bn therefore likely includes the convertible notes on a settlement basis, and the filings do not reconcile it with the stated $5.2bn EV. Premium 74.7% to the Jan 6 2017 close (SC 14D9); the press release rounds it to approximately 75%. TTM = FY2015 118,804 + 9M2016 149,739 - 9M2015 82,300 (USD thousands); 10-Q row columns 3M2016, 3M2015, 9M2016, 9M2015. Product revenue (Iclusig) is the majority: 9M2016 133,260. The sale of European operations to Incyte closed June 1 2016 and was not treated as a discontinued operation, so the TTM includes European Iclusig sales only up to that sale."
Gilead,Kite Pharma,2017-08-28,180,11900,11118.9,computed: equity less cash plus debt,781.1,0,2017-06-30,22.2,2016,32.1,2017-06-30,29,0001193125-17-269386;0001104659-17-054030;0001510580-17-000003;0001510580-17-000011,"[0001193125-17-269386 d441582dex991.htm] ""The $180.00 per share acquisition price represents a 29 percent premium to Kite's closing on Friday, August 25, and a 50 percent premium to the company's 30-day volume weighted average stock price.""; [0001193125-17-269386 d441582dex991.htm] ""Gilead will acquire Kite for $180.00 per share in cash.""; [0001104659-17-054030 a17-21067_1ex99d1.htm] ""Gilead to acquire Kite for $180 per share in cash or total purchase price of $11.9 billion""; [0001510580-17-000003 kite20161231-10k.htm] ""Revenues | 22,170 | 17,258 | -""; [0001510580-17-000011 kite10q6-30x17.htm] ""Revenues | 10,052 | 4,795 | 19,888 | 9,922""; [0001510580-17-000011 kite10q6-30x17.htm] ""Cash and cash equivalents | 147,836 | 114,561""; [0001510580-17-000011 kite10q6-30x17.htm] ""Marketable securities | 633,275 | 299,861""; [0001510580-17-000011 kite10q6-30x17.htm] ""Restricted cash and investments | 16,618 | 10,669""; [0001510580-17-000011 kite10q6-30x17.htm] ""Total liabilities | 197,859 | 96,334""","All-cash tender offer. NOT COMMERCIAL AT ANNOUNCEMENT: Kite had no product approved or sold when the deal was signed; the income statement shows a single revenues line of collaboration and license revenue, so the revenue multiple is not comparable. Kept because the brief lists it. Equity value is the $11.9bn 'total purchase price' from Gilead's investor presentation filed as SC TO-C on Kite's docket; the press release gives only $180 per share. Cash = cash and equivalents $147,836k + marketable securities $633,275k at Jun 30 2017 (restricted cash and investments $16,618k excluded). The balance sheet carries no borrowings line (liabilities are payables, accruals, deferred revenue, contingent consideration and other), so debt is 0. Premium 29% to Aug 25 2017 close (50% to 30-day VWAP). TTM = FY2016 22,170 + 6M2017 19,888 - 6M2016 9,922 (USD thousands)."
Mallinckrodt,Sucampo Pharmaceuticals,2017-12-26,18,1200,1125,computed: equity less cash plus debt,75,0,2017-09-30,230.1,2016,250.5,2017-09-30,20,0001193125-17-378730;0001193125-18-011262;0001193125-18-011313;0001171843-17-001354;0001171843-17-006456,"[0001193125-17-378730 d521173dex991.htm] ""Sun Acquisition Co., a subsidiary of Mallinckrodt, will commence a cash tender offer to purchase all of the outstanding shares of Sucampo Pharmaceuticals' common stock for $18.00 per share.""; [0001193125-17-378730 d521173dex991.htm] ""The total transaction value (including anticipated payments in respect of Sucampo's debt) is approximately $1.2 billion.""; [0001193125-18-011262 d525469dex99a1a.htm] ""to fund payments in respect of outstanding in-the-money stock options and RSUs of Sucampo and to repay certain indebtedness of Sucampo is approximately $1.2 billion, excluding related fees and expenses.""; [0001193125-18-011262 d525469dex99a1a.htm] ""As of September 30, 2017, $300,000,000 in aggregate principal amount of Sucampo's 3.25% Convertible Senior Notes due 2021""; [0001193125-18-011313 d524880dsc14d9.htm] ""(b) a 20% premium to the closing price of $14.95 per Share on December 6, 2017, the last trading day prior to news reports publishing speculation regarding a potential transaction involving Sucampo""; [0001193125-18-011313 d524880dsc14d9.htm] ""(c) a 6% premium to the closing price of $17.00 per share on December 22, 2017, the last trading day before the Offer and the Merger were approved by our board of directors and publicly announced.""; [0001193125-18-011313 d524880dsc14d9.htm] ""represents (a) a 70.6% premium to the closing price of $10.55 per Share on November 24, 2017""; [0001193125-18-011313 d524880dsc14d9.htm] ""providing for a $44 million termination fee, reflecting approximately 3.5% of the equity value, including the equity underlying Sucampo's outstanding convertible notes.""; [0001171843-17-001354 f10k_030817p.htm] ""Total revenues | 230,056 | 153,180 | 115,450""; [0001171843-17-006456 f10q_110117p.htm] ""Product royalty revenue | 23,024 | 20,771 | 62,021 | 56,222""; [0001171843-17-006456 f10q_110117p.htm] ""Product sales revenue | 35,815 | 31,554 | 104,206 | 86,538""; [0001171843-17-006456 f10q_110117p.htm] ""Total revenues | 61,266 | 57,873 | 177,445 | 157,032""; [0001171843-17-006456 f10q_110117p.htm] ""Cash and cash equivalents | 75,041 | 198,308""; [0001171843-17-006456 f10q_110117p.htm] ""Investments, non-current | 10,698 | 5,495""; [0001171843-17-006456 f10q_110117p.htm] ""Investments, Non-Current Investment in CPP""; [0001171843-17-006456 f10q_110117p.htm] ""Notes payable, non-current | 291,945 | 290,516""; [0001171843-17-006456 f10q_110117p.htm] ""This decrease resulted from interest rates on notes payable decreasing from 8.4% to 3.25% as a result of refinancing our debt in December 2016.""","All-cash tender offer at $18.00 per share. No equity value is stated. JUDGEMENT FLAG: equity is the stated total transaction value of approximately $1.2bn, which the press release says INCLUDES anticipated payments in respect of Sucampo's debt; the offer to purchase gives the same $1.2bn as total funds for the shares, in-the-money options and RSUs, and repayment of certain Sucampo indebtedness. Sucampo's only balance-sheet debt is notes payable, non-current, which the 10-Q ties to the December 2016 refinancing into 3.25% notes; the offer to purchase identifies these as $300m principal of 3.25% convertible senior notes due 2021. To avoid counting the notes twice, debt is set to 0 in the EV arithmetic (same treatment as UCB / Zogenix), so EV = $1.2bn less cash = $1,125.0m; adding the notes payable of $291,945k again would give about $1,417m. The SC 14D9 describes the $44m termination fee as approximately 3.5% of equity value including the equity underlying the convertible notes, consistent with a figure of this size on an as-converted basis. Premium 20% to the $14.95 close on Dec 6 2017, the last trading day before news reports of a potential transaction; the SC 14D9 also gives 6% to the $17.00 close on Dec 22 2017 (last day before announcement) and 70.6% to the $10.55 close on Nov 24 2017. Cash = cash and equivalents $75,041k. Investments, non-current ($10,698k) is a strategic investment in CPP and is excluded. Balance-sheet debt is notes payable, non-current $291,945k (excluded from the EV arithmetic as above). TTM = FY2016 230,056 + 9M2017 177,445 - 9M2016 157,032 (USD thousands); 10-Q row columns 3M2017, 3M2016, 9M2017, 9M2016. Revenue includes product royalty revenue (9M2017 62,021); product sales are the majority (9M2017 104,206)."
Sanofi,Bioverativ,2018-01-22,105,11600,11375.9,computed: equity less cash plus debt,224.1,0,2017-09-30,887.4,2016,1096,2017-09-30,64,0001193125-18-016132;0001047469-17-001988;0001558370-17-007648,"[0001193125-18-016132 d524979dex991.htm] ""Sanofi will acquire all of the outstanding shares of Bioverativ for $105 per share in cash, representing an equity value of approximately $11.6 billion (on a fully diluted basis).""; [0001193125-18-016132 d524979dex991.htm] ""The $105 per share acquisition price represents a 64 percent premium to Bioverativ's closing price on January 19, 2018.""; [0001047469-17-001988 a2231510z10-k.htm] ""Total revenues | 887.4 | 560.3 | 134.4""; [0001558370-17-007648 bivv-20170930x10q.htm] ""Total revenues | 291.6 | 229.2 | 839.8 | 631.2""; [0001558370-17-007648 bivv-20170930x10q.htm] ""Cash and cash equivalents | 224.1 | -""; [0001558370-17-007648 bivv-20170930x10q.htm] ""Restricted cash | 40.0 | -""; [0001558370-17-007648 bivv-20170930x10q.htm] ""Total liabilities | 703.2 | 165.7""","All-cash tender offer; equity approximately $11.6bn fully diluted as stated. Premium 64% to Jan 19 2018 close. Bioverativ was separated from Biogen; the FY2016 figure is from its first 10-K, which presents carve-out financials. FY2017 10-K filed Feb 14 2018, after announcement. Cash = cash and equivalents $224.1m (restricted cash $40.0m excluded). Balance sheet carries no borrowings (liabilities are payables, accruals, due to Biogen, due to True North equityholders, deferred tax, contingent consideration), so debt is 0. TTM = FY2016 887.4 + 9M2017 839.8 - 9M2016 631.2 (USD m)."
Takeda,Shire,2018-05-08,68.34,64147,82350.2,computed: equity less cash plus debt,317.7,18520.9,2018-03-31,15160.6,2017,15354,2018-03-31,64.4,0000950103-18-006041;0000936402-18-000007;0000936402-18-000013,"[0000950103-18-006041 dp90879_9901.htm] ""for each Shire Share | $30.33 in cash and either 0.839 New Takeda Shares or 1.678 Takeda ADSs""; [0000950103-18-006041 dp90879_9901.htm] ""£48.17 per Shire Share based on the closing price of ¥4,535 per Takeda Share and the exchange rates of £:¥ of 1:147.61 and £:$ of 1:1.3546 as at the Latest Practicable Date""; [0000950103-18-006041 dp90879_9901.htm] ""56.2 per cent. to the 30 trading day volume weighted average price of £31.37 per Shire Share for the 30 Shire trading days ending March 23, 2018""; [0000950103-18-006041 dp90879_9901.htm] ""£49.01 per Shire Share based on the closing price of ¥4,923 per Takeda Share and the exchange rates of £:¥ of 1:151.51 and £:$ of 1:1.3945 on April 23, 2018""; [0000950103-18-006041 dp90879_9901.htm] ""The equivalent value of £49.01 per Shire Share values the entire issued and to be issued ordinary share capital of Shire at approximately £46 billion and represents an illustrative premium of approximately: · | 64.4 per cent. to the closing price of £29.81 per Shire Share on March 23, 2018 (being the last Business Day prior to rumours of Takeda's possible interest in an offer for Shire)""; [0000936402-18-000007 q410k-123117.htm] ""Total revenues | 15,160.6 | 11,396.6 | 6,416.7 | 6,022.1 | 4,934.3""; [0000936402-18-000013 a10-qq1x2018.htm] ""Total revenues | 3,765.7 | 3,572.3""; [0000936402-18-000013 a10-qq1x2018.htm] ""Cash and cash equivalents | 317.7 | 472.4""; [0000936402-18-000013 a10-qq1x2018.htm] ""Investments | 271.8 | 241.1""; [0000936402-18-000013 a10-qq1x2018.htm] ""Short term borrowings and capital leases | 1,787.2 | 2,788.7""; [0000936402-18-000013 a10-qq1x2018.htm] ""Long term borrowings and capital leases | 16,733.7 | 16,752.4""","Rule 2.7 announcement filed on Shire 8-K May 9 2018 (dated May 8). Offer is $30.33 cash plus 0.839 Takeda shares per Shire share. The filing states value in GBP only: GBP 49.01 per share and approximately GBP 46 billion equity on the April 23 2018 basis; both converted to USD at the GBP:USD 1:1.3945 rate the same sentence states (49.01 x 1.3945; 46,000 x 1.3945). On the May 7 basis the filing states GBP 48.17 at 1:1.3546. Premium 64.4% to the Mar 23 2018 undisturbed close (56.2% to 30-day VWAP). Cash = cash and equivalents only; the non-current Investments line ($271.8m) is excluded as strategic holdings. Debt = short term borrowings and capital leases $1,787.2m + long term borrowings and capital leases $16,733.7m. TTM = FY2017 15,160.6 + Q1 2018 3,765.7 - Q1 2017 3,572.3 (USD m)."
GSK,Tesaro,2018-12-03,75,,5100,stated,,,,223.3,2017,219.4,2018-09-30,182,0001104659-18-071118;0001047469-18-007661;0001558370-18-001248;0001558370-18-008385,"[0001104659-18-071118 a18-41016_2ex99d1.htm] ""The acquisition price of $75 per share in cash represents a 110% premium to TESARO's 30 day Volume Weighted Average Price of $35.67 and an aggregate consideration of approximately $5.1 billion (£4.0 billion) including the assumption of TESARO's net debt.""; [0001047469-18-007661 a2237269zsc14d9.htm] ""a 182% premium to the closing price of the Shares on November 15, 2018, the last full trading day prior to news reports that the Company was considering a potential transaction""; [0001558370-18-001248 tsro-20171231x10k.htm] ""Total revenues | 4,038 | 58,018 | 223,326""; [0001558370-18-001248 tsro-20171231x10k.htm] ""Product revenue, net | 5,174 | 120,700 | 115,526 | 2,233%""; [0001558370-18-008385 tsro-20180930x10q.htm] ""Total revenues | 64,399 | 142,766 | 171,349 | 175,303""; [0001558370-18-008385 tsro-20180930x10q.htm] ""Product revenue, net | 63,612 | 41,755 | 170,312 | 72,723""","All-cash tender offer. The release states aggregate consideration of approximately $5.1bn including the assumption of net debt, recorded as stated enterprise value; no equity value stated. Premium 182% to the Nov 15 2018 close, the last full trading day before news reports of a sale process (SC 14D9); the release cites 110% to 30-day VWAP. FY2017 revenue includes license and collaboration revenue ($102.6m of the $223.3m was not product revenue). 10-K revenue row is in ascending order: 2015, 2016, 2017. TTM = FY2017 223,326 + 9M2018 171,349 - 9M2017 175,303 (USD thousands). TTM is below FY2017 because 9M2017 total revenue (175,303) exceeded 9M2018 (171,349) even though product revenue grew; 9M2017 product revenue was 72,723 and 9M2018 170,312."
Bristol-Myers Squibb,Celgene,2019-01-03,102.43,74000,89866,computed: equity less cash plus debt,4378,20244,2018-09-30,13003,2017,14727,2018-09-30,54,0001144204-19-000237;0000816284-18-000005;0000816284-18-000024,"[0001144204-19-000237 tv510262_ex99-1.htm] ""Bristol-Myers Squibb will acquire Celgene in a cash and stock transaction with an equity value of approximately $74 billion. Under the terms of the agreement, Celgene shareholders will receive 1.0 Bristol-Myers Squibb share and $50.00 in cash for each share of Celgene.""; [0001144204-19-000237 tv510262_ex99-1.htm] ""the cash and stock consideration to be received by Celgene shareholders is valued at $102.43 per share""; [0001144204-19-000237 tv510262_ex99-1.htm] ""The cash and stock consideration represents an approximately 51 percent premium to Celgene shareholders based on the 30-day volume weighted average closing stock price of Celgene prior to signing and an approximately 54 percent premium to Celgene shareholders based on the closing stock price of Celgene on January 2, 2019.""; [0001144204-19-000237 tv510262_ex99-1.htm] ""Each share also will receive one tradeable CVR, which will entitle its holder to receive a one-time potential payment of $9.00 in cash upon FDA approval of all three of ozanimod (by December 31, 2020), liso-cel (JCAR017) (by December 31, 2020) and bb2121 (by March 31, 2021)""; [0000816284-18-000005 a2017123110k.htm] ""Total revenue | 13,003 | 11,229 | 9,256""; [0000816284-18-000024 a2018093010q.htm] ""Total revenue | 3,892 | 3,287 | 11,244 | 9,520""; [0000816284-18-000024 a2018093010q.htm] ""Cash and cash equivalents | 2,480 | 7,013""; [0000816284-18-000024 a2018093010q.htm] ""Debt securities available-for-sale | 66 | 3,219""; [0000816284-18-000024 a2018093010q.htm] ""Equity investments with readily determinable fair values | 1,832 | 1,810""; [0000816284-18-000024 a2018093010q.htm] ""Short-term borrowings and current portion of long-term debt | 502 | -""; [0000816284-18-000024 a2018093010q.htm] ""Long-term debt, net of discount | 19,742 | 15,838""","Offer is 1.0 BMS share plus $50.00 cash, valued at $102.43 on the Jan 2 2019 BMS close; excludes the $9.00 CVR. Premium 54% to Jan 2 2019 close (51% to 30-day VWAP). Cash includes debt securities AFS $66m and equity investments with readily determinable fair values $1,832m. Debt = short-term borrowings and current portion $502m + long-term debt $19,742m. FY2018 10-K was filed after announcement, so FY is 2017; TTM = FY2017 13,003 + 9M2018 11,244 - 9M2017 9,520 (USD m). 10-Q revenue row columns: 3M2018, 3M2017, 9M2018, 9M2017."
Roche,Spark Therapeutics,2019-02-25,114.5,4800,4232.6,computed: equity less cash plus debt,618.4,51,2018-09-30,12.1,2017,59,2018-09-30,122,0001193125-19-048943;0000950103-19-002292;0001193125-19-066393;0001609351-18-000026;0001609351-18-000076,"[0001193125-19-048943 d711494dex991.htm] ""it has entered into a definitive merger agreement for Roche to fully acquire Spark Therapeutics at a price of $114.50 per share in an all-cash transaction.""; [0001193125-19-048943 d711494dex991.htm] ""This corresponds to a total equity value of approximately $4.8 billion on a fully diluted basis, inclusive of approximately $500 million of projected net cash expected at close. The per share price represents a premium of 122 percent to Spark's closing price on Feb. 22, 2019.""; [0000950103-19-002292 dp102644_ex9901.htm] ""This corresponds to a total transaction value of approximately US$ 4.3 billion on a fully diluted basis.""; [0001193125-19-066393 d720810dsc14d9.htm] ""a 122% premium to the closing price of $51.56 on February 22, 2019, the last trading day before public announcement of the Merger Agreement""; [0001609351-18-000026 spark-201710xk.htm] ""Revenues | 22,063,674 | 20,182,835 | 12,065,644""; [0001609351-18-000076 spark-201893010xq.htm] ""Product sales, net | - | 8,866 | - | 15,599""; [0001609351-18-000076 spark-201893010xq.htm] ""Contract revenue | 1,900 | 1,841 | 4,657 | 35,969""; [0001609351-18-000076 spark-201893010xq.htm] ""Total revenues | 1,900 | 10,707 | 4,657 | 51,568""; [0001609351-18-000076 spark-201893010xq.htm] ""Cash and cash equivalents | 96,748 | 161,557""; [0001609351-18-000076 spark-201893010xq.htm] ""Marketable securities | 423,419 | 428,919""; [0001609351-18-000076 spark-201893010xq.htm] ""Marketable securities | 20,035 | 27,964""; [0001609351-18-000076 spark-201893010xq.htm] ""Restricted cash | - | 53,000""; [0001609351-18-000076 spark-201893010xq.htm] ""Current portion of long-term debt | 312 | 3,320""; [0001609351-18-000076 spark-201893010xq.htm] ""Long-term debt | 912 | 47,671""; [0001609351-18-000076 spark-201893010xq.htm] ""Long-term deferred revenue | - | 105,000""","All-cash tender offer at $114.50 per share. Equity is the stated total equity value of approximately $4.8bn on a fully diluted basis, which Spark says is inclusive of approximately $500m of projected net cash at close; Roche's release gives a total transaction value of approximately $4.3bn on a fully diluted basis. Neither is labelled enterprise value, so EV is computed from the Sept 30 2018 balance sheet. Spark's FY2018 10-K was filed after the announcement, so FY = FY2017 (10-K income statement in whole US dollars: 12,065,644) and TTM = FY2017 12,065.644 + 9M2018 51,568 - 9M2017 4,657 (USD thousands). 10-Q row columns 3M2017, 3M2018, 9M2017, 9M2018 (prior year first); balance sheet columns Dec 31 2017, Sept 30 2018. JUDGEMENT FLAG: product revenue is a small minority. LUXTURNA product sales were 15,599 in 9M2018 and none in FY2017; the rest is contract revenue (9M2018 35,969). Cash = cash and equivalents $161,557k + current marketable securities $428,919k + non-current marketable securities $27,964k; restricted cash $53,000k excluded. Debt = current portion of long-term debt $3,320k + long-term debt $47,671k. Long-term deferred revenue ($105,000k) excluded. Premium 122% to the Feb 22 2019 close."
Pfizer,Array BioPharma,2019-06-17,48,,11400,stated,,,,173.8,2018,239.6,2019-03-31,63,0001104659-19-035827;0001193125-19-185664;0001100412-19-000021;0001100412-18-000026,"[0001104659-19-035827 a19-11639_1ex99d1.htm] ""Pfizer has agreed to acquire Array for $48 per share in cash, for a total enterprise value of approximately $11.4 billion.""; [0001193125-19-185664 d614423dsc14d9.htm] ""an approximately 84% premium over the 30-day volume weighted average price (""VWAP"") of the Shares""; [0001100412-19-000021 a03311910-q.htm] ""Product sales, net | 35,078 | - | 71,784 | -""; [0001193125-19-185664 d614423dsc14d9.htm] ""an approximately 63% premium over the closing price of the Shares on Nasdaq on June 13, 2019, the last full trading day before the Executive Committee's approval of the transaction""; [0001100412-18-000026 a06301810-k.htm] ""Total revenue | 173,768 | 150,852 | 137,879""; [0001100412-19-000021 a03311910-q.htm] ""Total revenue | 64,677 | 66,367 | 204,136 | 138,331""","All-cash tender offer. Only enterprise value stated (approximately $11.4bn); equity blank. Fiscal year ends June 30, so FY2018 = year to Jun 30 2018. Premium approximately 63% to the Jun 13 2019 close, the last full trading day before board approval (SC 14D9; also 84% to 30-day VWAP). Revenue includes product sales ($71,784k in the nine months to Mar 31 2019, none in the prior-year period), royalties, license and collaboration revenue. TTM = FY2018 173,768 + 9M to Mar 31 2019 204,136 - 9M to Mar 31 2018 138,331 (USD thousands). 10-Q row columns: 3M2019, 3M2018, 9M FY19, 9M FY18."
AbbVie,Allergan,2019-06-25,188.24,63000,84742.2,computed: equity less cash plus debt,1783.7,23525.9,2019-03-31,15787.4,2018,15712.4,2019-03-31,45,0001193125-19-181327;0001564590-19-003111;0001564590-19-016635,"[0001193125-19-181327 d771837dex991.htm] ""Allergan Shareholders will receive 0.8660 AbbVie Shares and $120.30 in cash for each Allergan Share that they hold, for a total consideration of $188.24 per Allergan Share.""; [0001193125-19-181327 d771837dex991.htm] ""AbbVie will acquire Allergan in a cash and stock transaction for a transaction equity value of approximately $63 billion, based on the closing price of AbbVie's common stock of $78.45 on June 24, 2019.""; [0001193125-19-181327 d771837dex991.htm] ""The transaction represents a 45% premium to the closing price of Allergan's Shares on June 24, 2019.""; [0001564590-19-003111 agn-10k_20181231.htm] ""Net revenues | 15,787.4 | 15,940.7 | 14,570.6 | 12,688.1 | 4,676.5""; [0001564590-19-016635 agn-10q_20190331.htm] ""Net revenues | 3,597.1 | 3,672.1""; [0001564590-19-016635 agn-10q_20190331.htm] ""Cash and cash equivalents | 788.5 | 880.4""; [0001564590-19-016635 agn-10q_20190331.htm] ""Marketable securities | 995.2 | 1,026.9""; [0001564590-19-016635 agn-10q_20190331.htm] ""Current portion of long-term debt | 3,971.8 | 868.3""; [0001564590-19-016635 agn-10q_20190331.htm] ""Long-term debt | 19,554.1 | 22,929.4""","Offer is 0.8660 AbbVie shares plus $120.30 cash, stated total consideration $188.24 per share on the Jun 24 2019 AbbVie close. Cash = cash and equivalents $788.5m + marketable securities $995.2m. Debt = current portion of long-term debt $3,971.8m + long-term debt $19,554.1m. TTM = FY2018 15,787.4 + Q1 2019 3,597.1 - Q1 2018 3,672.1 (USD m). 10-K row columns 2018..2014."
Eli Lilly,Dermira,2020-01-10,18.75,1100,1094.3,computed: equity less cash plus debt,360.2,354.4,2019-09-30,42.3,2018,82.9,2019-09-30,2,0001564590-20-000689;0001193125-20-011457;0001628280-20-000450;0001564590-19-004452;0001564590-19-040355,"[0001564590-20-000689 derm-ex991_271.htm] ""announced a definitive agreement for Lilly to acquire Dermira for $18.75 per share, or approximately $1.1 billion, in an all-cash transaction.""; [0001564590-20-000689 derm-ex991_271.htm] ""The purchase price represents a premium of approximately 86 percent to the 60-day volume-weighted average trading price of Dermira's stock ending on January 9, 2020, the last trading day before the announcement of the transaction.""; [0001193125-20-011457 d859616dex99a1a.htm] ""We estimate that we will need approximately $1.1 billion to purchase all of the Shares pursuant to the Offer and to complete the Merger.""; [0001193125-20-011457 d859616dex99a1a.htm] ""On January 9, 2020, the last full day of trading before we announced the Merger Agreement, the reported closing sale price of the Shares on Nasdaq was $18.34 per Share.""; [0001628280-20-000450 dermirasc14d9.htm] ""the fact that the Offer Price represented a premium of approximately 2% to the closing price of Dermira's common stock as of January 9, 2020, the last full trading day prior to the Board's approval of the Merger Agreement""; [0001628280-20-000450 dermirasc14d9.htm] ""a premium of approximately 45% to the volume-weighted average closing price of Dermira's common stock over the 30-trading day period ended on January 9, 2020""; [0001628280-20-000450 dermirasc14d9.htm] ""which represented an approximately 51% premium to Dermira's closing share price of $8.61 on November 22, 2019""; [0001628280-20-000450 dermirasc14d9.htm] ""a termination fee of $40.0 million (approximately 3.6% of the equity value of the transaction)""; [0001564590-19-004452 derm-10k_20181231.htm] ""Product sales | 2,960 | - | -""; [0001564590-19-004452 derm-10k_20181231.htm] ""Collaboration and license revenue | 39,379 | 4,541 | 22,585""; [0001564590-19-004452 derm-10k_20181231.htm] ""Total revenue | 42,339 | 4,541 | 22,585""; [0001564590-19-040355 derm-10q_20190930.htm] ""Product sales | 10,228 | 717 | 20,740 | 717""; [0001564590-19-040355 derm-10q_20190930.htm] ""Collaboration and license revenue | 1,305 | - | 59,890 | 39,379""; [0001564590-19-040355 derm-10q_20190930.htm] ""Total revenue | 11,533 | 717 | 80,630 | 40,096""; [0001564590-19-040355 derm-10q_20190930.htm] ""Cash and cash equivalents | 74,903 | 104,976""; [0001564590-19-040355 derm-10q_20190930.htm] ""Short-term investments | 283,231 | 208,064""; [0001564590-19-040355 derm-10q_20190930.htm] ""Long-term investments | 2,029 | 2,962""; [0001564590-19-040355 derm-10q_20190930.htm] ""Restricted cash | 655 | 802""; [0001564590-19-040355 derm-10q_20190930.htm] ""Term loan | 71,808 | 32,566""; [0001564590-19-040355 derm-10q_20190930.htm] ""Convertible notes, net | 282,607 | 281,223""","All-cash tender offer at $18.75 per share. Equity is the stated approximately $1.1bn, which the offer to purchase gives as the funds needed to purchase all shares and complete the merger; the SC 14D9 calls the $40.0m termination fee approximately 3.6% of the equity value. JUDGEMENT FLAG on premium: the only stated premium to a closing price is approximately 2% to the Jan 9 2020 close ($18.34), the last full trading day before announcement, and it is recorded. The press release headline premium is approximately 86% to the 60-day VWAP (45% to the 30-day VWAP). The shares ran up before the deal: Lilly's first proposal was a 51% premium to the $8.61 close on Nov 22 2019. The filings cite no leak or media report. JUDGEMENT FLAG on revenue: product sales (QBREXZA) are a minority, 20,740 of 80,630 in 9M2019 and 2,960 of 42,339 in FY2018; the rest is collaboration and license revenue. TTM = FY2018 42,339 + 9M2019 80,630 - 9M2018 40,096 (USD thousands); 10-Q row columns 3M2019, 3M2018, 9M2019, 9M2018. Cash = cash and equivalents $74,903k + short-term investments $283,231k + long-term investments $2,029k (available-for-sale); restricted cash $655k excluded. Debt = term loan $71,808k + convertible notes, net $282,607k. Operating lease liabilities excluded."
Alexion,Portola Pharmaceuticals,2020-05-05,18,1400,1276.9,computed: equity less cash plus debt,466.2,343.1,2019-12-31,116.6,2019,,,132,0001104659-20-056512;0001047469-20-003213;0001047469-20-003216;0001628280-20-002568,"[0001104659-20-056512 tm2018626d2_ex99-1.htm] ""a subsidiary of Alexion will commence a tender offer to acquire all of the outstanding shares of Portola's common stock at a price of $18 per share in cash.""; [0001047469-20-003213 a2241697zex-99_a1a.htm] ""Parent and Purchaser estimate that the total funds required to complete the Offer and the Merger will be approximately $1.4 billion (which excludes Shares currently held by Parent and Shares underlying equity awards of the Company to be converted into equity awards of Parent, for which no funds will be required)""; [0001047469-20-003216 a2241700zsc14d9.htm] ""the $18.00 per Share to be received upon consummation of the Offer and the Merger represented a ~132% premium over the last closing price per Share on May 4, 2020 before the public announcement of the execution of the Merger Agreement""; [0001628280-20-002568 ptla-20191231x10k.htm] ""Total revenues | 116,640 | 40,130 | 22,546 | 35,504 | 12,070""; [0001628280-20-002568 ptla-20191231x10k.htm] ""Cash and cash equivalents | 215,229 | 138,951""; [0001628280-20-002568 ptla-20191231x10k.htm] ""Short-term investments | 214,054 | 178,013""; [0001628280-20-002568 ptla-20191231x10k.htm] ""Long-term investments | 36,961 | -""; [0001628280-20-002568 ptla-20191231x10k.htm] ""Current portion of notes payable and long-term royalty-based debt | 19,034 | 11,802""; [0001628280-20-002568 ptla-20191231x10k.htm] ""Notes payable, less current portion | 43,100 | 48,298""; [0001628280-20-002568 ptla-20191231x10k.htm] ""Long term royalty-based debt, less current portion | 162,897 | 155,256""; [0001628280-20-002568 ptla-20191231x10k.htm] ""Long term debt | 118,096 | -""; [0001628280-20-002568 ptla-20191231x10k.htm] ""Long term obligation to collaborator, less current portion | 5,060 | 6,881""; [0001104659-20-056512 tm2018626d2_ex99-1.htm] ""As part of the acquisition, Alexion will also be acquiring cash currently on Portola's balance sheet, net of debt of approximately $215 million that will become due upon closing.""","All-cash tender offer. The press release states no aggregate value. Equity value is the Offer to Purchase's 'total funds required ... approximately $1.4 billion', which excludes shares underlying awards converted into Alexion awards. Premium ~132% to the May 4 2020 close (SC 14D9). Q1 2020 10-Q filed May 11, after announcement, so no TTM; balance sheet is the FY2019 10-K. Cash = cash and equivalents $215,229k + short-term investments $214,054k + long-term investments $36,961k (restricted cash excluded). Debt = current portion of notes payable and royalty-based debt $19,034k + notes payable non-current $43,100k + long-term royalty-based debt $162,897k + long-term debt $118,096k; royalty-based debt is included because the balance sheet labels it debt. Long-term obligation to collaborator ($5,060k) excluded. The press release says Alexion acquires cash net of about $215m of debt that becomes due at closing."
Nestle,Aimmune Therapeutics,2020-08-31,34.5,2600,2413.4,computed: equity less cash plus debt,318.1,131.5,2020-06-30,0,2019,0.6,2020-06-30,174,0001193125-20-235288;0001193125-20-235341;0001193125-20-245325;0001564590-20-007384;0001564590-20-034973,"[0001193125-20-235288 d98794dex991.htm] ""to acquire Aimmune for $34.50 per share in an all-cash transaction, implying a fully-diluted equity value of $2.6 billion.""; [0001193125-20-235288 d98794dex991.htm] ""representing a total equity value of $2.6 Billion and a 174% premium to Aimmune's closing price on August 28, 2020""; [0001193125-20-235341 d61584dex991.htm] ""will commence a cash tender offer to acquire all outstanding shares of Aimmune common stock that are not already owned by NHSc""; [0001193125-20-235341 d61584dex991.htm] ""for USD34.50 per share in cash, representing a total enterprise value, including the shares of Aimmune held by NHSc, of approximately USD2.6 billion.""; [0001193125-20-245325 d35008dsc14d9.htm] ""represents a 179% premium to the $12.38 per Share closing price of the Shares on August 26, 2020, the last trading day before 29 Table of Contents Purchaser made its initial proposal""; [0001193125-20-245325 d35008dsc14d9.htm] ""a 174% premium to the $12.60 per Share closing price on August 28, 2020, the last trading day before the execution of the Merger Agreement.""; [0001193125-20-245325 d35008dsc14d9.htm] ""a termination fee of $85 million (approximately 3.25% of the equity value of the transaction)""; [0001564590-20-007384 aimt-10k_20191231.htm] ""We have not generated any revenue from product sales""; [0001564590-20-007384 aimt-10k_20191231.htm] ""Total operating expenses | 249,804 | 215,341 | 133,274""; [0001564590-20-007384 aimt-10k_20191231.htm] ""Loss from operations | (249,804) | (215,341) | (133,274)""; [0001564590-20-034973 aimt-10q_20200630.htm] ""Product revenue, net | - | - | 575 | -""; [0001564590-20-034973 aimt-10q_20200630.htm] ""Our product revenue consists of U.S. sales of PALFORZIA, which we began shipping to Customers in March 2020. Prior to March 2020 we had no product revenue.""; [0001564590-20-034973 aimt-10q_20200630.htm] ""Cash and cash equivalents | 266,559 | 79,880""; [0001564590-20-034973 aimt-10q_20200630.htm] ""Short-term investments | 47,394 | 63,633""; [0001564590-20-034973 aimt-10q_20200630.htm] ""Long-term investments | 4,127 | 14,661""; [0001564590-20-034973 aimt-10q_20200630.htm] ""Long term debt, net of discount | 131,462 | 41,028""","All-cash tender offer at $34.50 per share by Societes des Produits Nestle (Nestle Health Science) for the shares it did not already own. Equity is the stated fully diluted equity value of $2.6bn (Aimmune release), which includes the shares Nestle already held. JUDGEMENT FLAG: Nestle's release calls the same approximately $2.6bn a total enterprise value; it is recorded as equity because Aimmune's release and the SC 14D9 (the $85m termination fee is approximately 3.25% of the equity value) treat it as equity, and EV is computed from the balance sheet. JUDGEMENT FLAG: the revenue base is tiny and EV/revenue is not meaningful. PALFORZIA began shipping in March 2020; FY2019 had no revenue (loss from operations equals total operating expenses). TTM = FY2019 0 + 6M2020 575 - 6M2019 0 (USD thousands); 10-Q row columns Q2 2020, Q2 2019, 6M2020, 6M2019. Cash = cash and equivalents $266,559k + short-term investments $47,394k + long-term investments $4,127k at June 30 2020. Debt = long term debt, net of discount $131,462k. Operating lease liabilities excluded. Premium 174% to the $12.60 close on Aug 28 2020, the last trading day before signing; 179% to the $12.38 close on Aug 26 2020, before Nestle's initial proposal."
Gilead Sciences,Immunomedics,2020-09-13,88,21000,20024.5,computed: equity less cash plus debt,975.5,0,2020-06-30,0.3,2019,20.4,2020-06-30,108,0001104659-20-104608;0001047469-20-004976;0001104659-20-108121;0000722830-20-000003;0000722830-20-000023,"[0001104659-20-104608 tm2030753d1_ex99-1.htm] ""Gilead will acquire Immunomedics for $88.00 per share in cash. The transaction, which values Immunomedics at approximately $21 billion,""; [0001104659-20-104608 tm2030753d1_ex99-1.htm] ""The $88.00 per share acquisition price represents a 108 percent premium to Immunomedics' closing price on September 11, 2020.""; [0001104659-20-104608 tm2030753d1_ex99-1.htm] ""Trodelvy was launched in May of 2020""; [0001104659-20-104608 tm2030753d1_ex99-1.htm] ""Foster City, Calif. & Morris Plains, N.J., September 13, 2020""; [0001047469-20-004976 a2242416zex-99_a1a.htm] ""pursuant to the Merger Agreement and to purchase all of the Shares pursuant to the Offer and the Merger Agreement will be approximately $21 billion.""; [0001104659-20-108121 tm2030753-2_sc14d9.htm] ""including a 108% premium to the closing price of the Shares on September 11, 2020, the last full trading day before the announcement of the Merger Agreement""; [0001104659-20-108121 tm2030753-2_sc14d9.htm] ""Later in the afternoon of September 12, 2020, the financial media reported speculation regarding Gilead acquiring the Company for more than $20 billion.""; [0000722830-20-000003 immu201910-k.htm] ""License fee and other revenues | 295 | - | 330 | 284""; [0000722830-20-000003 immu201910-k.htm] ""Total revenues | 295 | - | 2,156 | 3,091""; [0000722830-20-000023 immu-20200630.htm] ""Product revenue, net | 20,074 | - | 20,074 | -""; [0000722830-20-000023 immu-20200630.htm] ""Cash and cash equivalents | 971,193 | 608,628""; [0000722830-20-000023 immu-20200630.htm] ""Marketable securities | 4,325 | 4,550""; [0000722830-20-000023 immu-20200630.htm] ""Immunomedics considers all of its current investments to be available-for-sale.""; [0000722830-20-000023 immu-20200630.htm] ""Accounts payable and accrued expenses | 59,862 | 60,860""; [0000722830-20-000023 immu-20200630.htm] ""Liability related to sale of future royalties - current | 21,043 | 3,455""; [0000722830-20-000023 immu-20200630.htm] ""Lease liability - current | 356 | 337""; [0000722830-20-000023 immu-20200630.htm] ""Convertible senior notes, net | - | 7,106""; [0000722830-20-000023 immu-20200630.htm] ""Liability related to sale of future royalties - non-current | 267,650 | 257,769""; [0000722830-20-000023 immu-20200630.htm] ""Deferred revenues | 126,210 | 65,000""; [0000722830-20-000023 immu-20200630.htm] ""Lease liability - non-current | 9,782 | 9,965""; [0000722830-20-000023 immu-20200630.htm] ""Total Liabilities | 484,903 | 404,492""","All-cash tender offer at $88.00 per share, announced Sept 13 2020 per the press release dateline; the deal filings reached EDGAR the next day. Equity is the stated value of approximately $21bn at which the transaction values Immunomedics; the offer to purchase gives approximately $21bn as total funds including equity award payments. Premium 108% to the Sept 11 2020 close; the SC 14D9 records media speculation on the afternoon of Sept 12 2020, after that close. JUDGEMENT FLAG: the revenue base is tiny and EV/revenue is not meaningful. Trodelvy launched in May 2020; FY2019 revenue (calendar year, after a transition period) was license fee and other revenue of 295. TTM = FY2019 295 + 6M2020 20,074 - 6M2019 0 (USD thousands); 10-Q row columns Q2 2020, Q2 2019, 6M2020, 6M2019; product revenue is the only revenue line in 2020. Cash = cash and equivalents $971,193k + marketable securities $4,325k (available-for-sale). No borrowings at June 30 2020 (convertible senior notes nil): debt = 0. Total liabilities $484,903k are accounts payable and accrued expenses, liability related to sale of future royalties (current $21,043k, non-current $267,650k, excluded as royalty financing), deferred revenues $126,210k and lease liabilities."
AstraZeneca,Alexion,2020-12-12,175,39000,39295,computed: equity less cash plus debt,2296.9,2591.9,2020-09-30,4991.1,2019,5862.4,2020-09-30,45,0001140361-20-028237;0000899866-20-000012;0000899866-20-000088,"[0001140361-20-028237 nc10017928x1_ex99-1.htm] ""Alexion shareholders will receive $60 in cash and 2.1243 AstraZeneca American Depositary Shares (ADSs)""; [0001140361-20-028237 nc10017928x1_ex99-1.htm] ""Based on AstraZeneca's reference average ADR price of $54.14, this implies total consideration to Alexion shareholders of $39bn or $175 per share.""; [0001140361-20-028237 nc10017928x1_ex99-1.htm] ""The cash and ADS consideration represents an c.45% premium to Alexion shareholders based on the closing stock price of Alexion on 11 December 2020 and a c.43% premium, based on the 30-day volume-weighted average closing stock price of $122.04 before this announcement.""; [0000899866-20-000012 alxn10k12312019.htm] ""Total revenues | 4,991.1 | 4,131.2 | 3,551.1""; [0000899866-20-000088 alxn-20200930.htm] ""Total revenues | 1,588.7 | 1,263.1 | 4,478.1 | 3,606.8""; [0000899866-20-000088 alxn-20200930.htm] ""Cash and cash equivalents | 2,268.0 | 2,685.5""; [0000899866-20-000088 alxn-20200930.htm] ""Marketable securities | 28.9 | 64.0""; [0000899866-20-000088 alxn-20200930.htm] ""Current portion of long-term debt | 138.6 | 126.7""; [0000899866-20-000088 alxn-20200930.htm] ""Long-term debt, less current portion | 2,453.3 | 2,375.0""","Announced Saturday Dec 12 2020, 8-K filed Dec 14. Offer is $60 cash plus 2.1243 AstraZeneca ADSs, stated as $175 per share on a reference ADR price of $54.14. Equity value is the stated total consideration of $39bn. Premium c.45% to Dec 11 2020 close (c.43% to 30-day VWAP). Cash = cash and equivalents $2,268.0m + marketable securities $28.9m. Debt = current portion of long-term debt $138.6m + long-term debt less current portion $2,453.3m. TTM = FY2019 4,991.1 + 9M2020 4,478.1 - 9M2019 3,606.8 (USD m). 10-Q revenue row columns: 3M2020, 3M2019, 9M2020, 9M2019."
Horizon Therapeutics,Viela Bio,2021-02-01,53,3050,2670,stated,,,,50,2019,32.3,2020-09-30,52.8,0001193125-21-023686;0001193125-21-040169;0001564590-20-012848;0001564590-20-053002,"[0001193125-21-023686 d119419dex991.htm] ""February 1, 2021 - Horizon Therapeutics plc (Nasdaq: HZNP) and Viela Bio, Inc. (Nasdaq: VIE) today announced the companies have entered into a definitive agreement""; [0001193125-21-023686 d119419dex991.htm] ""Horizon will acquire all of the issued and outstanding shares of Viela Bio, Inc. common stock for $53.00 per share in cash, which represents a fully diluted equity value of approximately $3.05 billion, or approximately $2.67 billion net of Viela's cash and cash equivalents.""; [0001193125-21-040169 d130262dsc14d9.htm] ""the Offer Price represents a premium of approximately 52.8% over the Company's closing price on January 29, 2021, the last trading day before the Board's approval of the Transaction""; [0001564590-20-012848 vie-10k_20191231.htm] ""License revenue | 50,000 | -""; [0001564590-20-012848 vie-10k_20191231.htm] ""Total revenue | 50,000 | -""; [0001564590-20-053002 vie-10q_20200930.htm] ""Product revenue, net | 2,316 | - | 2,316 | -""; [0001564590-20-053002 vie-10q_20200930.htm] ""License revenue | - | - | - | 20,000""; [0001564590-20-053002 vie-10q_20200930.htm] ""Total revenue | 2,316 | - | 2,316 | 20,000""; [0001564590-20-053002 vie-10q_20200930.htm] ""On June 11, 2020, the FDA approved Uplizna® (inebilizumab-cdon)""","All-cash tender offer. Fully diluted equity value ($3.05bn) and value net of Viela's cash and cash equivalents ($2.67bn, used as EV) both stated in the press release. Premium approximately 52.8% over the Jan 29 2021 close, the last trading day before the board approved the transaction (SC 14D9); the press release states no premium. TTM = FY2019 50,000 + 9M2020 2,316 - 9M2019 20,000 (USD thousands); 10-Q revenue row columns: 3M2020, 3M2019, 9M2020, 9M2019. Flag: product revenue is small. Uplizna was approved on June 11 2020 and product revenue, net was only $2,316k in 9M2020, all of it in Q3 2020; FY2019 revenue of $50,000k was entirely license revenue, so $30,000k of the TTM (FY2019 50,000 - 9M2019 20,000) is Q4 2019 license revenue and the EV / revenue multiple is not a product-sales multiple."
Jazz Pharmaceuticals,GW Pharmaceuticals,2021-02-03,220,7200,6700,stated,,,,311.3,2019,488.1,2020-09-30,50,0001193125-21-026563;0001564590-20-007319;0001564590-20-050655,"[0001193125-21-026563 d10242dex991.htm] ""Jazz to acquire GW for $220.00 per American Depositary Share (ADS), in the form of $200.00 in cash and $20.00 in Jazz ordinary shares, for a total consideration of $7.2 billion, or $6.7 billion net of GW cash.""; [0001193125-21-026563 d10242dex991.htm] ""This represents a premium of approximately 50 percent over GW's closing stock price on February 2, 2021, of $146.25""; [0001564590-20-007319 gwph-10k_20191231.htm] ""Total revenues | 311,332 | 6,654 | 12,737 | 8,629""; [0001564590-20-050655 gwph-10q_20200930.htm] ""Total revenues | 137,053 | 90,971 | 378,983 | 202,256""","Offer is $220.00 per ADS ($200.00 cash + $20.00 in Jazz shares); each ADS is 12 ordinary shares, so the offer column is per ADS. Total consideration $7.2bn and $6.7bn net of GW cash both stated; the net-of-cash figure is recorded as stated enterprise value. Premium approximately 50% to the Feb 2 2021 close (60% to 30-day VWAP). GW moved from a Sep 30 to a Dec 31 year end; FY2019 = calendar 2019. FY2020 10-K filed Feb 26 2021, after announcement. TTM = FY2019 311,332 + 9M2020 378,983 - 9M2019 202,256 (USD thousands). 10-K row columns: 2019, 3M to Dec 2018, FY Sep 2018, FY Sep 2017."
UCB,Zogenix,2022-01-19,26,1808,1465,computed: equity less cash plus debt,343,0,2021-09-30,13.6,2020,63.6,2021-09-30,66,0001193125-22-011853;0001193125-22-024082;0001193125-22-024104;0001375151-21-000012;0001375151-21-000100,"[0001193125-22-011853 d146336dex991.htm] ""EMERYVILLE, CA (USA), 19 January 2022""; [0001193125-22-011853 d146336dex991.htm] ""Total transaction* value of up to approximately US$ 1.9 billion""; [0001193125-22-011853 d146336dex991.htm] ""Footnote: [*Total transaction value fully diluted].""; [0001193125-22-011853 d146336dex991.htm] ""UCB will commence a tender offer to purchase all outstanding shares of Zogenix for a purchase price per share of US$ 26.00 in cash at closing, plus a contingent value right (CVR) for a potential cash payment of US$ 2.00 upon EU approval by December 31, 2023, of FINTEPLA® as an orphan medicine for treatment of Lennox-Gastaut syndrome (LGS).""; [0001193125-22-011853 d146336dex991.htm] ""The upfront consideration represents a 72% premium to Zogenix shares based on the 30-day volume weighted average closing stock price of Zogenix prior to signing.""; [0001193125-22-024082 d84429dex99a1a.htm] ""We estimate that we will need approximately $1,808 million to purchase all of the Shares pursuant to the Offer, to complete the Merger, to make payments in respect of outstanding Zogenix stock options, RSUs and PSUs pursuant to the Merger Agreement and in connection with the repurchase or conversion, as applicable, of Zogenix's 2.75% Convertible Senior Notes due 2027""; [0001193125-22-024082 d84429dex99a1a.htm] ""In addition, Parent estimates that it will need approximately $144 million to pay the maximum aggregate amount that the holders of CVRs may be entitled to receive if the Milestone is achieved.""; [0001193125-22-024104 d296753dsc14d9.htm] ""the upfront Offer Price (excluding the CVR) represented a premium of approximately 66% over the closing price per share of the Shares on the Nasdaq Global Select Market on January 18, 2022, the last trading day prior to the announcement of the Merger Agreement""; [0001375151-21-000012 zgnx-20201231.htm] ""Net product sales | 9,587 | - | -""; [0001375151-21-000012 zgnx-20201231.htm] ""Total revenues | 13,643 | 3,648 | -""; [0001375151-21-000100 zgnx-20210930.htm] ""Net product sales | 21,398 | 1,520 | 51,269 | 1,520""; [0001375151-21-000100 zgnx-20210930.htm] ""Total revenues | 22,610 | 2,860 | 55,082 | 5,141""; [0001375151-21-000100 zgnx-20210930.htm] ""Cash and cash equivalents | 106,138 | 166,916""; [0001375151-21-000100 zgnx-20210930.htm] ""Marketable securities | 236,886 | 338,193""; [0001375151-21-000100 zgnx-20210930.htm] ""Current portion of contingent consideration | 13,500 | 8,800""; [0001375151-21-000100 zgnx-20210930.htm] ""Contingent consideration, net of current portion | 25,900 | 33,600""; [0001375151-21-000100 zgnx-20210930.htm] ""Convertible senior notes | 155,871 | 149,353""; [0001375151-21-000100 zgnx-20210930.htm] ""Total liabilities | 272,688 | 281,461""","All-cash tender offer at $26.00 plus one non-tradeable CVR for a potential $2.00 on EU approval of Fintepla in Lennox-Gastaut syndrome by Dec 31 2023; offer and equity exclude the CVR. The press release states only a total transaction value of up to approximately $1.9bn fully diluted, which includes the CVR, so it is not used. Equity value is the Offer to Purchase estimate of funds needed, approximately $1,808m, which covers the shares, payments for options, RSUs and PSUs, and the repurchase or conversion of the 2.75% Convertible Senior Notes due 2027; the maximum CVR payout of approximately $144m is estimated separately and excluded. Judgement: because the $1,808m already includes settling the convertible notes, debt is set to 0 to avoid counting them twice (convertible senior notes carried at $155,871k at Sep 30 2021). Cash = cash and equivalents $106,138k + marketable securities $236,886k. Contingent consideration ($13,500k current + $25,900k non-current), deferred revenue and operating lease liabilities excluded. Premium approximately 66% over the Jan 18 2022 close, the last trading day before announcement (SC 14D9; the press release gives 72% to the 30-day VWAP). TTM = FY2020 13,643 + 9M2021 55,082 - 9M2020 5,141 (USD thousands); 10-Q revenue row columns: 3M2021, 3M2020, 9M2021, 9M2020. Net product sales are the large majority of TTM revenue (FY2020 9,587 + 9M2021 51,269 - 9M2020 1,520)."
Pfizer,Biohaven Pharmaceutical,2022-05-10,148.5,11600,12080.4,computed: equity less cash plus debt,364.6,845,2021-12-31,462.5,2021,,,78.6,0001689813-22-000034;0001628280-22-023926;0001689813-22-000014,"[0001689813-22-000034 ex991mayjointpressrelease.htm] ""Under the terms of the agreement, Pfizer will acquire all outstanding shares of Biohaven not already owned by Pfizer for $148.50 per share in cash.""; [0001689813-22-000034 ex991mayjointpressrelease.htm] ""Biohaven common shareholders, including Pfizer, will also receive 0.5 of a share of New Biohaven, a new publicly traded company that will retain Biohaven's non-CGRP development stage pipeline compounds, per Biohaven common share.""; [0001689813-22-000034 ex991mayjointpressrelease.htm] ""The $148.50 cash consideration represents a premium of approximately 33% to Biohaven's volume weighted average selling price of $111.70 over the three months prior to the announcement of the transaction.""; [0001689813-22-000034 ex991mayjointpressrelease.htm] ""Pfizer will pay transaction consideration totaling approximately $11.6 billion in cash. Pfizer will also make payments at closing to settle Biohaven's third party debt and for the redemption of all outstanding shares of Biohaven's redeemable preferred stock.""; [0001628280-22-023926 a2022bhvnproxystatement-de.htm] ""The Merger Consideration of $148.50 per Company share represents an approximately 78.6% premium over the Company's closing share price on May 9, 2022""; [0001689813-22-000014 bhvn-20211231.htm] ""Product revenue, net | 462,509 | 63,627 | -""; [0001689813-22-000014 bhvn-20211231.htm] ""Cash and cash equivalents | 171,945 | 132,149""; [0001689813-22-000014 bhvn-20211231.htm] ""Marketable securities | 192,648 | 223,185""; [0001689813-22-000014 bhvn-20211231.htm] ""Long-term debt | 626,720 | 267,458""; [0001689813-22-000014 bhvn-20211231.htm] ""Current portion of mandatorily redeemable preferred shares | 62,500 | 62,500""; [0001689813-22-000014 bhvn-20211231.htm] ""Mandatorily redeemable preferred shares, net | 155,737 | 111,591""; [0001689813-22-000014 bhvn-20211231.htm] ""Liability related to sale of future royalties, net | 367,645 | 328,350""","Offer is $148.50 cash plus 0.5 share of New Biohaven (spin-off) per share; offer column excludes the spin-off share. Equity value is the stated aggregate consideration of approximately $11.6bn in cash. JUDGEMENT FLAG: the release says Pfizer will ALSO pay at closing to settle third-party debt and redeem preferred stock, and the filings do not say whether the $11.6bn includes those payments; if it does, the computed EV double counts debt of about $845m. Cash = cash and equivalents $171,945k + marketable securities $192,648k at Dec 31 2021. Debt = long-term debt $626,720k + mandatorily redeemable preferred shares (liability-classified, redeemed at closing) $62,500k current + $155,737k non-current. Liability related to sale of future royalties ($367,645k) excluded as royalty financing. The Q1 2022 10-Q was filed on the announcement date, so no TTM and the balance sheet is the 10-K. Premium 78.6% to May 9 2022 close (DEFM14A); the press release cites 33% to 3-month VWAP. USD thousands in the filing."
Amgen,ChemoCentryx,2022-08-04,52,,3700,stated,,,,32.2,2021,27.3,2022-03-31,116,0001193125-22-211865;0001193125-22-244850;0000950170-22-002561;0000950170-22-009006,"[0001193125-22-211865 d391452dex991.htm] ""Amgen will acquire ChemoCentryx for $52 per share in cash, representing an enterprise value of approximately $3.7 billion.""; [0001193125-22-244850 d359803ddefm14a.htm] ""Such merger consideration represents a premium of approximately 116% over the ChemoCentryx common stock closing price of $24.11 on August 3, 2022, the last trading day before the public announcement that ChemoCentryx entered into the Merger Agreement.""; [0000950170-22-002561 ccxi-20211231.htm] ""Total revenue | 32,224 | 64,891 | 36,128""; [0000950170-22-002561 ccxi-20211231.htm] ""Product sales, net | 965 | - | -""; [0000950170-22-009006 ccxi-20220331.htm] ""Total revenue | 5,459 | 10,353""","All cash. Only enterprise value stated (approximately $3.7bn); no equity value stated in the release or DEFM14A, so equity is blank. Premium approximately 116% to the Aug 3 2022 close, the last trading day before announcement (DEFM14A). FY2021 product sales were $965k of $32,224k total revenue; the rest was collaboration and license revenue. Q2 2022 10-Q filed Aug 8, after announcement. TTM = FY2021 32,224 + Q1 2022 5,459 - Q1 2021 10,353 (USD thousands)."
Pfizer,Global Blood Therapeutics,2022-08-08,68.5,,5400,stated,,,,194.7,2021,210.9,2022-03-31,102,0000950157-22-000902;0001140361-22-031170;0000950170-22-001781;0000950170-22-007395,"[0000950157-22-000902 ex99-1.htm] ""Pfizer will acquire all the outstanding shares of GBT for $68.50 per share in cash, for a total enterprise value of approximately $5.4 billion, including debt and net of cash acquired.""; [0001140361-22-031170 ny20005024x2_defm14a.htm] ""102% premium to the unaffected trading price at which GBT common stock closed on August 3, 2022, the last trading day that closed prior to published market speculation regarding a potential sale of the Company""; [0000950170-22-001781 gbt-20211231.htm] ""Product sales, net | 194,749 | 123,803 | 2,108""; [0000950170-22-007395 gbt-20220331.htm] ""Product sales, net | 55,160 | 39,043""","All cash. The press release states enterprise value (approximately $5.4bn, including debt and net of cash); no equity value is stated in the release or DEFM14A, so equity is blank. Premium 102% to the Aug 3 2022 unaffected close (DEFM14A). The Q2 2022 10-Q was filed on the announcement date itself, so TTM uses Q1 2022: FY2021 194,749 + Q1 2022 55,160 - Q1 2021 39,043 (USD thousands). Product sales are total revenue."
Sumitomo Pharma (Sumitovant),Myovant Sciences,2022-10-23,27,2900,2900,computed: equity less cash plus debt,358.7,358.7,2022-06-30,231,2022,306.4,2022-06-30,50.3,0001140361-22-038147;0001140361-23-002428;0001679082-22-000071;0001679082-22-000102,"[0001140361-22-038147 ny20005635x1_ex99-1.htm] ""Oct. 23, 2022 /PRNewswire/""; [0001140361-22-038147 ny20005635x1_ex99-1.htm] ""Sumitovant will acquire all outstanding shares of Myovant not already owned by Sumitovant for $27.00 per share in cash.""; [0001140361-22-038147 ny20005635x1_ex99-1.htm] ""This corresponds to a total transaction value of $1.7 billion on a fully diluted basis, and a total company value of $2.9 billion on a fully diluted basis.""; [0001140361-22-038147 ny20005635x1_ex99-1.htm] ""Sumitovant currently beneficially owns 52% of the issued and outstanding shares of Myovant""; [0001140361-22-038147 ny20005635x1_ex99-1.htm] ""The purchase price represents a premium of approximately 50% to Myovant's closing share price on September 30, 2022, the last day of trading prior to Sumitovant's initial non-binding proposal""; [0001140361-23-002428 ny20005635x10_defm14a.htm] ""a premium of approximately 50.3% to the closing price per Myovant common share on September 30, 2022 (the last trading day prior to the public announcement of Sumitovant's initial non-binding proposal to acquire the remaining Myovant common shares that Sumitovant does not already own, on which date the closing price was $17.96)""; [0001679082-22-000071 myov-20220331.htm] ""For the fiscal year ended March 31, 2022""; [0001679082-22-000071 myov-20220331.htm] ""Product revenue, net | 94,309 | 3,630""; [0001679082-22-000071 myov-20220331.htm] ""Pfizer collaboration revenue | 104,996 | 22,354""; [0001679082-22-000071 myov-20220331.htm] ""Richter license and milestone revenue | 31,667 | 33,333""; [0001679082-22-000071 myov-20220331.htm] ""Total revenues | 230,972 | 59,317""; [0001679082-22-000102 myov-20220630.htm] ""Product revenue, net | 41,351 | 11,554""; [0001679082-22-000102 myov-20220630.htm] ""Pfizer collaboration revenue | 25,141 | 29,509""; [0001679082-22-000102 myov-20220630.htm] ""Accord license revenue | 50,000 | -""; [0001679082-22-000102 myov-20220630.htm] ""Total revenues | 116,492 | 41,063""; [0001679082-22-000102 myov-20220630.htm] ""Cash and cash equivalents | 325,535 | 406,704""; [0001679082-22-000102 myov-20220630.htm] ""Marketable securities | 31,216 | 27,483""; [0001679082-22-000102 myov-20220630.htm] ""Marketable securities, non-current | 1,938 | -""; [0001679082-22-000102 myov-20220630.htm] ""Long-term debt, less current maturities (related party) | 358,700 | 358,700""; [0001679082-22-000102 myov-20220630.htm] ""Deferred revenue | 100,564 | 100,564""; [0001679082-22-000102 myov-20220630.htm] ""Deferred revenue, non-current | 350,565 | 375,706""","All cash, announced Sunday Oct 23 2022 (8-K filed Oct 24). Buy-out of the minority by the controlling shareholder: Sumitovant already owned 52% of Myovant. Equity value is the stated total company value of $2.9bn fully diluted (100% of the equity at $27.00); the stated total transaction value of $1.7bn covers only the shares Sumitovant did not already own. Premium approximately 50.3% to the Sep 30 2022 close of $17.96, the last trading day before Sumitovant's initial non-binding proposal was announced (DEFM14A; the press release rounds to 50%). Fiscal year ends March 31: FY = fiscal year ended March 31 2022 (rev_fy_year 2022 is the year of FY end). The 10-Q for the quarter to Sep 30 2022 was filed Oct 26 2022, after announcement, so TTM ends Jun 30 2022. TTM = FY to Mar 2022 230,972 + 3M to Jun 2022 116,492 - 3M to Jun 2021 41,063 (USD thousands). Flag: product revenue is a minority of revenue. Product revenue, net was 94,309 of 230,972 in the fiscal year and 41,351 of 116,492 in the June 2022 quarter; the rest is Pfizer collaboration revenue (104,996 FY; 25,141 quarter), Richter license and milestone revenue (31,667 FY) and a $50,000k Accord license payment in the June 2022 quarter, which inflates the TTM. Cash = cash and equivalents $325,535k + marketable securities $31,216k + non-current marketable securities $1,938k. Debt = long-term debt, less current maturities (related party, Sumitomo Pharma loan) $358,700k. Deferred revenue ($100,564k current + $350,565k non-current), amounts due to Pfizer, the Pfizer cost share advance and operating lease liabilities excluded."
Amgen,Horizon Therapeutics,2022-12-12,116.5,27800,28300,stated,,,,3226.4,2021,3701.5,2022-09-30,47.9,0001193125-22-302262;0001193125-22-302198;0001564590-22-007863;0000950170-22-020973,"[0001193125-22-302262 d362658dex991.htm] ""The Acquisition values the entire issued and to be issued ordinary share capital of the Company at approximately $27.8 billion on a fully diluted basis and implies an enterprise value of approximately $28.3 billion.""; [0001193125-22-302198 d362658ddefa14a.htm] ""holders of the ordinary shares of the Company, nominal value $0.0001 per share (the ""Shares""), will be entitled to receive $116.50 in cash per Share (the ""Consideration"").""; [0001193125-22-302262 d362658dex991.htm] ""a premium of approximately 47.9% to the closing price of $78.76 per Company Share on November 29, 2022 (being the last closing price per Company Share prior to the Company's issuance of an announcement of a possible offer under Rule 2.4 of the Irish Takeover Rules)""; [0001193125-22-302262 d362658dex991.htm] ""a premium of approximately 19.7% to the closing price of $97.29 per Company Share on December 9, 2022.""; [0001564590-22-007863 hznp-10k_20211231.htm] ""Net sales | 3,226,410 | 2,200,429 | 1,300,029""; [0000950170-22-020973 hznp-20220930.htm] ""Total net sales | 925,359 | 1,036,992 | 2,687,015 | 2,211,946""","All cash, Irish scheme. Equity ($27.8bn fully diluted) and enterprise value ($28.3bn) both stated in the Rule 2.7 announcement (8-K EX-99.1). Premium 47.9% to the Nov 29 2022 close before the Rule 2.4 possible-offer announcement (19.7% to Dec 9 2022 close). FY2022 10-K filed after announcement, so FY is 2021. TTM = FY2021 3,226,410 + 9M2022 2,687,015 - 9M2021 2,211,946 (USD thousands). 10-Q revenue row columns: 3M2022, 3M2021, 9M2022, 9M2021."
Pfizer,Seagen,2023-03-13,229,,43000,stated,,,,1962.4,2022,,,42,0001193125-23-068474;0001193125-23-112984;0001060736-23-000009,"[0001193125-23-068474 d467472dex991.htm] ""Pfizer will acquire Seagen, a global biotechnology company that discovers, develops and commercializes transformative cancer medicines, for $229 in cash per Seagen share for a total enterprise value of $43 billion.""; [0001193125-23-112984 d484035ddefm14a.htm] ""The merger consideration of $229.00 per share represents a premium of approximately 42% to the closing price of $161.37 per share of our common stock on February 24, 2023, the last trading day prior to the first media accounts regarding a possible acquisition of Seagen by Pfizer, and a premium of approximately 54% to the 30-trading day volume-weighted average share price of $148.42 per share of our common stock on that same date.""; [0001060736-23-000009 sgen-20221231.htm] ""Total revenues | 1,962,412 | 1,574,371 | 2,175,536""","All cash. The press release states only an enterprise value ($43bn); no equity value is stated in the release or the DEFM14A, so equity is blank. Premium 42% to the Feb 24 2023 close, the last trading day before media reports (DEFM14A; 54% to 30-day VWAP). No 10-Q after FY2022 was filed before announcement, so no TTM. Revenue in USD thousands in the filing (1,962,412)."
Sobi,CTI BioPharma,2023-05-10,9.1,1700,1668,computed: equity less cash plus debt,79.9,47.9,2022-12-31,53.9,2022,,,89,0001193125-23-140842;0001193125-23-153474;0000891293-23-000011,"[0001193125-23-140842 d487385dex991.htm] ""on 10 May 2023 at 07:00 CEST""; [0001193125-23-140842 d487385dex991.htm] ""Sobi to commence a cash tender offer to acquire all issued and outstanding shares of CTI for USD 9.10 per share, corresponding to a total equity value of USD 1.7 billion""; [0001193125-23-140842 d487385dex991.htm] ""representing a premium of 95% based on CTI's 30-day volume-weighted average price of USD 4.67 preceding announcement of the transaction price of USD 9.10""; [0001193125-23-153474 d489239dsc14d9.htm] ""the Offer Price represents an approximately 89% premium over CTI's closing share price on May 9, 2023, the last trading day before the CTI Board approved the Transactions""; [0000891293-23-000011 ctic-20221231.htm] ""Net product sales | 53,948 | -""; [0000891293-23-000011 ctic-20221231.htm] ""Cash and cash equivalents | 30,420 | 65,446""; [0000891293-23-000011 ctic-20221231.htm] ""Short-term investments | 49,519 | -""; [0000891293-23-000011 ctic-20221231.htm] ""Current portion of long-term debt | 47,943 | 47,380""; [0000891293-23-000011 ctic-20221231.htm] ""Royalty financing obligation | 61,134 | -""; [0000891293-23-000011 ctic-20221231.htm] ""royalty financing obligation for the sale of the right to receive certain royalty payments from us under the Purchase and Sale Agreement entered into in August 2021 with DRI""; [0000891293-23-000011 ctic-20221231.htm] ""Total liabilities | 143,502 | 68,667""","All-cash tender offer. Equity value USD 1.7bn stated in USD in Sobi's release (SC TO-C on the CTI docket). Premium approximately 89% over the May 9 2023 close, the last trading day before the CTI board approved the transaction (SC 14D9; the release gives 95% to the 30-day VWAP of $4.67). No 10-Q after FY2022 was filed before announcement (Q1 2023 10-Q filed May 15 2023), so no TTM and the balance sheet is the 10-K. Revenue is net product sales of Vonjo, the only revenue line in FY2022 (none in FY2021). Cash = cash and equivalents $30,420k + short-term investments $49,519k. Debt = current portion of long-term debt $47,943k. Royalty financing obligation ($61,134k), from the sale of royalty payments to DRI, excluded as royalty financing, consistent with liabilities related to the sale of future royalties."
Bristol Myers Squibb,Mirati Therapeutics,2023-10-08,58,4800,3700,stated,,,,12.4,2022,27.2,2023-06-30,35,0001193125-23-253090;0001140361-23-051002;0001628280-23-005576;0001628280-23-028162,"[0001193125-23-253090 d558787dex991.htm] ""Bristol Myers Squibb through a subsidiary will acquire all of the outstanding shares of Mirati common stock at a price of $58.00 per share in cash representing a 52% premium to the 30-day VWAP as of the unaffected October 4, 2023 close, for a total equity value of $4.8 billion corresponding to an enterprise value of approximately $3.7 billion, which accounts for approximately $1.1 billion of Mirati cash.""; [0001140361-23-051002 edge20012673x2_defm14a.htm] ""The $58.00 Closing Consideration represents a premium of approximately 35% to the closing price of $42.89 per share of our common stock on October 4, 2023, the last trading day prior to media speculation of a potential transaction involving Mirati""; [0001193125-23-253090 d558787dex991.htm] ""Mirati stockholders will also receive one non-tradeable Contingent Value Right (CVR) for each Mirati share held, potentially worth $12.00 per share in cash, representing an additional $1.0 billion of value opportunity.""; [0001628280-23-005576 mrtx-20221231.htm] ""Product revenue, net | 713 | - | -""; [0001628280-23-005576 mrtx-20221231.htm] ""Product revenue, net relates to sales of KRAZATI, which received approval by the FDA and launched commercially in the U.S. in December 2022.""; [0001628280-23-005576 mrtx-20221231.htm] ""Total revenue | 12,436 | 72,092 | 13,398""; [0001628280-23-028162 mrtx-20230630.htm] ""Total revenue | 13,690 | 5,362 | 20,857 | 6,071""","All cash, plus one non-tradeable CVR worth $12.00 per share (about $1.0bn) excluded from offer and equity value. Equity $4.8bn and EV approximately $3.7bn both stated. Premium 35% to the Oct 4 2023 close before media speculation (DEFM14A); the press release cites 52% to 30-day VWAP. FY2022 product revenue was only $713k of $12,436k total (Krazati launched in the US in December 2022 per the 10-K); the rest was license and collaboration revenue. TTM = FY2022 12,436 + 6M2023 20,857 - 6M2022 6,071 (USD thousands). 10-Q revenue row columns: 3M2023, 3M2022, 6M2023, 6M2022."
AbbVie,ImmunoGen,2023-11-30,31.26,10100,9566.6,computed: equity less cash plus debt,605.5,72.1,2023-09-30,108.8,2022,287.6,2023-09-30,94.6,0001104659-23-122421;0001104659-24-000347;0001558370-23-002558;0001558370-23-017411,"[0001104659-23-122421 tm2331816d4_ex99-1.htm] ""Under the terms of the transaction, AbbVie will acquire all outstanding shares of ImmunoGen for $31.26 per share in cash.""; [0001104659-23-122421 tm2331816d4_ex99-1.htm] ""The transaction values ImmunoGen at a total equity value of approximately $10.1 billion.""; [0001104659-24-000347 tm2332464-4_defm14a.htm] ""a 94.6% premium to the closing price of the shares of Company Common Stock on November 29, 2023 (i.e., the last trading day before the announcement of the Company's entry into the Merger Agreement)""; [0001558370-23-002558 imgn-20221231x10k.htm] ""Total revenues | 108,782 | 69,856 | 132,299""; [0001558370-23-017411 imgn-20230930x10q.htm] ""Total revenues | 113,425 | 15,375 | 246,447 | 67,615""; [0001558370-23-017411 imgn-20230930x10q.htm] ""Cash and cash equivalents | 605,535 | 275,138""; [0001558370-23-017411 imgn-20230930x10q.htm] ""Senior secured term loan, net | 72,113 | -""; [0001558370-23-002558 imgn-20221231x10k.htm] ""Product revenue, net | 2,554 | - | -""; [0001558370-23-017411 imgn-20230930x10q.htm] ""Current portion of liability related to the sale of future royalties, net of deferred financing costs of $128 and $162, respectively | 9,437 | 8,659""; [0001558370-23-017411 imgn-20230930x10q.htm] ""Liability related to the sale of future royalties, net of current portion and deferred financing costs of $111 and $205, respectively | 16,455 | 23,449""","All cash. No enterprise value stated. Cash = cash and equivalents $605,535k (no marketable securities). Debt = senior secured term loan, net $72,113k. The liability related to the sale of future royalties ($9,437k current + $16,455k non-current) is excluded from debt as non-recourse royalty financing. Premium 94.6% to Nov 29 2023 close, the last trading day before announcement (DEFM14A). FY2022 product revenue was only $2,554k of $108,782k total; the rest was license, collaboration and royalty revenue. TTM = FY2022 108,782 + 9M2023 246,447 - 9M2022 67,615 (USD thousands). 10-Q revenue row columns: 3M2023, 3M2022, 9M2023, 9M2022."
Ono Pharmaceutical,Deciphera Pharmaceuticals,2024-04-29,25.6,2400,2047.1,computed: equity less cash plus debt,352.9,0,2023-12-31,163.4,2023,,,74.7,0001193125-24-119762;0001654151-24-000004,"[0001193125-24-119762 d831713dex991.htm] ""April 29, 2024-Deciphera Pharmaceuticals, Inc.""; [0001193125-24-119762 d831713dex991.htm] ""Under the terms of the definitive merger agreement, ONO will acquire all outstanding shares of Deciphera for $25.60 per share in cash for a total equity value of approximately $2.4 billion.""; [0001193125-24-119762 d831713dex991.htm] ""The purchase price represents a premium of 74.7% to Deciphera's closing share price of $14.65 on April 26, 2024, and a premium of 68.8% to Deciphera's 30-trading-day volume weighted average price as of April 26, 2024.""; [0001654151-24-000004 dcph-20231231.htm] ""Product revenues, net | 159,074 | 125,504 | 87,389""; [0001654151-24-000004 dcph-20231231.htm] ""Collaboration revenues | 4,282 | 8,532 | 8,759""; [0001654151-24-000004 dcph-20231231.htm] ""Total revenues | 163,356 | 134,036 | 96,148""; [0001654151-24-000004 dcph-20231231.htm] ""Cash and cash equivalents | 83,507 | 64,741""; [0001654151-24-000004 dcph-20231231.htm] ""Short-term marketable securities | 222,709 | 259,745""; [0001654151-24-000004 dcph-20231231.htm] ""Long-term marketable securities | 46,699 | 14,550""; [0001654151-24-000004 dcph-20231231.htm] ""Long-term investments-restricted and other long-term assets | 8,277 | 3,277""; [0001654151-24-000004 dcph-20231231.htm] ""Total liabilities | 122,650 | 112,348""","All-cash tender offer. Equity value approximately $2.4bn stated. Premium 74.7% to the Apr 26 2024 close of $14.65 (68.8% to the 30-trading-day VWAP). No 10-Q after FY2023 was filed before announcement (Q1 2024 10-Q filed May 10 2024), so no TTM and the balance sheet is the 10-K. Revenue is total revenues; product revenues, net are 159,074 of 163,356 (USD thousands). Cash = cash and equivalents $83,507k + short-term marketable securities $222,709k + long-term marketable securities $46,699k; long-term investments-restricted and other long-term assets ($8,277k) excluded. No borrowings: total liabilities of $122,650k are accounts payable, accrued expenses and other current liabilities, and operating lease liabilities, so debt = 0."
Johnson & Johnson,Intra-Cellular Therapies,2025-01-13,132,14600,13593.4,computed: equity less cash plus debt,1006.6,0,2024-09-30,464.4,2023,613.7,2024-09-30,60,0001193125-25-004990;0001193125-25-028672;0001628280-24-006156;0001628280-24-044196,"[0001193125-25-004990 d910241dex991.htm] ""Johnson & Johnson will acquire all outstanding shares of Intra-Cellular Therapies, a biopharmaceutical company focused on the development and commercialization of therapeutics for central nervous system (CNS) disorders, for $132.00 per share in cash for a total equity value of approximately $14.6 billion.""; [0001193125-25-028672 d921418ddefm14a.htm] ""The $132.00 Merger Consideration represents a premium of approximately 60% to the closing price of $82.56 per share of our common stock on January 8, 2025 (the last full trading day prior to the date on which the Board of Directors met to approve the Merger) and a premium of approximately 57% to ITI's 30-day VWAP as of the close of trading on January 8, 2025""; [0001628280-24-006156 itci-20231231.htm] ""Total revenues, net | 464,370 | 250,314 | 83,803""; [0001628280-24-044196 itci-20240930.htm] ""Total revenues, net | 175,375 | 126,173 | 481,629 | 332,271""; [0001628280-24-044196 itci-20240930.htm] ""Cash and cash equivalents | 464,312 | 147,767""; [0001628280-24-044196 itci-20240930.htm] ""Investment securities, available-for-sale | 542,250 | 350,174""; [0001628280-24-044196 itci-20240930.htm] ""Total liabilities | 179,619 | 136,871""","All cash. No enterprise value stated. Premium approximately 60% to the Jan 8 2025 close, the last full trading day before the board met to approve (DEFM14A; 57% to 30-day VWAP). FY2024 10-K filed Feb 21 2025, after announcement, so FY is 2023. Cash = cash and equivalents $464,312k + investment securities available-for-sale $542,250k (restricted cash excluded). Balance sheet carries no borrowings (liabilities are payables, accruals, customer programs, employee benefits, operating leases), so debt is 0. TTM = FY2023 464,370 + 9M2024 481,629 - 9M2023 332,271 (USD thousands). CIK 1567514 (the public entity, formerly Oneida Resources Corp.)."
Merck KGaA,SpringWorks Therapeutics,2025-04-28,47,3900,3400,stated,,,,191.6,2024,,,26,0001104659-25-039627;0001773427-25-000010,"[0001104659-25-039627 tm2513311d1_ex99-1.htm] ""The purchase price of $47 per share in cash represents an equity value of approximately $3.9 billion, or an enterprise value of $3.4 billion (€3.0 billion) based on SpringWorks' cash balance as of December 31, 2024, and a premium of 26% to SpringWorks' unaffected 20-day volume-weighted average price of $37.38 on February 7, 2025, the day prior to the first market speculation of a potential transaction between Merck KGaA, Darmstadt, Germany and SpringWorks.""; [0001773427-25-000010 swtx-20241231.htm] ""Total revenue | 191,589 | 5,447 | -""; [0001773427-25-000010 swtx-20241231.htm] ""Product revenue, net | 172,042 | 5,447 | -""","All cash. Equity (approximately $3.9bn) and enterprise value ($3.4bn, EUR 3.0bn, based on Dec 31 2024 cash) both stated. Premium 26% is to the unaffected 20-day VWAP on Feb 7 2025, the day before first market speculation; no filing states a premium to a single unaffected close. Q1 2025 10-Q filed May 9 2025, after announcement, so no TTM. FY2024 total revenue of $191,589k includes $172,042k of net product revenue (USD thousands)."
Sanofi,Blueprint Medicines,2025-06-02,129,9100,8588,computed: equity less cash plus debt,899.8,387.7,2025-03-31,508.8,2024,562.1,2025-03-31,27,0001104659-25-055143;0001558370-25-006108;0001558370-25-000953,"[0001104659-25-055143 tm2516831d1_ex99-1.htm] ""Under the terms of the acquisition, Sanofi will pay $129.00 per share in cash at closing, representing an equity value of approximately $9.1 billion.""; [0001104659-25-055143 tm2516831d1_ex99-1.htm] ""The total equity value of the transaction, including potential CVR payments, represents approximately $9.5 billion on a fully diluted basis.""; [0001104659-25-055143 tm2516831d1_ex99-1.htm] ""The upfront offer price represents a premium of approximately 27% over the closing price of Blueprint on May 30, 2025""; [0001104659-25-055143 tm2516831d1_ex99-1.htm] ""Together with the CVR, the premium is approximately 33% over the closing price on May 30, 2025""; [0001104659-25-055143 tm2516831d1_ex99-1.htm] ""Blueprint shareholders also will receive one non-tradeable contingent value right (CVR) which will entitle the holder to receive two potential milestone payments of $2 and $4 per CVR""; [0001558370-25-006108 bpmc-20250331x10q.htm] ""Current portion of liabilities related to the sale of future royalties and revenues | 67,917 | 61,650""; [0001558370-25-000953 bpmc-20241231x10k.htm] ""Total revenues | 508,824 | 249,380 | 204,036""; [0001558370-25-006108 bpmc-20250331x10q.htm] ""Total revenues | 149,413 | 96,116""; [0001558370-25-006108 bpmc-20250331x10q.htm] ""Cash and cash equivalents | 122,245 | 102,014""; [0001558370-25-006108 bpmc-20250331x10q.htm] ""Marketable securities | 453,992 | 513,473""; [0001558370-25-006108 bpmc-20250331x10q.htm] ""Marketable securities | 323,547 | 248,450""; [0001558370-25-006108 bpmc-20250331x10q.htm] ""Current portion of term loan | 43,797 | 43,917""; [0001558370-25-006108 bpmc-20250331x10q.htm] ""Term loan, net of current portion | 343,949 | 343,053""; [0001558370-25-006108 bpmc-20250331x10q.htm] ""Liabilities related to the sale of future royalties and revenues, net of current portion | 178,715 | 193,524""","All-cash tender offer at $129.00 plus one CVR worth up to $6 ($2 + $4, BLU-808 milestones); offer and equity ($9.1bn) exclude the CVR; up to $9.5bn fully diluted including CVR. Premium approximately 27% to the May 30 2025 close (33% including CVR). Cash = cash and equivalents $122,245k + current marketable securities $453,992k + non-current marketable securities $323,547k. Debt = current portion of term loan $43,797k + term loan net of current portion $343,949k. Liabilities related to the sale of future royalties and revenues ($67,917k current + $178,715k non-current) excluded as royalty financing. TTM = FY2024 508,824 + Q1 2025 149,413 - Q1 2024 96,116 (USD thousands)."
Merck & Co,Verona Pharma,2025-07-09,107,10000,9840.3,computed: equity less cash plus debt,401.4,241.7,2025-03-31,42.3,2024,118.5,2025-03-31,23,0001104659-25-066588;0001104659-25-079472;0001657312-25-000010;0001657312-25-000020,"[0001104659-25-066588 tm2520134d1_ex99-1.htm] ""Merck, through a subsidiary, will acquire Verona Pharma for $107 per American Depository Share (ADS), each of which represents eight Verona Pharma ordinary shares, for a total transaction value of approximately $10 billion.""; [0001104659-25-079472 tm2522174-2_defm14a.htm] ""the total amount of funds necessary to consummate the Transaction and the related transactions, not including fees and expenses, will be approximately $10 billion, including the estimated funds needed to (i) pay our shareholders the consideration due to them under the Transaction Agreement and (ii) make payments in respect of outstanding Verona Pharma Equity Awards""; [0001104659-25-079472 tm2522174-2_defm14a.htm] ""a premium of approximately 23% to the $86.86 closing price per Verona ADS on July 8, 2025, the last trading day prior to the date on which the Transaction Agreement was executed""; [0001657312-25-000010 vrna-20241231.htm] ""Total revenue, net | 42,279 | - | 458""; [0001657312-25-000020 vrna-20250331.htm] ""Total revenue, net | 76,256 | -""; [0001657312-25-000020 vrna-20250331.htm] ""Cash and cash equivalents | 401,415 | 399,757""; [0001657312-25-000020 vrna-20250331.htm] ""Term loan | 241,742 | 120,341""; [0001657312-25-000020 vrna-20250331.htm] ""Equity interest | 15,000 | 15,000""; [0001657312-25-000020 vrna-20250331.htm] ""Product sales, net | 71,256 | -""","All cash, UK scheme. Offer is $107 per ADS; each ADS is eight ordinary shares, so the offer column is per ADS. Equity value is the stated 'total transaction value of approximately $10 billion'; the DEFM14A says the approximately $10bn of funds needed covers the shareholder consideration and equity awards, so it is treated as equity value. Premium approximately 23% to the Jul 8 2025 ADS close (DEFM14A). Cash = cash and equivalents $401,415k (the $15,000k equity interest excluded). Debt = term loan $241,742k. Q1 2025 product sales were $71,256k of $76,256k total revenue. TTM = FY2024 42,279 + Q1 2025 76,256 - Q1 2024 0 (the 10-Q shows '-' for Q1 2024) (USD thousands)."
Alkermes,Avadel Pharmaceuticals,2025-10-22,18.5,,,,81.5,35.3,2025-06-30,169.1,2024,221.1,2025-06-30,17,0001104659-25-101430;0001193125-25-245852;0001104659-25-118137;0001104659-25-113886;0001012477-25-000010;0001012477-25-000024,"[0001104659-25-101430 tm2529228d2_ex99-1.htm] ""Alkermes will acquire all outstanding ordinary shares of Avadel for $18.50 per share, payable in cash at closing.""; [0001104659-25-101430 tm2529228d2_ex99-1.htm] ""In addition, Alkermes will provide Avadel shareholders with a non-transferable contingent value right (CVR) entitling holders to a potential additional cash payment of $1.50 per share, contingent upon final FDA approval of LUMRYZ""; [0001104659-25-101430 tm2529228d2_ex99-1.htm] ""for the treatment of idiopathic hypersomnia in adults by the end of 2028.""; [0001104659-25-101430 tm2529228d2_ex99-1.htm] ""Taken together, this potential per share acquisition price represents an enterprise value of approximately $2.1 billion.""; [0001193125-25-245852 d946576dex991.htm] ""Taken together, this potential per share acquisition price represents an equity value of approximately $2.1 billion.""; [0001104659-25-101430 tm2529228d2_ex99-1.htm] ""Assuming the Milestone Payment is made, the Acquisition values the entire issued and to be issued ordinary share capital of the Company at approximately $2.1 billion on a fully diluted basis calculated using the Treasury Stock Method.""; [0001104659-25-101430 tm2529228d2_ex99-1.htm] ""A premium of approximately 27% to the closing price of $15.80 per Company Share on October 20, 2025""; [0001104659-25-101430 tm2529228d2_ex99-1.htm] ""a premium of approximately 12% to the closing price of $17.87 per Company Share on October 21, 2025""; [0001104659-25-101430 tm2529228d2_ex99-1.htm] ""Alternatively, in the event that the Milestone Payment is not made, the Acquisition represents:""; [0001104659-25-101430 tm2529228d2_ex99-1.htm] ""a premium of approximately 17% to the closing price of $15.80 per Company Share on October 20, 2025""; [0001104659-25-101430 tm2529228d2_ex99-1.htm] ""a premium of approximately 4% to the closing price of $17.87 per Company Share on October 21, 2025""; [0001104659-25-118137 tm2529379-3_defm14a.htm] ""October 20, 2025, two trading days prior to the public announcement of the Original Transaction Agreement and prior to Jazz settlement rumors""; [0001104659-25-113886 tm2529228d13_8k.htm] ""On November 18, 2025 (the ""Amendment Date"")""; [0001104659-25-113886 tm2529228d13_8k.htm] ""Cash Consideration payable under the Amended Transaction Agreement increased to $21.00 per Avadel Share and with the terms of the CVR unchanged""; [0001104659-25-113886 tm2529228d13_ex99-1.htm] ""The Increased Offer values Avadel at up to approximately $2.37 billion, assuming the Milestone Payment (as defined in the revised offer announcement set out below) is made.""; [0001104659-25-113886 tm2529228d13_ex99-1.htm] ""the upfront cash consideration of $21.00 per share in Alkermes' Increased Offer is identical to the cash consideration proposed in the Lundbeck Proposal""; [0001012477-25-000010 avdl-20241231.htm] ""Net product revenue | 169,117 | 27,963 | -""; [0001012477-25-000024 avdl-20250630.htm] ""Net product revenue | 68,129 | 41,504 | 120,640 | 68,682""; [0001012477-25-000024 avdl-20250630.htm] ""Cash and cash equivalents | 63,402 | 51,371""; [0001012477-25-000024 avdl-20250630.htm] ""Marketable securities | 18,145 | 22,406""; [0001012477-25-000024 avdl-20250630.htm] ""Royalty financing obligation | 35,318 | 35,249""; [0001012477-25-000024 avdl-20250630.htm] ""Total liabilities | 96,448 | 90,388""; [0001012477-25-000010 avdl-20241231.htm] ""Debt Arrangements On March 29, 2023, we entered into a royalty purchase agreement (""RPA"") with RTW Investments, L.P. (""RTW"")""","Irish scheme of arrangement. Original terms: $18.50 per share in cash plus one non-transferable CVR for $1.50 per share on final FDA approval of LUMRYZ in idiopathic hypersomnia by the end of 2028; offer excludes the CVR. Equity left blank: the only stated value, approximately $2.1bn fully diluted (treasury stock method), assumes the $1.50 Milestone Payment is made, and no figure excluding the CVR is stated. EV left blank for the same reason: Avadel's copy of the joint release calls the same $2.1bn an enterprise value while Alkermes' copy calls it an equity value, and both assume the CVR pays. Premium approximately 17% (cash only) to the Oct 20 2025 close of $15.80, which the DEFM14A treats as the Unaffected Date, before Jazz settlement rumors; 4% to the Oct 21 close of $17.87; with the CVR, 27% and 12%. Revised terms: after a competing Lundbeck proposal, the Nov 18 2025 amendment raised the cash to $21.00 per share with the CVR unchanged, valuing Avadel at up to approximately $2.37bn assuming the Milestone Payment. Q3 2025 10-Q filed Nov 4, after announcement, so TTM uses the Q2 10-Q. Cash = cash and equivalents $63,402k + marketable securities $18,145k. Debt = royalty financing obligation $35,318k (RTW royalty purchase agreement); included because it is labelled a financing obligation and the 10-K reports it under Debt Arrangements, not as a liability related to the sale of future royalties. Revenue is all LUMRYZ net product revenue. TTM = FY2024 169,117 + 6M2025 120,640 - 6M2024 68,682 (USD thousands). 10-Q revenue row columns: 3M2025, 3M2024, 6M2025, 6M2024."
BioMarin,Amicus Therapeutics,2025-12-19,14.5,4800,4928.1,computed: equity less cash plus debt,263.8,392,2025-09-30,528.3,2024,598.7,2025-09-30,33,0001140361-25-046134;0001140361-26-003092;0001178879-25-000003;0001178879-25-000015,"[0001140361-25-046134 ef20061157_ex99-1.htm] ""BioMarin has entered into a definitive agreement to acquire Amicus for $14.50 per share in an all-cash transaction for a total equity value of approximately $4.8 billion.""; [0001140361-25-046134 ef20061157_ex99-1.htm] ""representing a 33% premium to Amicus' last close, a 46% premium to the 30-day volume-weighted average stock price""; [0001140361-26-003092 ny20062454x3_defm14a.htm] ""a premium of approximately 33% over the closing price of $10.89 per share of Amicus common stock on December 18, 2025, the last trading day prior to the announcement of the Merger Agreement""; [0001178879-25-000003 fold-20241231.htm] ""Net product sales | 528,295 | 399,356 | 329,233""; [0001178879-25-000015 fold-20250930.htm] ""Net product sales | 169,061 | 141,517 | 448,998 | 378,589""; [0001178879-25-000015 fold-20250930.htm] ""Cash and cash equivalents | 190,553 | 213,752""; [0001178879-25-000015 fold-20250930.htm] ""Investments in marketable securities | 73,290 | 36,194""; [0001178879-25-000015 fold-20250930.htm] ""Long-term debt | 391,985 | 390,111""; [0001178879-25-000015 fold-20250930.htm] ""Total liabilities | 638,387 | 590,988""","All cash, no CVR. No enterprise value stated. Premium approximately 33% to the Dec 18 2025 close of $10.89, the last trading day before announcement (DEFM14A); 46% to 30-day VWAP. Cash = cash and equivalents $190,553k + investments in marketable securities $73,290k. Debt = long-term debt $391,985k. Operating lease liabilities excluded. Revenue is all net product sales; the income statement has no other revenue line. TTM = FY2024 528,295 + 9M2025 448,998 - 9M2024 378,589 (USD thousands). 10-Q revenue row columns: 3M2025, 3M2024, 9M2025, 9M2024."
Sanofi,Dynavax Technologies,2025-12-24,15.5,2200,1813.2,computed: equity less cash plus debt,647.8,261,2025-09-30,277.2,2024,330.5,2025-09-30,39,0001193125-25-335464;0001193125-26-009777;0001029142-25-000049;0001628280-25-049536,"[0001193125-25-335464 d48726dex991.htm] ""Under the terms of the merger agreement, Sanofi will commence a cash tender offer to acquire all outstanding shares of Dynavax for $15.50 per share in cash, reflecting a total equity value of approximately $2.2 billion.""; [0001193125-26-009777 d929738dsc14d9.htm] ""approximately 39% to the closing price of common stock of $11.13 per share on December 23, 2025, the last full trading day prior to the announcement of the Offer and the Merger""; [0001029142-25-000049 dvax-20241231.htm] ""Product revenue, net | 268,430 | 213,295 | 713,645""; [0001029142-25-000049 dvax-20241231.htm] ""Total revenues | 277,246 | 232,284 | 722,683""; [0001628280-25-049536 dvax-20250930.htm] ""Total revenues | 94,876 | 80,630 | 258,482 | 205,214""; [0001628280-25-049536 dvax-20250930.htm] ""Cash and cash equivalents | 160,247 | 95,883""; [0001628280-25-049536 dvax-20250930.htm] ""Marketable securities available-for-sale | 487,568 | 617,951""; [0001628280-25-049536 dvax-20250930.htm] ""Convertible Notes, current portion, net of debt discount of $135 at September 30, 2025 (Note 7) | 40,073 | -""; [0001628280-25-049536 dvax-20250930.htm] ""Convertible Notes, net of debt discount of $4,034 and $1,646 at September 30, 2025 and December 31, 2024, respectively (Note 7) | 220,966 | 223,854""; [0001628280-25-049536 dvax-20250930.htm] ""CEPI accrual long-term (Note 6) | 60,337 | 60,337""","All-cash tender offer, no CVR. No enterprise value stated. Premium approximately 39% to the Dec 23 2025 close of $11.13, the last full trading day before announcement (SC 14D9). Cash = cash and equivalents $160,247k + marketable securities available-for-sale $487,568k. Debt = convertible notes current portion $40,073k + convertible notes non-current $220,966k (carrying values net of discount). CEPI accrual long-term ($60,337k) and lease liabilities excluded. Revenue is mostly HEPLISAV-B product revenue ($268,430k of $277,246k in FY2024); the rest is other revenue. TTM = FY2024 277,246 + 9M2025 258,482 - 9M2024 205,214 (USD thousands). 10-Q revenue row columns: 3M2025, 3M2024, 9M2025, 9M2024."
Servier,Day One Biopharmaceuticals,2026-03-06,21.5,2500,2058.9,computed: equity less cash plus debt,441.1,0,2025-12-31,158.2,2025,,,114,0001193125-26-095178;0001193125-26-125045;0001193125-26-066956,"[0001193125-26-095178 d55904dex991.htm] ""today announced that they have entered into a definitive agreement for Servier to acquire Day One for $21.50 per share in cash, representing a total equity value of approximately $2.5 billion.""; [0001193125-26-095178 d55904dex991.htm] ""The offer price represents a premium of approximately 68% over the closing price of Day One on March 5, 2026""; [0001193125-26-125045 d55037dsc14d9.htm] ""a premium of approximately 114% to the closing price of Day One common stock on March 3, 2026 (the trading day prior to the day of the Media Report)""; [0001193125-26-125045 d55037dsc14d9.htm] ""That day, the closing sale price of Day One common stock on the Nasdaq Global Select Market was $12.87 per share, an increase of approximately 28% over the closing sale price of Day One common stock on the immediately preceding trading day of March 3, 2026 (the ""Unaffected Date"")""; [0001193125-26-066956 dawn-20251231.htm] ""Product revenue, net | 155,421 | 57,217 | -""; [0001193125-26-066956 dawn-20251231.htm] ""Total revenues | 158,182 | 131,161 | -""; [0001193125-26-066956 dawn-20251231.htm] ""Cash and cash equivalents | 197,078 | 124,968""; [0001193125-26-066956 dawn-20251231.htm] ""Short-term investments | 244,035 | 406,752""; [0001193125-26-066956 dawn-20251231.htm] ""Total liabilities | 66,665 | 80,037""; [0001193125-26-066956 dawn-20251231.htm] ""On January 6, 2026, the transaction closed and the Company acquired all outstanding shares of Mersana common stock""; [0001193125-26-066956 dawn-20251231.htm] ""The aggregate cash paid was approximately $128.8 million.""; [0001193125-26-066956 dawn-20251231.htm] ""This transaction was a nonrecognized subsequent event that was not reflected in the Company's consolidated financial statements as of December 31, 2025.""","All-cash tender offer, no CVR. No enterprise value stated. Premium approximately 114% to the Mar 3 2026 close, the trading day before a Mar 4 media report on inbound acquisition interest that lifted the shares about 28% (SC 14D9 Unaffected Date); 68% to the Mar 5 2026 close stated in the press release. FY2025 10-K filed Feb 24 2026 and no later 10-Q before announcement, so no TTM; balance sheet is Dec 31 2025. Cash = cash and equivalents $197,078k + short-term investments $244,035k. No borrowings: liabilities are payables, accruals, deferred revenue, operating leases and an other long-term liability, so debt is 0. The balance sheet predates Day One's own acquisition of Mersana, which closed Jan 6 2026 for approximately $128.8m of cash, so it overstates cash at announcement. Revenue is mostly OJEMDA product revenue ($155,421k of $158,182k in FY2025)."
Biogen,Apellis Pharmaceuticals,2026-03-31,41,5600,5589.1,computed: equity less cash plus debt,466.2,455.3,2025-12-31,1003.8,2025,,,140,0001193125-26-134916;0001193125-26-153887;0001193125-26-065179,"[0001193125-26-134916 d132653dex992.htm] ""Biogen to acquire Apellis for a price of $41 per share in cash representing an upfront equity consideration of approximately $5.6 billion""; [0001193125-26-134916 d132653dex992.htm] ""Biogen has agreed to acquire all outstanding shares of Apellis for $41.00 per share in cash at closing, or approximately $5.6 billion.""; [0001193125-26-134916 d132653dex992.htm] ""Apellis stockholders will also receive a nontransferable CVR for each Apellis share held, entitling the holder to receive two payments of $2 per share each, contingent on certain annual global net sales thresholds being met for SYFOVRE""; [0001193125-26-134916 d132653dex992.htm] ""achieves $1.5 billion in annual global net sales in any calendar year between 2027 and 2030""; [0001193125-26-134916 d132653dex992.htm] ""achieves $2 billion in annual global net sales in the 2031 calendar year, a cash payment of $4 per share""; [0001193125-26-134916 d132653dex992.htm] ""representing an 86% premium to the 90-day volume-weighted average stock price and a 35% premium to the 52-week high stock price""; [0001193125-26-153887 d143771dsc14d9.htm] ""an approximately 140% premium over the closing price per Share on March 30, 2026, the last full trading day prior to the public announcement of the execution of the merger agreement""; [0001193125-26-065179 apls-20251231.htm] ""Product revenue, net | 689,383 | 709,954 | 366,281""; [0001193125-26-065179 apls-20251231.htm] ""Licensing and other revenue | 314,399 | 71,413 | 30,310""; [0001193125-26-065179 apls-20251231.htm] ""Total revenue: | 1,003,782 | 781,367 | 396,591""; [0001193125-26-065179 apls-20251231.htm] ""Cash and cash equivalents | 466,233 | 411,290""; [0001193125-26-065179 apls-20251231.htm] ""Restricted cash | 1,527 | 1,322""; [0001193125-26-065179 apls-20251231.htm] ""Convertible senior notes | 93,662 | -""; [0001193125-26-065179 apls-20251231.htm] ""Long-term credit facility | 361,664 | 359,489""","All-cash tender offer at $41.00 plus one non-transferable CVR paying $2 per share if SYFOVRE reaches $1.5bn of annual global net sales in any year 2027 to 2030 and another $2 at $2bn, or $4 if $2bn is first reached in 2031; offer and equity (stated upfront equity consideration of approximately $5.6bn) exclude the CVR. No enterprise value stated. Premium approximately 140% to the Mar 30 2026 close, the last full trading day before announcement (SC 14D9); the press release states only 86% to 90-day VWAP and 35% to the 52-week high. FY2025 10-K filed Feb 24 2026 and no later 10-Q before announcement, so no TTM; balance sheet is Dec 31 2025. Cash = cash and equivalents $466,233k (restricted cash $1,527k excluded; no investments). Debt = convertible senior notes (current) $93,662k + long-term credit facility $361,664k. Lease and other liabilities excluded. FY2025 total revenue includes licensing and other revenue of $314,399k; product revenue (EMPAVELI and SYFOVRE) was $689,383k."
Neurocrine Biosciences,Soleno Therapeutics,2026-04-06,53,2900,2443.8,computed: equity less cash plus debt,506.1,49.9,2025-12-31,190.4,2025,,,34,0001193125-26-142911;0001193125-26-162853;0001193125-26-071808,"[0001193125-26-142911 d142985dex991.htm] ""Neurocrine has entered into a definitive agreement to acquire Soleno for $53.00 per share in cash, representing a total transaction equity value of $2.9 billion.""; [0001193125-26-142911 d142985dex991.htm] ""representing a premium of approximately 34% to Soleno's closing share price on April 2, 2026, and a premium of 51% to Soleno's 30-day volume-weighted average price (VWAP).""; [0001193125-26-142911 d142985dex991.htm] ""Since its FDA approval and successful U.S. launch in the second quarter of 2025, VYKAT XR has demonstrated strong early adoption""; [0001193125-26-162853 d108355dsc14d9.htm] ""Closing Stock Price @ 4/2/26 | 39.49 | 34%""; [0001193125-26-071808 slno-20251231.htm] ""Product revenue, net | 190,405 | - | -""; [0001193125-26-071808 slno-20251231.htm] ""Cash and cash equivalents | 70,106 | 87,928""; [0001193125-26-071808 slno-20251231.htm] ""Marketable securities | 235,366 | 203,509""; [0001193125-26-071808 slno-20251231.htm] ""Long-term marketable securities | 200,616 | 27,211""; [0001193125-26-071808 slno-20251231.htm] ""Long-term debt, net | 49,863 | 49,828""; [0001193125-26-071808 slno-20251231.htm] ""Contingent liability for Essentialis purchase price | 20,327 | -""; [0001193125-26-071808 slno-20251231.htm] ""Total liabilities | 113,715 | 85,859""","All-cash tender offer at $53.00 per share; the release states a total transaction equity value of $2.9bn. No enterprise value stated. Premium approximately 34% to the April 2 2026 close (51% to the 30-day VWAP), per the release and the SC 14D9. FY2025 10-K filed Feb 25 2026; the Q1 2026 10-Q was filed after announcement, so revenue is FY2025 and the balance sheet is Dec 31 2025. Revenue is all product revenue (VYKAT XR, approved and launched in the US in Q2 2025); the income statement has no other revenue line. Cash = cash and equivalents $70,106k + marketable securities $235,366k + long-term marketable securities $200,616k. Debt = long-term debt, net $49,863k. Contingent liability for Essentialis purchase price ($20,327k current) excluded as contingent consideration; operating lease liabilities excluded (USD thousands)."
Sun Pharmaceutical Industries,Organon & Co.,2026-04-26,14,,11750,stated,,,,6216,2025,,,103,0001193125-26-178718;0001193125-26-273323;0001628280-26-011125,"[0001193125-26-178718 d38652dex991.htm] ""Sun Pharma will acquire all outstanding shares of Organon for US$14.00 per share in an all-cash transaction with an enterprise valuation of US$ 11.75 billion.""; [0001193125-26-178718 d38652dex991.htm] ""Mumbai, India, April 27, 2026 and Jersey City, New Jersey, April 26, 2026""; [0001193125-26-178718 d38652dex991.htm] ""Organon had debt of US$ 8.6 billion and cash balance of US$ 574 million.""; [0001193125-26-273323 d15298ddefm14a.htm] ""approximately 103% to the closing price of our Common Stock on April 9, 2026 (the ""Unaffected Date""), the unaffected trading date prior to the April 10, 2026 publication in a media report speculating about a potential transaction with Sun Pharma""; [0001193125-26-273323 d15298ddefm14a.htm] ""approximately 63% to the closing price of our Common Stock on April 23, 2026, the last trading date prior to April 24, 2026""; [0001193125-26-273323 d15298ddefm14a.htm] ""On the evening of April 26, 2026, prior to the opening of trading on the National Stock Exchange and Bombay Stock Exchange on the morning of April 27th in India, Organon and Sun Pharma issued a joint press release announcing the execution of the Merger Agreement.""; [0001628280-26-011125 ogn-20251231.htm] ""Revenues | 6,216 | 6,403 | 6,263""; [0001628280-26-011125 ogn-20251231.htm] ""Cash and cash equivalents | 574 | 675""; [0001628280-26-011125 ogn-20251231.htm] ""Current portion of long-term debt and short-term borrowings | 16 | 20""; [0001628280-26-011125 ogn-20251231.htm] ""Long-term debt | 8,628 | 8,860""; [0001628280-26-011125 ogn-20251231.htm] ""Revenue Interest Purchase and Sale Agreement (1) | 179 | 165""","NOT COMPARABLE TO GROWTH BIOPHARMA: Organon is a diversified pharma company (women's health, biosimilars, established brands) spun out of Merck, with heavy spin-off debt. All cash at $14.00 per share. The release states only an enterprise valuation of $11.75bn; no equity value is stated in the release or the DEFM14A, so equity is blank. Announced the evening of April 26 2026 US time (release dated April 26 Jersey City, April 27 Mumbai; 8-K filed April 27). Premium approximately 103% to the April 9 2026 unaffected close, before an April 10 media report (DEFM14A); the DEFM14A also gives 63% to the April 23 2026 close, before a later leak. Revenue FY2025 $6,216m (USD millions); the Q1 2026 10-Q was filed May 4 2026, after announcement. For reference the release cites debt of $8.6bn and cash of $574m; the 10-K shows long-term debt $8,628m plus current portion $16m, and the debt note includes a Revenue Interest Purchase and Sale Agreement of $179m."
Chiesi Farmaceutici,KalVista Pharmaceuticals,2026-04-29,27,1900,1739,computed: equity less cash plus debt,300.2,139.2,2025-12-31,49.1,2025,,,40,0001140361-26-017656;0001140361-26-021078;0001193125-26-124232,"[0001140361-26-017656 ef20071670_ex99-1.htm] ""Chiesi agreed to acquire KalVista Pharmaceuticals for $27.00 per share in cash, representing an equity consideration of approximately $1.9bn""; [0001140361-26-017656 ef20071670_ex99-1.htm] ""which represents a 36% premium to KalVista's 30-day volume-weighted average share price as of 28 April, 2026.""; [0001140361-26-017656 ef20071670_ex99-1.htm] ""Following its launch in the United States in July 2025, sebetralstat demonstrated strong market uptake""; [0001140361-26-021078 ny20073033x1_sc14d9.htm] ""the Offer Price represented a 40% premium over the Company's closing Share price on April 28, 2026, the last trading day before the Company Board approved the Transactions""; [0001140361-26-021078 ny20073033x1_sc14d9.htm] ""Transition Report on Form 10-KT for the transition period from May 1, 2025 to December 31, 2025""; [0001193125-26-124232 kalv-20251231.htm] ""for the eight month transition period ended December 31, 2025 and for each of the two years in the period ended April 30, 2025""; [0001193125-26-124232 kalv-20251231.htm] ""Product revenue, net | 49,078 | - | -""; [0001193125-26-124232 kalv-20251231.htm] ""Cash and cash equivalents | 229,342 | 131,615 | 31,789""; [0001193125-26-124232 kalv-20251231.htm] ""Marketable securities | 70,872 | 89,002 | 178,612""; [0001193125-26-124232 kalv-20251231.htm] ""Convertible notes | 139,227 | - | -""; [0001193125-26-124232 kalv-20251231.htm] ""Royalty obligation - current portion | 13,569 | - | -""; [0001193125-26-124232 kalv-20251231.htm] ""Royalty obligation - net of current portion | 119,063 | 105,882 | -""; [0001193125-26-124232 kalv-20251231.htm] ""The PSA is considered a sale of future revenues and is accounted for as long-term debt recorded at amortized cost using the effective interest rate method.""","All-cash tender offer at $27.00 per share; the release states an equity consideration of approximately $1.9bn. No enterprise value stated. Premium 40% to the April 28 2026 close (SC 14D9); the release gives only 36% to the 30-day VWAP. FISCAL YEAR CHANGE: KalVista moved its year end from April 30 to December 31 and filed a 10-KT for the eight-month transition period May 1 to Dec 31 2025, the last annual report before announcement. Revenue is that eight-month period: product revenue, net $49,078k (EKTERLY, launched in the US in July 2025; no other revenue line). The year to April 30 2025 shows no revenue, so the eight months equal the twelve months to Dec 31 2025. No 10-Q after the transition period was filed before announcement, so no TTM. Cash = cash and equivalents $229,342k + marketable securities $70,872k. Debt = convertible notes $139,227k. Royalty obligation (DRI synthetic royalty financing, described as a sale of future revenues accounted for as debt) of $13,569k current + $119,063k non-current = $132,632k excluded as a liability related to the sale of future royalties; including it would lift computed EV from about $1,739m to about $1,872m. Lease liabilities and deferred revenue excluded (USD thousands)."
ARCHIMED,Esperion Therapeutics,2026-05-01,3.16,977,1058.6,computed: equity less cash plus debt,167.9,249.5,2025-12-31,403.1,2025,,,58,0001104659-26-053482;0001104659-26-071107;0001628280-26-016522,"[0001104659-26-053482 tm2613340d1_ex99-1.htm] ""Esperion shareholders will receive $3.16 per share in cash at closing, plus the right to participate in contingent milestone payments of up to $100 million in the aggregate tied to future net sales performance.""; [0001104659-26-053482 tm2613340d1_ex99-1.htm] ""funds managed by ARCHIMED will acquire Esperion in a transaction valued at up to approximately $1.1 billion in total equity value on a fully diluted basis, assuming full achievement of certain commercial-based milestones.""; [0001104659-26-053482 tm2613340d1_ex99-1.htm] ""The upfront cash consideration represents a premium of 58% to Esperion's closing share price on April 30, 2026.""; [0001104659-26-053482 tm2613340d1_ex99-1.htm] ""in calendar year 2027 equal to (i) $40 million in the aggregate if such annual net sales are greater than $350 million or (ii) an amount between $0 and $40 million in the aggregate, determined by linear interpolation, if such annual net sales exceed $300 million but are less than $350 million""; [0001104659-26-053482 tm2613340d1_ex99-1.htm] ""equal to $60 million in the aggregate if such annual net sales equal or exceed $160 million in any single calendar year through December 31, 2030""; [0001104659-26-071107 tm2615754-2_defm14a.htm] ""option one and option two included in the April 26th proposal implied an aggregate equity value for the Company (assuming maximum payout of the proposed contingent milestone payments) of approximately $1,076 million and $1,094 million, respectively, and an implied aggregate transaction value on the same basis of approximately $1,145 million and $1,164 million, respectively; however, the upfront equity value for option one was approximately $977 million""; [0001104659-26-071107 tm2615754-2_defm14a.htm] ""For option one, the representatives of Centerview reviewed with the Board the estimated maximum face value per share of a CVR of $0.32 (resulting in aggregate estimated consideration per share of $3.48)""; [0001104659-26-071107 tm2615754-2_defm14a.htm] ""the Board directed Centerview to inform ARCHIMED that the Company was willing to proceed with a transaction on the basis of option one of the April 26th proposal""; [0001628280-26-016522 espr-20251231.htm] ""Product sales, net | 159,569 | 115,725 | 78,335""; [0001628280-26-016522 espr-20251231.htm] ""Collaboration revenue | 243,566 | 216,589 | 37,999""; [0001628280-26-016522 espr-20251231.htm] ""Total Revenues | 403,135 | 332,314 | 116,334""; [0001628280-26-016522 espr-20251231.htm] ""Cash and cash equivalents | 167,852 | 144,761""; [0001628280-26-016522 espr-20251231.htm] ""Convertible notes, net of issuance costs | - | 54,575""; [0001628280-26-016522 espr-20251231.htm] ""Convertible notes, net of issuance costs | 97,260 | 96,745""; [0001628280-26-016522 espr-20251231.htm] ""Long-term debt | 152,219 | 140,971""; [0001628280-26-016522 espr-20251231.htm] ""Royalty sale liability | 87,596 | 47,586""; [0001628280-26-016522 espr-20251231.htm] ""Royalty sale liability | 208,170 | 246,024""","CVR AND SIZE FLAG: $3.16 per share in cash at closing plus one non-tradeable CVR for up to $100m in aggregate milestone payments ($40m on 2027 US bempedoic acid net sales above $350m, pro rata from $300m; $60m if US bumetanide net sales reach $160m in any year through 2030). Offer and equity exclude the CVR. The release states a total equity value of up to approximately $1.1bn fully diluted, which assumes full CVR payout. The DEFM14A background shows the Board chose option one of the April 26 2026 proposal ($3.16 upfront; $0.32 maximum CVR per share, $3.48 total) and puts its upfront equity value at approximately $977m, used here, which is below $1bn; with maximum CVR the equity value is approximately $1,076m and aggregate transaction value approximately $1,145m (Centerview figures). Included because the stated total is at least $1bn. Premium 58% to the April 30 2026 close (upfront cash only). Private equity buyer. Revenue FY2025 total revenues $403,135k, of which product sales, net $159,569k (a minority, about 40%) and collaboration revenue $243,566k. Q1 2026 10-Q filed May 8 2026, after announcement. Cash = cash and equivalents $167,852k (no investments). Debt = convertible notes, net of issuance costs $97,260k (non-current; current portion nil) + long-term debt $152,219k. Royalty sale liability $87,596k current + $208,170k non-current = $295,766k excluded as a liability related to the sale of future royalties; including it would lift computed EV from about $1,059m to about $1,354m. Lease liabilities, accrued variable consideration and deferred revenue excluded (USD thousands)."
Angelini Pharma,Catalyst Pharmaceuticals,2026-05-07,31.5,4100,3368.3,computed: equity less cash plus debt,731.7,0,2025-12-31,589,2025,,,21,0001193125-26-210518;0001193125-26-071525,"[0001193125-26-210518 d90722dex991.htm] ""Angelini Pharma has agreed to acquire all outstanding shares of Catalyst for 31.50 USD per share in cash, for a total equity value of approximately 4.1 billion USD (equivalent to 3.5 billion euros) which represents a 21% premium to Catalyst's unaffected closing share price on April 22, 2026, the last trading day before market signs that the transaction had become public information, as well as a 28% premium to the 30-day volume-weighted average trading price to that unaffected date.""; [0001193125-26-210518 d90722dex991.htm] ""An earlier release was issued which has now been corrected.""; [0001193125-26-071525 cprx-20251231.htm] ""Product revenue, net | 588,807 | 489,327 | 396,502""; [0001193125-26-071525 cprx-20251231.htm] ""Total revenues | 588,989 | 491,734 | 398,204""; [0001193125-26-071525 cprx-20251231.htm] ""Cash and cash equivalents | 709,171 | 517,553""; [0001193125-26-071525 cprx-20251231.htm] ""Investment in equity securities | 22,536 | 21,564""; [0001193125-26-071525 cprx-20251231.htm] ""The strategic equity investment in Santhera is accounted for as an investment in equity securities""; [0001193125-26-071525 cprx-20251231.htm] ""Since Santhera shares have a readily determinable fair value""; [0001193125-26-071525 cprx-20251231.htm] ""Accrued expenses and other liabilities | 135,950 | 104,085""; [0001193125-26-071525 cprx-20251231.htm] ""Operating lease liability, net of current portion | 2,350 | 2,786""; [0001193125-26-071525 cprx-20251231.htm] ""Total liabilities | 149,711 | 123,779""","All cash at $31.50 per share; the release states a total equity value of approximately $4.1bn (the euro equivalent in the release is ignored). No enterprise value stated. The 8-K exhibit is a corrected release. Premium 21% to the April 22 2026 unaffected close, the last trading day before market signs the deal had become public (28% to the 30-day VWAP). FY2025 10-K filed Feb 25 2026; the Q1 2026 10-Q was filed after announcement, so revenue is FY2025 total revenues $588,989k (product revenue, net $588,807k). Cash = cash and equivalents $709,171k + investment in equity securities $22,536k (the strategic Santhera stake, included because Santhera shares have a readily determinable fair value; it is immaterial). No borrowings: total liabilities of $149,711k are accounts payable, accrued expenses and other liabilities, operating lease liability and other non-current liabilities, so debt is 0 (USD thousands)."
Vertex Pharmaceuticals,Crinetics Pharmaceuticals,2026-07-06,85,10000,8800,stated,,,,7.7,2025,18.1,2026-03-31,101,0001140361-26-027642;0001140361-26-030500;0001658247-26-000012;0001658247-26-000040,"[0001140361-26-027642 ef20077399_ex99-1.htm] ""Vertex will acquire Crinetics for $85.00 per share in cash, for a total equity value of approximately $10.0 billion, or approximately $8.8 billion net of estimated cash acquired.""; [0001140361-26-027642 ef20077399_ex99-1.htm] ""received approval from the U.S. Food and Drug Administration (FDA) in September 2025""; [0001140361-26-030500 ny20077458x2_defm14a.htm] ""a premium of approximately 101% over the closing price of $42.23 per share of Crinetics common stock on July 2, 2026, the last trading day prior to the announcement of the Merger Agreement""; [0001658247-26-000012 crnx-20251231.htm] ""We are a commercial-stage company following the U.S. regulatory approval and commercial launch of PALSONIFY in the fourth quarter of 2025.""; [0001658247-26-000012 crnx-20251231.htm] ""Product revenue, net | 5,420 | - | -""; [0001658247-26-000012 crnx-20251231.htm] ""Total revenue, net | 7,696 | 1,039 | 4,013""; [0001658247-26-000040 crnx-20260331.htm] ""Product revenue, net | 10,306 | -""; [0001658247-26-000040 crnx-20260331.htm] ""Total revenue | 10,734 | 361""; [0001658247-26-000040 crnx-20260331.htm] ""Cash and cash equivalents | 114,341 | 101,536""; [0001658247-26-000040 crnx-20260331.htm] ""Investment securities, amortized cost of $1,178,076 at March 31, 2026 and $924,317 at December 31, 2025 | 1,176,965 | 926,353""; [0001658247-26-000040 crnx-20260331.htm] ""TOTAL LIABILITIES | 120,677 | 134,174""","All cash at $85.00 per share. Equity value approximately $10.0bn and approximately $8.8bn net of estimated cash acquired, both stated in the release; the net-of-cash figure is recorded as stated EV. Premium approximately 101% to the $42.23 close on July 2 2026, the last trading day before announcement (DEFM14A). SMALL REVENUE BASE: PALSONIFY was FDA approved in September 2025 and launched in Q4 2025, so the multiple is several hundred times revenue and not meaningful as a comparable. TTM = FY2025 7,696 + Q1 2026 10,734 - Q1 2025 361 = 18,069 (USD thousands); product revenue, net is 5,420 in FY2025 and 10,306 in Q1 2026 (nil in Q1 2025), the rest collaboration and license revenue. Cross-check: Mar 31 2026 cash and equivalents $114,341k + investment securities $1,176,965k, no borrowings (total liabilities $120,677k, mainly payables, accruals, operating leases and deferred revenue)."
